alert_id,timestamp,strategy,symbol,signal,timeframe,evaluation_window_bars,alert_tier,alert_tier_score,tier_action,alert_mode,confidence,score,daily_pick,source_count,source_label,strategy_label,alert_intent,alert_intent_reason,ai_dispatch_label,ai_dispatch_bucket,ai_dispatch_reason,ai_prob_win,ai_expected_return_pct,ai_rank_adjustment,ai_runtime_status,ai_runtime_reason,entry_ai_label,entry_ai_bucket,entry_ai_reason,entry_ai_policy_mode,entry_ai_policy_tier,entry_ai_premium_label,entry_ai_standard_label,entry_ai_watch_label,entry_ai_strategy_policy,entry_ai_prob_entry,entry_ai_prob_watch,entry_ai_prob_avoid,entry_ai_premium_entry_threshold,entry_ai_premium_avoid_threshold,entry_ai_standard_entry_threshold,entry_ai_standard_avoid_threshold,entry_ai_watch_entry_threshold,entry_ai_watch_avoid_threshold,entry_ai_model_type,entry_ai_model_version,entry_ai_model_trained_at,entry_ai_feature_schema_version,entry_ai_label_schema_version,entry_ai_policy_schema_version,entry_ai_rank_adjustment,entry_ai_runtime_status,entry_ai_runtime_reason,short_trade_label,short_trade_bucket,short_trade_reason,short_trade_score_adjustment,short_trade_regime_aligned,sltp_live_label,sltp_live_bucket,sltp_live_reason,sltp_live_score_adjustment,sltp_live_entry_gap_pct,sltp_live_stop_risk_pct,sltp_live_target_reward_pct,sltp_live_rr_ratio,entry_price,stop_loss,take_profit,risk_reward,detected_pattern,forecast_direction,forecast_score,plan_reason,bars_since_signal,timeframe_minutes,signal_timestamp,analysis_generated_at,telegram_sent_at,analysis_latency_seconds,analysis_to_send_seconds,signal_latency_seconds,signal_age_minutes_at_analysis,signal_age_minutes_at_send,dispatch_status_label,dispatch_status_reason_group,dispatch_status_reason_detail,entry_window_max_distance_pct,entry_window_max_distance_r,max_chase_price,red_to_green_quality_score,green_flip_reclaim,min_confidence,dynamic_min_confidence,backtest_win_rate_pct,backtest_expectancy_rr,backtest_trades,cache_key,message_plain
2e3f33526f5f1cbf,2026-05-25 08:53:14,CDCVIX15,TRX-USD,SELL,15m,64,A,87.5,เข้าได้ตามแผนหลัก แต่ยังต้องเคารพ SL และจังหวะเข้า,,91.0,119.18,False,,Trade Plan,,,,,,,,,,,,,,,,,,,,,,,,,,,,,,,,,,,,,,,,,,,,,,,,,,,,0.3624836504459381,0.3705363553762436,,,None,SELL,92.0,ราคาแตะเป้าปิดทำกำไรตามแผน CDC ที่ 0.20% จากจุดเข้า,73,,,,,,,,,,,,,,,,26.0,False,69.0,67.40195370111661,91.0,,0.0,CDCVIX15|TRX-USD|SELL|2026-05-24 14:45,"🔴 CDC+VixFix 15m SELL | TRX-USD
TRX-USD
────────────────
📍 จุดอ้างอิง: 0.362484 | ราคาปัจจุบัน: 0.365060 | SL: 0.370536 | เปลี่ยนแปลง: +0.00%
📊 ความมั่นใจ: 91%
🏷️ ระดับสัญญาณ: A | Precision Setup
🧠 วิธีใช้: เข้าได้ตามแผนหลัก แต่ยังต้องเคารพ SL และจังหวะเข้า
🧪 โปรไฟล์: คัดเข้ม เน้นไม้ที่สถิติและโครงสร้างพร้อมสุด
📚 ค่าอ้างอิง: Confidence ล่าสุด 91%
✅ ใช้ตัดสินใจ: Conf 91%
🎯 ควรทำ: ถ้ามี BUY/Long เดิม ให้ปิดกำไรหรือปิดลดความเสี่ยงตามแผนนี้
🧭 แปลสัญญาณ: EXIT SELL
⚠️ หมายเหตุ: ยังไม่ใช่สัญญาณเปิด Short ใหม่ เว้นแต่โครงสร้างลงและระบบอื่นยืนยันซ้ำ
🧭 คาดทิศทาง: SELL (92/100)
📐 โครงสร้าง: ขาลง
🔄 Red->Green: score 26/100 | flip มาแล้ว 40 แท่ง
🧠 มุมมองหลัก: ราคาแตะเป้าปิดทำกำไรตามแผน CDC ที่ 0.20% จากจุดเข้า
🚨 Trigger: TAKE_PROFIT (แตะเป้าปิดทำกำไร)
────────────────
🛡️ จุดตัดขาดทุน (SL): 0.370536
🧠 หลักการวาง SL: อิงจุดที่สมมติฐานการยืดตัวหรือกลับตัวเสีย ไม่ใช่ตั้ง stop แบบตายตัว
📏 ระยะห่างถึง SL: 2.75% จากจุดเข้า
❌ Invalidation: มุมมอง SELL จะเสียเมื่อราคาทะลุ 0.370536
🎯 แผนออกทำกำไร 3 จุด
ความเสี่ยงตั้งต้นต่อไม้: 2.75%
• TP1: 0.354431 | กำไร 2.22% | ระยะห่าง 2.22% | ความเสี่ยงคงเหลือ 1.22% | แนะนำขาย 35%
• TP2: 0.347989 | กำไร 4.00% | ระยะห่าง 1.78% | ความเสี่ยงคงเหลือ 0.56% | แนะนำขาย 35%
• TP3: 0.339936 | กำไร 6.22% | ระยะห่าง 2.22% | ความเสี่ยงคงเหลือ 0.00% | แนะนำขาย 30%
────────────────
🔎 เหตุผลเชิงวิเคราะห์:
• EMA 12 ชันลงต่อเนื่องและราคาหลุด EMA เร็ว
• StochRSI อ่อนแรง โดย K/D = 79.2/86.8
• Forecast สอดคล้องกับสัญญาณฝั่ง SELL (92/100)
• สัญญาณเกิดมาแล้ว 73 แท่งบนกรอบ 15m
🧭 Timeframe Reference: Trend reference: 1H | Entry pattern: 15m
────────────────
🕒 สัญญาณล่าสุด: 2026-05-24 14:45
⏱️ เวลา: 2026-05-25 08:53
📈 ดูชาร์ตบน TradingView"
a078a932603ba527,2026-05-25 08:53:14,CDCVIX15,LINK-USD,SELL,15m,64,B,81.9,เข้าได้ แต่ควรลดขนาดไม้ลงเล็กน้อยหากราคาเริ่มไล่ห่าง,,84.8063130796364,104.84437621043276,False,,Trade Plan,,,,,,,,,,,,,,,,,,,,,,,,,,,,,,,,,,,,,,,,,,,,,,,,,,,,9.842000007629395,9.560284667015075,,,None,SELL,69.35437693212131,ถือครบ 24 แท่งของแผน CDC แล้ว จึงปิดรอบเพื่อลดการยืดเยื้อ,266,,,,,,,,,,,,,,,,16.870875386424263,False,69.0,67.40195370111661,84.8063130796364,,0.0,CDCVIX15|LINK-USD|SELL|2026-05-22 14:30,"🔴 CDC+VixFix 15m SELL | LINK-USD
LINK-USD
────────────────
📍 จุดอ้างอิง: 9.84 | ราคาปัจจุบัน: 9.42 | SL: 9.56 | เปลี่ยนแปลง: +0.00%
📊 ความมั่นใจ: 85%
🏷️ ระดับสัญญาณ: A | Precision Setup
🧠 วิธีใช้: เข้าได้ตามแผนหลัก แต่ยังต้องเคารพ SL และจังหวะเข้า
🧪 โปรไฟล์: คัดเข้ม เน้นไม้ที่สถิติและโครงสร้างพร้อมสุด
📚 ค่าอ้างอิง: Confidence ล่าสุด 85%
✅ ใช้ตัดสินใจ: Conf 85%
🎯 ควรทำ: ถ้ามี BUY/Long เดิม ให้ปิดกำไรหรือปิดลดความเสี่ยงตามแผนนี้
🧭 แปลสัญญาณ: EXIT SELL
⚠️ หมายเหตุ: ยังไม่ใช่สัญญาณเปิด Short ใหม่ เว้นแต่โครงสร้างลงและระบบอื่นยืนยันซ้ำ
🧭 คาดทิศทาง: SELL (69/100)
📐 โครงสร้าง: ขาขึ้น
🔄 Red->Green: score 17/100 | flip มาแล้ว 7 แท่ง
🧠 มุมมองหลัก: ถือครบ 24 แท่งของแผน CDC แล้ว จึงปิดรอบเพื่อลดการยืดเยื้อ
🚨 Trigger: TIME_STOP (ถือครบอายุสัญญาณ)
────────────────
🛡️ จุดตัดขาดทุน (SL): 9.56
🧠 หลักการวาง SL: อิงจุดที่สมมติฐานการยืดตัวหรือกลับตัวเสีย ไม่ใช่ตั้ง stop แบบตายตัว
📏 ระยะห่างถึง SL: 2.83% จากจุดเข้า
❌ Invalidation: มุมมอง SELL จะเสียเมื่อราคาทะลุ 9.56
🎯 แผนออกทำกำไร 3 จุด
ความเสี่ยงตั้งต้นต่อไม้: 2.83%
• TP1: 9.56 | กำไร 2.86% | ระยะห่าง 2.86% | ความเสี่ยงคงเหลือ 1.57% | แนะนำขาย 35%
• TP2: 9.33 | กำไร 5.15% | ระยะห่าง 2.29% | ความเสี่ยงคงเหลือ 0.72% | แนะนำขาย 35%
• TP3: 9.05 | กำไร 8.01% | ระยะห่าง 2.86% | ความเสี่ยงคงเหลือ 0.00% | แนะนำขาย 30%
────────────────
🔎 เหตุผลเชิงวิเคราะห์:
• StochRSI อ่อนแรง โดย K/D = 32.5/54.0
• Forecast สอดคล้องกับสัญญาณฝั่ง SELL (69/100)
• สัญญาณเกิดมาแล้ว 266 แท่งบนกรอบ 15m
🧭 Timeframe Reference: Trend reference: 1H | Entry pattern: 15m
────────────────
🕒 สัญญาณล่าสุด: 2026-05-22 14:30
⏱️ เวลา: 2026-05-25 08:53
📈 ดูชาร์ตบน TradingView"
043c4d801cc331b4,2026-05-25 13:23:46,CDCVIX15,PAXG-USD,SELL,15m,64,A,87.5,เข้าได้ตามแผนหลัก แต่ยังต้องเคารพ SL และจังหวะเข้า,,91.0,119.18,False,,Trade Plan,,,,,,,,,,,,,,,,,,,,,,,,,,,,,,,,,,,,,,,,,,,,,,,,,,,,4554.14013671875,4610.333198242188,,,None,SELL,92.0,"แนวโน้มสั้นอ่อนแรง, โซน CDC กลับเป็นลบ และโมเมนตัมเอนลง",7,,,,,,,,,,,,,,,,42.0,False,69.0,66.23122804421156,91.0,,0.0,CDCVIX15|PAXG-USD|SELL|2026-05-25 11:45,"🔴 CDC+VixFix 15m SELL | PAXG-USD
PAXG-USD
────────────────
📍 Snapshot: ราคา 4,542.20 (+0.00%)
🧭 1H Trend: UP | STRONG | ActionZone 15m, Price Action 15m
🧪 Edge: Conf 91%
🎯 Action: สามารถกด SELL/Short ตามแผนได้ หรือใช้เป็นสัญญาณปิด BUY เดิมก่อน
⚠️ Note: ไม่ควรไล่ Short ถ้าราคายังไม่หลุดจุดยืนยันหรือระยะห่างจากจุดเข้าเริ่มกว้าง
🧠 Context: Forecast SELL 92/100 | Trend ขาลง | R&gt;G 42/100 | flip 7 bars
📌 Plan: Entry 4,554.14 | SL 4,610.33
────────────────
🕒 เวลา: 2026-05-25 13:23
📈 TradingView"
dbbb2fa75cf926b2,2026-05-25 13:23:46,CDCVIX15,ETH-USD,SELL,15m,64,B,82.0,เข้าได้ แต่ควรลดขนาดไม้ลงเล็กน้อยหากราคาเริ่มไล่ห่าง,,84.85247417685407,104.89099891862261,False,,Trade Plan,,,,,,,,,,,,,,,,,,,,,,,,,,,,,,,,,,,,,,,,,,,,,,,,,,,,2131.5,2129.267049560547,,,None,SELL,69.50824725618024,ถือครบ 24 แท่งของแผน CDC แล้ว จึงปิดรอบเพื่อลดการยืดเยื้อ,448,,,,,,,,,,,,,,,,17.901649451236047,False,69.0,66.23122804421156,84.85247417685407,,0.0,CDCVIX15|ETH-USD|SELL|2026-05-20 21:30,"🔴 CDC+VixFix 15m SELL | ETH-USD
ETH-USD
────────────────
📍 Snapshot: ราคา 2,097.80 (+0.00%)
🧭 1H Trend: DOWN | STRONG | ActionZone 15m, Price Action 15m
🧪 Edge: Conf 85%
🎯 Action: ถ้ามี BUY/Long เดิม ให้ปิดกำไรหรือปิดลดความเสี่ยงตามแผนนี้
⚠️ Note: ยังไม่ใช่สัญญาณเปิด Short ใหม่ เว้นแต่โครงสร้างลงและระบบอื่นยืนยันซ้ำ
🧠 Context: Forecast SELL 70/100 | Trend ขาขึ้น | R&gt;G 18/100 | flip 7 bars
📌 Plan: Entry 2,131.50 | SL 2,129.27
────────────────
🕒 เวลา: 2026-05-25 13:23
📈 TradingView"
8ead04424906de49,2026-05-25 17:55:20,CDCVIX15,DOGE-USD,SELL,15m,64,B,73.6,เข้าได้ แต่ควรลดขนาดไม้ลงเล็กน้อยหากราคาเริ่มไล่ห่าง,,77.0,90.9,False,,Trade Plan,,,,,,,,,,,,,,,,,,,,,,,,,,,,,,,,,,,,,,,,,,,,,,,,,,,,0.10300000011920929,0.10438259888440371,,,None,BUY,92.0,ถือครบ 48 แท่งของแผน CDC แล้ว จึงปิดรอบเพื่อลดการยืดเยื้อ,137,,,,,,,,,,,,,,,,78.0,True,69.0,66.13080464816329,77.0,,0.0,CDCVIX15|DOGE-USD|SELL|2026-05-24 07:45,"🔴 CDC+VixFix 15m SELL | DOGE-USD
DOGE-USD
────────────────
📍 Snapshot: ราคา 0.102840 (+0.00%)
🧭 1H Trend: UP | STRONG | ActionZone 15m, Price Action 15m
🧪 Edge: Conf 77%
🎯 Action: ถ้ามี BUY/Long เดิม ให้ปิดกำไรหรือปิดลดความเสี่ยงตามแผนนี้
⚠️ Note: ยังไม่ใช่สัญญาณเปิด Short ใหม่ เว้นแต่โครงสร้างลงและระบบอื่นยืนยันซ้ำ
🧠 Context: Forecast BUY 92/100 | Trend ขาขึ้น | R&gt;G 78/100 | flip 5 bars | reclaim
📌 Plan: Entry 0.103000 | SL 0.104383
────────────────
🕒 เวลา: 2026-05-25 17:55
📈 TradingView"
ee98ba1f19ea8dae,2026-05-25 17:55:20,CDCVIX15,ETH-USD,SELL,15m,64,B,73.6,เข้าได้ แต่ควรลดขนาดไม้ลงเล็กน้อยหากราคาเริ่มไล่ห่าง,,77.0,84.6,False,,Trade Plan,,,,,,,,,,,,,,,,,,,,,,,,,,,,,,,,,,,,,,,,,,,,,,,,,,,,2131.5,2146.0653491210937,,,None,BUY,91.86383983889792,ถือครบ 24 แท่งของแผน CDC แล้ว จึงปิดรอบเพื่อลดการยืดเยื้อ,466,,,,,,,,,,,,,,,,77.0,True,69.0,66.13080464816329,77.0,,0.0,CDCVIX15|ETH-USD|SELL|2026-05-20 21:30,"🔴 CDC+VixFix 15m SELL | ETH-USD
ETH-USD
────────────────
📍 Snapshot: ราคา 2,114.35 (+0.00%)
🧭 1H Trend: UP | STRONG | ActionZone 15m, Price Action 15m
🧪 Edge: Conf 77%
🎯 Action: ถ้ามี BUY/Long เดิม ให้ปิดกำไรหรือปิดลดความเสี่ยงตามแผนนี้
⚠️ Note: ยังไม่ใช่สัญญาณเปิด Short ใหม่ เว้นแต่โครงสร้างลงและระบบอื่นยืนยันซ้ำ
🧠 Context: Forecast BUY 92/100 | Trend ขาขึ้น | R&gt;G 77/100 | flip 18 bars | reclaim
📌 Plan: Entry 2,131.50 | SL 2,146.07
────────────────
🕒 เวลา: 2026-05-25 17:55
📈 TradingView"
7eace477e388ca7f,2026-05-25 20:57:33,CDCVIX15,DOGE-USD,SELL,15m,64,B,82.1,เข้าได้ แต่ควรลดขนาดไม้ลงเล็กน้อยหากราคาเริ่มไล่ห่าง,,85.0,113.12,False,,Trade Plan,,,,,,,,,,,,,,,,,,,,,,,,,,,,,,,,,,,,,,,,,,,,,,,,,,,,0.10300000011920929,0.10434199668467045,,,None,BUY,92.0,ถือครบ 48 แท่งของแผน CDC แล้ว จึงปิดรอบเพื่อลดการยืดเยื้อ,149,,,,,,,,,,,,,,,,71.0,False,69.0,66.08706233528547,85.0,,0.0,CDCVIX15|DOGE-USD|SELL|2026-05-24 07:45,"🔴 CDC+VixFix 15m SELL | DOGE-USD
DOGE-USD
────────────────
📍 Snapshot: ราคา 0.102800 (+0.00%)
🧭 1H Trend: UP | STRONG | ActionZone 15m, Price Action 15m
🧪 Edge: Conf 85%
🎯 Action: ถ้ามี BUY/Long เดิม ให้ปิดกำไรหรือปิดลดความเสี่ยงตามแผนนี้
⚠️ Note: ยังไม่ใช่สัญญาณเปิด Short ใหม่ เว้นแต่โครงสร้างลงและระบบอื่นยืนยันซ้ำ
🧠 Context: Forecast BUY 92/100 | Trend ขาขึ้น | R&gt;G 71/100 | flip 2 bars | follow-through
📌 Plan: Entry 0.103000 | SL 0.104342
────────────────
🕒 เวลา: 2026-05-25 20:57
📈 TradingView"
5438078a5feea52a,2026-05-25 20:57:34,CDCVIX15,ADA-USD,SELL,15m,64,B,82.1,เข้าได้ แต่ควรลดขนาดไม้ลงเล็กน้อยหากราคาเริ่มไล่ห่าง,,85.0,105.28,False,,Trade Plan,,,,,,,,,,,,,,,,,,,,,,,,,,,,,,,,,,,,,,,,,,,,,,,,,,,,0.24609999358654022,0.24877650655806063,,,None,BUY,92.0,ถือครบ 24 แท่งของแผน CDC แล้ว จึงปิดรอบเพื่อลดการยืดเยื้อ,145,,,,,,,,,,,,,,,,87.0,True,69.0,66.08706233528547,85.0,,0.0,CDCVIX15|ADA-USD|SELL|2026-05-24 08:45,"🔴 CDC+VixFix 15m SELL | ADA-USD
ADA-USD
────────────────
📍 Snapshot: ราคา 0.245100 (+0.00%)
🧭 1H Trend: UP | STRONG | ActionZone 15m, Price Action 15m
🧪 Edge: Conf 85%
🎯 Action: ถ้ามี BUY/Long เดิม ให้ปิดกำไรหรือปิดลดความเสี่ยงตามแผนนี้
⚠️ Note: ยังไม่ใช่สัญญาณเปิด Short ใหม่ เว้นแต่โครงสร้างลงและระบบอื่นยืนยันซ้ำ
🧠 Context: Forecast BUY 92/100 | Trend ขาขึ้น | R&gt;G 87/100 | flip 2 bars | reclaim
📌 Plan: Entry 0.246100 | SL 0.248777
────────────────
🕒 เวลา: 2026-05-25 20:57
📈 TradingView"
fd95e1303420559e,2026-05-25 23:23:27,CDCVIX15,TRX-USD,SELL,15m,64,B,82.1,เข้าได้ แต่ควรลดขนาดไม้ลงเล็กน้อยหากราคาเริ่มไล่ห่าง,,85.0,105.28,False,,Trade Plan,,,,,,,,,,,,,,,,,,,,,,,,,,,,,,,,,,,,,,,,,,,,,,,,,,,,0.3624836504459381,0.3772505934536457,,,None,BUY,92.0,ราคาแตะเป้าปิดทำกำไรตามแผน CDC ที่ 0.20% จากจุดเข้า,131,,,,,,,,,,,,,,,,88.0,True,69.0,66.17022534668264,85.0,,0.0,CDCVIX15|TRX-USD|SELL|2026-05-24 14:45,"🔴 CDC+VixFix 15m SELL | TRX-USD
TRX-USD
────────────────
📍 Snapshot: ราคา 0.371675 (+0.00%)
🧭 1H Trend: UP | STRONG | ActionZone 15m, Price Action 15m
🧪 Edge: Conf 85%
🎯 Action: ถ้ามี BUY/Long เดิม ให้ปิดกำไรหรือปิดลดความเสี่ยงตามแผนนี้
⚠️ Note: ยังไม่ใช่สัญญาณเปิด Short ใหม่ เว้นแต่โครงสร้างลงและระบบอื่นยืนยันซ้ำ
🧠 Context: Forecast BUY 92/100 | Trend ขาขึ้น | R&gt;G 88/100 | flip 2 bars | reclaim
📌 Plan: Entry 0.362484 | SL 0.377251
────────────────
🕒 เวลา: 2026-05-25 23:23
📈 TradingView"
4a05ae0bf0ab87e1,2026-05-25 23:23:27,CDCVIX15,PAXG-USD,SELL,15m,64,B,77.6,เข้าได้ แต่ควรลดขนาดไม้ลงเล็กน้อยหากราคาเริ่มไล่ห่าง,,80.7765898409289,97.2393557393382,False,,Trade Plan,,,,,,,,,,,,,,,,,,,,,,,,,,,,,,,,,,,,,,,,,,,,,,,,,,,,4554.14013671875,4627.821628417969,,,None,BUY,75.9219661364297,ถือครบ 24 แท่งของแผน CDC แล้ว จึงปิดรอบเพื่อลดการยืดเยื้อ,47,,,,,,,,,,,,,,,,91.18439322728594,True,69.0,66.17022534668264,80.7765898409289,,0.0,CDCVIX15|PAXG-USD|SELL|2026-05-25 11:45,"🔴 CDC+VixFix 15m SELL | PAXG-USD
PAXG-USD
────────────────
📍 Snapshot: ราคา 4,559.43 (+0.00%)
🧭 1H Trend: UP | STRONG | ActionZone 15m, Price Action 15m
🧪 Edge: Conf 81%
🎯 Action: ถ้ามี BUY/Long เดิม ให้ปิดกำไรหรือปิดลดความเสี่ยงตามแผนนี้
⚠️ Note: ยังไม่ใช่สัญญาณเปิด Short ใหม่ เว้นแต่โครงสร้างลงและระบบอื่นยืนยันซ้ำ
🧠 Context: Forecast BUY 76/100 | Trend ขาขึ้น | R&gt;G 91/100 | flip 10 bars | reclaim
📌 Plan: Entry 4,554.14 | SL 4,627.82
────────────────
🕒 เวลา: 2026-05-25 23:23
📈 TradingView"
b9b935caf0e84bc3,2026-05-26 01:08:19,CDCVIX15,ADA-USD,SELL,15m,64,B,82.1,เข้าได้ แต่ควรลดขนาดไม้ลงเล็กน้อยหากราคาเริ่มไล่ห่าง,,85.0,105.28,False,,Trade Plan,,,,,,,,,,,,,,,,,,,,,,,,,,,,,,,,,,,,,,,,,,,,,,,,,,,,0.24609999358654022,0.25060350723564623,,,None,BUY,92.0,ราคาแตะเป้าปิดทำกำไรตามแผน CDC ที่ 0.20% จากจุดเข้า,162,,,,,,,,,,,,,,,,80.0,False,69.0,66.17383515908003,85.0,,0.0,CDCVIX15|ADA-USD|SELL|2026-05-24 08:45,"🔴 CDC+VixFix 15m SELL | ADA-USD
ADA-USD
────────────────
📍 Snapshot: ราคา 0.246900 (+0.00%)
🧭 1H Trend: UP | STRONG | ActionZone 15m, Price Action 15m
🧪 Edge: Conf 85%
🎯 Action: ถ้ามี BUY/Long เดิม ให้ปิดกำไรหรือปิดลดความเสี่ยงตามแผนนี้
⚠️ Note: ยังไม่ใช่สัญญาณเปิด Short ใหม่ เว้นแต่โครงสร้างลงและระบบอื่นยืนยันซ้ำ
🧠 Context: Forecast BUY 92/100 | Trend ขาขึ้น | R&gt;G 80/100 | flip 1 bars
📌 Plan: Entry 0.246100 | SL 0.250604
────────────────
🕒 เวลา: 2026-05-26 01:08
📈 TradingView"
4aee6c056debe2a7,2026-05-26 01:08:19,CDCVIX15,NEAR-USD,BUY,15m,64,A,87.5,เข้าได้ตามแผนหลัก แต่ยังต้องเคารพ SL และจังหวะเข้า,,95.0,103.04,False,,Trade Plan,,,,,,,,,,,,,,,,,,,,,,,,,,,,,,,,,,,,,,,,,,,,,,,,,,,,2.750999927520752,2.6380714178085327,,,Bullish Pinbar,BUY,92.0,"CDC ยังหนุนขาขึ้น, เพิ่งมี VixFix spike ฝั่ง panic low และโมเมนตัมเริ่มฟื้น",0,,,,,,,,,,,,,,,,61.0,True,69.0,66.17383515908003,95.0,,0.0,CDCVIX15|NEAR-USD|BUY|2026-05-26 01:08,"🟢 CDC+VixFix 15m BUY | NEAR-USD
NEAR-USD
────────────────
📍 Snapshot: ราคา 2.75 (+0.00%)
🧭 1H Trend: UP | STRONG | ActionZone 15m, Price Action 15m
🧪 Edge: Conf 95%
🎯 Action: ถ้ายังไม่มีสถานะ สามารถกด BUY/Long ตามแผนได้
⚠️ Note: ถ้ามี Short เดิม ควรปิด Short ก่อนแล้วค่อยเปิด BUY
🧠 Context: Forecast BUY 92/100 | Trend ขาขึ้น | R&gt;G 61/100 | flip 36 bars | reclaim
📌 Plan: Entry 2.75 | SL 2.64
────────────────
🕒 เวลา: 2026-05-26 01:08
📈 TradingView"
3b0a922d3943c382,2026-05-26 02:57:56,CDCVIX15,BTC-USD,SELL,15m,64,A,87.5,เข้าได้ตามแผนหลัก แต่ยังต้องเคารพ SL และจังหวะเข้า,,91.0,119.18,False,,Trade Plan,,,,,,,,,,,,,,,,,,,,,,,,,,,,,,,,,,,,,,,,,,,,,,,,,,,,76571.453125,78530.3596875,,,None,SELL,92.0,ราคาแตะเป้าปิดทำกำไรตามแผน CDC ที่ 0.20% จากจุดเข้า,180,,,,,,,,,,,,,,,,26.0,False,69.0,66.1361717493443,91.0,,0.0,CDCVIX15|BTC-USD|SELL|2026-05-24 06:00,"🔴 CDC+VixFix 15m SELL | BTC-USD
BTC-USD
────────────────
📍 Snapshot: ราคา 77,369.81 (+0.00%)
🧭 1H Trend: UP | STRONG | ActionZone 15m, Price Action 15m
🧪 Edge: Conf 91%
🎯 Action: ถ้ามี BUY/Long เดิม ให้ปิดกำไรหรือปิดลดความเสี่ยงตามแผนนี้
⚠️ Note: ยังไม่ใช่สัญญาณเปิด Short ใหม่ เว้นแต่โครงสร้างลงและระบบอื่นยืนยันซ้ำ
🧠 Context: Forecast SELL 92/100 | Trend ขาลง | R&gt;G 26/100 | flip 8 bars
📌 Plan: Entry 76,571.45 | SL 78,530.36
────────────────
🕒 เวลา: 2026-05-26 02:57
📈 TradingView"
c818dc5b97330d5f,2026-05-26 02:57:56,CDCVIX15,DOGE-USD,SELL,15m,64,A,87.5,เข้าได้ตามแผนหลัก แต่ยังต้องเคารพ SL และจังหวะเข้า,,91.0,119.18,False,,Trade Plan,,,,,,,,,,,,,,,,,,,,,,,,,,,,,,,,,,,,,,,,,,,,,,,,,,,,0.10300000011920929,0.10416944678872823,,,None,SELL,92.0,ถือครบ 48 แท่งของแผน CDC แล้ว จึงปิดรอบเพื่อลดการยืดเยื้อ,173,,,,,,,,,,,,,,,,40.0,False,69.0,66.1361717493443,91.0,,0.0,CDCVIX15|DOGE-USD|SELL|2026-05-24 07:45,"🔴 CDC+VixFix 15m SELL | DOGE-USD
DOGE-USD
────────────────
📍 Snapshot: ราคา 0.102630 (+0.00%)
🧭 1H Trend: UP | STRONG | ActionZone 15m, Price Action 15m
🧪 Edge: Conf 91%
🎯 Action: ถ้ามี BUY/Long เดิม ให้ปิดกำไรหรือปิดลดความเสี่ยงตามแผนนี้
⚠️ Note: ยังไม่ใช่สัญญาณเปิด Short ใหม่ เว้นแต่โครงสร้างลงและระบบอื่นยืนยันซ้ำ
🧠 Context: Forecast SELL 92/100 | Trend ขาลง | R&gt;G 40/100 | flip 15 bars
📌 Plan: Entry 0.103000 | SL 0.104169
────────────────
🕒 เวลา: 2026-05-26 02:57
📈 TradingView"
ac982df0d3e99c02,2026-05-26 04:10:47,CDCVIX15,ETH-USD,SELL,15m,64,B,80.0,เข้าได้ แต่ควรลดขนาดไม้ลงเล็กน้อยหากราคาเริ่มไล่ห่าง,,83.0,92.58999999999999,False,,Trade Plan,,,,,,,,,,,,,,,,,,,,,,,,,,,,,,,,,,,,,,,,,,,,,,,,,,,,2125.889892578125,2141.3352905273437,,,None,SELL,92.0,ถือครบ 24 แท่งของแผน CDC แล้ว จึงปิดรอบเพื่อลดการยืดเยื้อ,28,,,,,,,,,,,,,,,,22.0,False,69.0,66.15165228051177,83.0,,0.0,CDCVIX15|ETH-USD|SELL|2026-05-25 21:15,"🔴 CDC+VixFix 15m SELL | ETH-USD
ETH-USD
────────────────
📍 Snapshot: ราคา 2,109.69 (+0.00%)
🧭 1H Trend: UP | STRONG | ActionZone 15m, Price Action 15m
🧪 Edge: Conf 83%
🎯 Action: ถ้ามี BUY/Long เดิม ให้ปิดกำไรหรือปิดลดความเสี่ยงตามแผนนี้
⚠️ Note: ยังไม่ใช่สัญญาณเปิด Short ใหม่ เว้นแต่โครงสร้างลงและระบบอื่นยืนยันซ้ำ
🧠 Context: Forecast SELL 92/100 | Trend ขาลง | R&gt;G 22/100 | flip 13 bars
📌 Plan: Entry 2,125.89 | SL 2,141.34
────────────────
🕒 เวลา: 2026-05-26 04:10
📈 TradingView"
56ff842acb3d3095,2026-05-26 04:10:48,CDCVIX15,NEAR-USD,SELL,15m,64,B,73.6,เข้าได้ แต่ควรลดขนาดไม้ลงเล็กน้อยหากราคาเริ่มไล่ห่าง,,77.0,90.9,False,,Trade Plan,,,,,,,,,,,,,,,,,,,,,,,,,,,,,,,,,,,,,,,,,,,,,,,,,,,,2.736999988555908,2.8777856826782227,,,None,BUY,92.0,ราคาแตะเป้าปิดทำกำไรตามแผน CDC ที่ 0.20% จากจุดเข้า,9,,,,,,,,,,,,,,,,94.0,True,69.0,66.15165228051177,77.0,,0.0,CDCVIX15|NEAR-USD|SELL|2026-05-26 02:00,"🔴 CDC+VixFix 15m SELL | NEAR-USD
NEAR-USD
────────────────
📍 Snapshot: ราคา 2.77 (+0.00%)
🧭 1H Trend: UP | STRONG | ActionZone 15m, Price Action 15m
🧪 Edge: Conf 77%
🎯 Action: ถ้ามี BUY/Long เดิม ให้ปิดกำไรหรือปิดลดความเสี่ยงตามแผนนี้
⚠️ Note: ยังไม่ใช่สัญญาณเปิด Short ใหม่ เว้นแต่โครงสร้างลงและระบบอื่นยืนยันซ้ำ
🧠 Context: Forecast BUY 92/100 | Trend ขาขึ้น | R&gt;G 94/100 | flip 2 bars | reclaim
📌 Plan: Entry 2.74 | SL 2.88
────────────────
🕒 เวลา: 2026-05-26 04:10
📈 TradingView"
ee49990f7c144cdb,2026-05-26 05:17:12,CDCVIX15,LINK-USD,SELL,15m,64,B,79.4,เข้าได้ แต่ควรลดขนาดไม้ลงเล็กน้อยหากราคาเริ่มไล่ห่าง,,82.41261269158107,92.03785593008621,False,,Trade Plan,,,,,,,,,,,,,,,,,,,,,,,,,,,,,,,,,,,,,,,,,,,,,,,,,,,,9.842000007629395,9.650620379447936,,,None,SELL,88.04204230527026,ถือครบ 24 แท่งของแผน CDC แล้ว จึงปิดรอบเพื่อลดการยืดเยื้อ,348,,,,,,,,,,,,,,,,26.0,False,69.0,66.12759821284814,82.41261269158107,,0.0,CDCVIX15|LINK-USD|SELL|2026-05-22 14:30,"🔴 CDC+VixFix 15m SELL | LINK-USD
LINK-USD
────────────────
📍 Snapshot: ราคา 9.51 (+0.00%)
🧭 1H Trend: DOWN | STRONG | ActionZone 15m, Price Action 15m
🧪 Edge: Conf 82%
🎯 Action: ถ้ามี BUY/Long เดิม ให้ปิดกำไรหรือปิดลดความเสี่ยงตามแผนนี้
⚠️ Note: ยังไม่ใช่สัญญาณเปิด Short ใหม่ เว้นแต่โครงสร้างลงและระบบอื่นยืนยันซ้ำ
🧠 Context: Forecast SELL 88/100 | Trend ขาลง | R&gt;G 26/100 | flip 18 bars
📌 Plan: Entry 9.84 | SL 9.65
────────────────
🕒 เวลา: 2026-05-26 05:17
📈 TradingView"
8f8a417cab2bff85,2026-05-26 05:17:12,CDCVIX15,ADA-USD,SELL,15m,64,B,77.6,เข้าได้ แต่ควรลดขนาดไม้ลงเล็กน้อยหากราคาเริ่มไล่ห่าง,,80.79631503115196,90.51853612928284,False,,Trade Plan,,,,,,,,,,,,,,,,,,,,,,,,,,,,,,,,,,,,,,,,,,,,,,,,,,,,0.24609999358654022,0.24776150450110435,,,None,SELL,82.65438343717321,ถือครบ 24 แท่งของแผน CDC แล้ว จึงปิดรอบเพื่อลดการยืดเยื้อ,179,,,,,,,,,,,,,,,,16.0,False,69.0,66.12759821284814,80.79631503115196,,0.0,CDCVIX15|ADA-USD|SELL|2026-05-24 08:45,"🔴 CDC+VixFix 15m SELL | ADA-USD
ADA-USD
────────────────
📍 Snapshot: ราคา 0.244100 (+0.00%)
🧭 1H Trend: DOWN | STRONG | ActionZone 15m, Price Action 15m
🧪 Edge: Conf 81%
🎯 Action: ถ้ามี BUY/Long เดิม ให้ปิดกำไรหรือปิดลดความเสี่ยงตามแผนนี้
⚠️ Note: ยังไม่ใช่สัญญาณเปิด Short ใหม่ เว้นแต่โครงสร้างลงและระบบอื่นยืนยันซ้ำ
🧠 Context: Forecast SELL 83/100 | Trend ขาลง | R&gt;G 16/100 | flip 18 bars
📌 Plan: Entry 0.246100 | SL 0.247762
────────────────
🕒 เวลา: 2026-05-26 05:17
📈 TradingView"
0c5e41c9229f7366,2026-05-26 06:37:44,CDCVIX15,PAXG-USD,SELL,15m,64,A,87.5,เข้าได้ตามแผนหลัก แต่ยังต้องเคารพ SL และจังหวะเข้า,,91.0,119.18,False,,Trade Plan,,,,,,,,,,,,,,,,,,,,,,,,,,,,,,,,,,,,,,,,,,,,,,,,,,,,4554.14013671875,4614.19,,,None,SELL,92.0,ถือครบ 24 แท่งของแผน CDC แล้ว จึงปิดรอบเพื่อลดการยืดเยื้อ,76,,,,,,,,,,,,,,,,11.0,False,69.0,66.17449363651053,91.0,,0.0,CDCVIX15|PAXG-USD|SELL|2026-05-25 11:45,"🔴 CDC+VixFix 15m SELL | PAXG-USD
PAXG-USD
────────────────
📍 Snapshot: ราคา 4,546.00 (+0.00%)
🧭 1H Trend: UP | STRONG | ActionZone 15m, Price Action 15m
🧪 Edge: Conf 91%
🎯 Action: ถ้ามี BUY/Long เดิม ให้ปิดกำไรหรือปิดลดความเสี่ยงตามแผนนี้
⚠️ Note: ยังไม่ใช่สัญญาณเปิด Short ใหม่ เว้นแต่โครงสร้างลงและระบบอื่นยืนยันซ้ำ
🧠 Context: Forecast SELL 92/100 | Trend ขาลง | R&gt;G 11/100 | flip 7 bars
📌 Plan: Entry 4,554.14 | SL 4,614.19
────────────────
🕒 เวลา: 2026-05-26 06:37
📈 TradingView"
b64e52986d8bb140,2026-05-26 06:37:45,CDCVIX15,XRP-USD,SELL,15m,64,A,87.5,เข้าได้ตามแผนหลัก แต่ยังต้องเคารพ SL และจังหวะเข้า,,91.0,110.91999999999999,False,,Trade Plan,,,,,,,,,,,,,,,,,,,,,,,,,,,,,,,,,,,,,,,,,,,,,,,,,,,,1.3565000295639038,1.3697424399852753,,,None,SELL,92.0,ถือครบ 48 แท่งของแผน CDC แล้ว จึงปิดรอบเพื่อลดการยืดเยื้อ,195,,,,,,,,,,,,,,,,25.0,False,69.0,66.17449363651053,91.0,,0.0,CDCVIX15|XRP-USD|SELL|2026-05-24 06:00,"🔴 CDC+VixFix 15m SELL | XRP-USD
XRP-USD
────────────────
📍 Snapshot: ราคา 1.35 (+0.00%)
🧭 1H Trend: DOWN | STRONG | ActionZone 15m, Price Action 15m
🧪 Edge: Conf 91%
🎯 Action: ถ้ามี BUY/Long เดิม ให้ปิดกำไรหรือปิดลดความเสี่ยงตามแผนนี้
⚠️ Note: ยังไม่ใช่สัญญาณเปิด Short ใหม่ เว้นแต่โครงสร้างลงและระบบอื่นยืนยันซ้ำ
🧠 Context: Forecast SELL 92/100 | Trend ขาลง | R&gt;G 25/100 | flip 29 bars
📌 Plan: Entry 1.36 | SL 1.37
────────────────
🕒 เวลา: 2026-05-26 06:37
📈 TradingView"
96ede72a0e720584,2026-05-26 08:29:29,CDCVIX15,PAXG-USD,SELL,15m,64,A,87.5,เข้าได้ตามแผนหลัก แต่ยังต้องเคารพ SL และจังหวะเข้า,,91.0,119.18,False,,Trade Plan,,,,,,,,,,,,,,,,,,,,,,,,,,,,,,,,,,,,,,,,,,,,,,,,,,,,4554.14013671875,4601.75625,,,None,SELL,92.0,ถือครบ 24 แท่งของแผน CDC แล้ว จึงปิดรอบเพื่อลดการยืดเยื้อ,72,,,,,,,,,,,,,,,,30.0,False,69.0,66.24856636257495,91.0,,0.0,CDCVIX15|PAXG-USD|SELL|2026-05-25 11:45,"🔴 CDC+VixFix 15m SELL | PAXG-USD
PAXG-USD
────────────────
📍 Snapshot: ราคา 4,533.75 (+0.00%)
🧭 1H Trend: DOWN | STRONG | ActionZone 15m, Price Action 15m
🧪 Edge: Conf 91%
🎯 Action: ถ้ามี BUY/Long เดิม ให้ปิดกำไรหรือปิดลดความเสี่ยงตามแผนนี้
⚠️ Note: ยังไม่ใช่สัญญาณเปิด Short ใหม่ เว้นแต่โครงสร้างลงและระบบอื่นยืนยันซ้ำ
🧠 Context: Forecast SELL 92/100 | Trend ขาลง | R&gt;G 30/100 | flip 9 bars
📌 Plan: Entry 4,554.14 | SL 4,601.76
────────────────
🕒 เวลา: 2026-05-26 08:29
📈 TradingView"
ef8e3adb679a8467,2026-05-26 08:29:29,CDCVIX15,ADA-USD,SELL,15m,64,A,87.5,เข้าได้ตามแผนหลัก แต่ยังต้องเคารพ SL และจังหวะเข้า,,91.0,110.91999999999999,False,,Trade Plan,,,,,,,,,,,,,,,,,,,,,,,,,,,,,,,,,,,,,,,,,,,,,,,,,,,,0.24609999358654022,0.2445134948939085,,,None,SELL,92.0,ถือครบ 24 แท่งของแผน CDC แล้ว จึงปิดรอบเพื่อลดการยืดเยื้อ,180,,,,,,,,,,,,,,,,16.0,False,69.0,66.24856636257495,91.0,,0.0,CDCVIX15|ADA-USD|SELL|2026-05-24 08:45,"🔴 CDC+VixFix 15m SELL | ADA-USD
ADA-USD
────────────────
📍 Snapshot: ราคา 0.240900 (+0.00%)
🧭 1H Trend: DOWN | STRONG | ActionZone 15m, Price Action 15m
🧪 Edge: Conf 91%
🎯 Action: ถ้ามี BUY/Long เดิม ให้ปิดกำไรหรือปิดลดความเสี่ยงตามแผนนี้
⚠️ Note: ยังไม่ใช่สัญญาณเปิด Short ใหม่ เว้นแต่โครงสร้างลงและระบบอื่นยืนยันซ้ำ
🧠 Context: Forecast SELL 92/100 | Trend ขาลง | R&gt;G 16/100 | flip 19 bars
📌 Plan: Entry 0.246100 | SL 0.244513
────────────────
🕒 เวลา: 2026-05-26 08:29
📈 TradingView"
0c62f4e72e9e89f5,2026-05-26 12:44:12,CDCVIX15,PAXG-USD,SELL,15m,64,A,87.5,เข้าได้ตามแผนหลัก แต่ยังต้องเคารพ SL และจังหวะเข้า,,91.0,110.91999999999999,False,,Trade Plan,,,,,,,,,,,,,,,,,,,,,,,,,,,,,,,,,,,,,,,,,,,,,,,,,,,,4554.14013671875,4588.3075,,,None,SELL,92.0,ถือครบ 24 แท่งของแผน CDC แล้ว จึงปิดรอบเพื่อลดการยืดเยื้อ,100,,,,,,,,,,,,,,,,1.0,False,69.0,66.17844349486708,91.0,,0.0,CDCVIX15|PAXG-USD|SELL|2026-05-25 11:45,"🔴 CDC+VixFix 15m SELL | PAXG-USD
PAXG-USD
────────────────
📍 Snapshot: ราคา 4,520.50 (+0.00%)
🧭 1H Trend: DOWN | STRONG | ActionZone 15m, Price Action 15m
🧪 Edge: Conf 91%
🎯 Action: ถ้ามี BUY/Long เดิม ให้ปิดกำไรหรือปิดลดความเสี่ยงตามแผนนี้
⚠️ Note: ยังไม่ใช่สัญญาณเปิด Short ใหม่ เว้นแต่โครงสร้างลงและระบบอื่นยืนยันซ้ำ
🧠 Context: Forecast SELL 92/100 | Trend ขาลง | R&gt;G 1/100 | flip 31 bars
📌 Plan: Entry 4,554.14 | SL 4,588.31
────────────────
🕒 เวลา: 2026-05-26 12:44
📈 TradingView"
fa2ecced839efb1b,2026-05-26 12:44:12,CDCVIX15,NEAR-USD,SELL,15m,64,B,79.9,เข้าได้ แต่ควรลดขนาดไม้ลงเล็กน้อยหากราคาเริ่มไล่ห่าง,,82.94845284954758,92.54154567857472,False,,Trade Plan,,,,,,,,,,,,,,,,,,,,,,,,,,,,,,,,,,,,,,,,,,,,,,,,,,,,2.736999988555908,2.8562144381659373,,,None,BUY,83.16150949849195,ราคาแตะเป้าปิดทำกำไรตามแผน CDC ที่ 0.20% จากจุดเข้า,43,,,,,,,,,,,,,,,,49.0,False,69.0,66.17844349486708,82.94845284954758,,0.0,CDCVIX15|NEAR-USD|SELL|2026-05-26 02:00,"🔴 CDC+VixFix 15m SELL | NEAR-USD
NEAR-USD
────────────────
📍 Snapshot: ราคา 2.76 (+0.00%)
🧭 1H Trend: UP | STRONG | ActionZone 15m, Price Action 15m
🧪 Edge: Conf 83%
🎯 Action: ถ้ามี BUY/Long เดิม ให้ปิดกำไรหรือปิดลดความเสี่ยงตามแผนนี้
⚠️ Note: ยังไม่ใช่สัญญาณเปิด Short ใหม่ เว้นแต่โครงสร้างลงและระบบอื่นยืนยันซ้ำ
🧠 Context: Forecast BUY 83/100 | Trend ขาขึ้น | R&gt;G 49/100 | flip 6 bars
📌 Plan: Entry 2.74 | SL 2.86
────────────────
🕒 เวลา: 2026-05-26 12:44
📈 TradingView"
3f0ed5e70a14b3de,2026-05-26 15:55:57,CDCVIX15,PAXG-USD,SELL,15m,64,A,87.5,เข้าได้ตามแผนหลัก แต่ยังต้องเคารพ SL และจังหวะเข้า,,91.0,119.18,False,,Trade Plan,,,,,,,,,,,,,,,,,,,,,,,,,,,,,,,,,,,,,,,,,,,,,,,,,,,,4554.14013671875,4584.998837890625,,,None,SELL,91.80152962347731,ถือครบ 24 แท่งของแผน CDC แล้ว จึงปิดรอบเพื่อลดการยืดเยื้อ,113,,,,,,,,,,,,,,,,1.0,False,69.0,67.13658517525577,91.0,,0.0,CDCVIX15|PAXG-USD|SELL|2026-05-25 11:45,"🔴 CDC+VixFix 15m SELL | PAXG-USD
PAXG-USD
────────────────
📍 Snapshot: ราคา 4,517.24 (+0.00%)
🧭 1H Trend: DOWN | STRONG | ActionZone 15m, Price Action 15m
🧪 Edge: Conf 91%
🎯 Action: ถ้ามี BUY/Long เดิม ให้ปิดกำไรหรือปิดลดความเสี่ยงตามแผนนี้
⚠️ Note: ยังไม่ใช่สัญญาณเปิด Short ใหม่ เว้นแต่โครงสร้างลงและระบบอื่นยืนยันซ้ำ
🧠 Context: Forecast SELL 92/100 | Trend ขาลง | R&gt;G 1/100 | flip 44 bars
📌 Plan: Entry 4,554.14 | SL 4,585.00
────────────────
🕒 เวลา: 2026-05-26 15:55
📈 TradingView"
a861172cef053d57,2026-05-26 15:55:58,CDCVIX15,BTC-USD,SELL,15m,64,B,84.8,เข้าได้ แต่ควรลดขนาดไม้ลงเล็กน้อยหากราคาเริ่มไล่ห่าง,,87.4569328655934,115.60150219424933,False,,Trade Plan,,,,,,,,,,,,,,,,,,,,,,,,,,,,,,,,,,,,,,,,,,,,,,,,,,,,76571.453125,77832.48375,,,None,SELL,78.18977621864468,ถือครบ 24 แท่งของแผน CDC แล้ว จึงปิดรอบเพื่อลดการยืดเยื้อ,232,,,,,,,,,,,,,,,,29.63795524372894,False,69.0,67.13658517525577,87.4569328655934,,0.0,CDCVIX15|BTC-USD|SELL|2026-05-24 06:00,"🔴 CDC+VixFix 15m SELL | BTC-USD
BTC-USD
────────────────
📍 Snapshot: ราคา 76,682.25 (+0.00%)
🧭 1H Trend: DOWN | STRONG | ActionZone 15m, Price Action 15m
🧪 Edge: Conf 87%
🎯 Action: ถ้ามี BUY/Long เดิม ให้ปิดกำไรหรือปิดลดความเสี่ยงตามแผนนี้
⚠️ Note: ยังไม่ใช่สัญญาณเปิด Short ใหม่ เว้นแต่โครงสร้างลงและระบบอื่นยืนยันซ้ำ
🧠 Context: Forecast SELL 78/100 | Trend ขาลง | R&gt;G 30/100 | flip 60 bars
📌 Plan: Entry 76,571.45 | SL 77,832.48
────────────────
🕒 เวลา: 2026-05-26 15:55
📈 TradingView"
b8fbf0f34ad341f9,2026-05-26 23:08:14,CDCVIX15,BNB-USD,SELL,15m,64,A,87.5,เข้าได้ตามแผนหลัก แต่ยังต้องเคารพ SL และจังหวะเข้า,,95.0,123.22,False,,Trade Plan,,,,,,,,,,,,,,,,,,,,,,,,,,,,,,,,,,,,,,,,,,,,,,,,,,,,665.0599975585938,668.5703524780273,,,None,SELL,92.0,ถือครบ 24 แท่งของแผน CDC แล้ว จึงปิดรอบเพื่อลดการยืดเยื้อ,113,,,,,,,,,,,,,,,,32.0,False,69.0,67.59071047545622,95.0,,0.0,CDCVIX15|BNB-USD|SELL|2026-05-25 19:00,"🔴 CDC+VixFix 15m SELL | BNB-USD
BNB-USD
────────────────
📍 Snapshot: ราคา 658.69 (+0.00%)
🧭 1H Trend: DOWN | STRONG | ActionZone 15m, Price Action 15m
🧪 Edge: Conf 95%
🎯 Action: ถ้ามี BUY/Long เดิม ให้ปิดกำไรหรือปิดลดความเสี่ยงตามแผนนี้
⚠️ Note: ยังไม่ใช่สัญญาณเปิด Short ใหม่ เว้นแต่โครงสร้างลงและระบบอื่นยืนยันซ้ำ
🧠 Context: Forecast SELL 92/100 | Trend ขาลง | R&gt;G 32/100 | flip 5 bars
📌 Plan: Entry 665.06 | SL 668.57
────────────────
🕒 เวลา: 2026-05-26 23:08
📈 TradingView"
e805d35a3cbb1a4d,2026-05-26 23:08:14,CDCVIX15,BTC-USD,SELL,15m,64,A,87.5,เข้าได้ตามแผนหลัก แต่ยังต้องเคารพ SL และจังหวะเข้า,,91.0,119.18,False,,Trade Plan,,,,,,,,,,,,,,,,,,,,,,,,,,,,,,,,,,,,,,,,,,,,,,,,,,,,77420.3203125,77469.53180803571,,,None,SELL,92.0,"แนวโน้มสั้นอ่อนแรง, โซน CDC กลับเป็นลบ และโมเมนตัมเอนลง",23,,,,,,,,,,,,,,,,32.0,False,69.0,67.59071047545622,91.0,,0.0,CDCVIX15|BTC-USD|SELL|2026-05-26 17:30,"🔴 CDC+VixFix 15m SELL | BTC-USD
BTC-USD
────────────────
📍 Snapshot: ราคา 76,302.64 (+0.00%)
🧭 1H Trend: DOWN | STRONG | ActionZone 15m, Price Action 15m
🧪 Edge: Conf 91%
🎯 Action: สามารถกด SELL/Short ตามแผนได้ หรือใช้เป็นสัญญาณปิด BUY เดิมก่อน
⚠️ Note: ไม่ควรไล่ Short ถ้าราคายังไม่หลุดจุดยืนยันหรือระยะห่างจากจุดเข้าเริ่มกว้าง
🧠 Context: Forecast SELL 92/100 | Trend ขาลง | R&gt;G 32/100 | flip 10 bars
📌 Plan: Entry 77,420.32 | SL 77,469.53
────────────────
🕒 เวลา: 2026-05-26 23:08
📈 TradingView"
3536b96addba6123,2026-05-27 01:36:42,CDCVIX15,TRX-USD,SELL,15m,64,A,87.5,เข้าได้ตามแผนหลัก แต่ยังต้องเคารพ SL และจังหวะเข้า,,91.0,110.91999999999999,False,,Trade Plan,,,,,,,,,,,,,,,,,,,,,,,,,,,,,,,,,,,,,,,,,,,,,,,,,,,,0.374762624502182,0.37960880309343337,,,None,SELL,92.0,"แนวโน้มสั้นอ่อนแรง, โซน CDC กลับเป็นลบ และโมเมนตัมเอนลง",16,,,,,,,,,,,,,,,,46.0,False,69.0,66.66578716512623,91.0,,0.0,CDCVIX15|TRX-USD|SELL|2026-05-26 21:45,"🔴 CDC+VixFix 15m SELL | TRX-USD
TRX-USD
────────────────
📍 Snapshot: ราคา 0.373999 (+0.00%)
🧭 1H Trend: UP | STRONG | ActionZone 15m, Price Action 15m
🧪 Edge: Conf 91%
🎯 Action: สามารถกด SELL/Short ตามแผนได้ หรือใช้เป็นสัญญาณปิด BUY เดิมก่อน
⚠️ Note: ไม่ควรไล่ Short ถ้าราคายังไม่หลุดจุดยืนยันหรือระยะห่างจากจุดเข้าเริ่มกว้าง
🧠 Context: Forecast SELL 92/100 | Trend ขาลง | R&gt;G 46/100 | flip 16 bars
📌 Plan: Entry 0.374763 | SL 0.379609
────────────────
🕒 เวลา: 2026-05-27 01:36
📈 TradingView"
ae9cc75fb9da23eb,2026-05-27 01:36:42,CDCVIX15,NEAR-USD,SELL,15m,64,A,87.5,เข้าได้ตามแผนหลัก แต่ยังต้องเคารพ SL และจังหวะเข้า,,91.0,110.91999999999999,False,,Trade Plan,,,,,,,,,,,,,,,,,,,,,,,,,,,,,,,,,,,,,,,,,,,,,,,,,,,,2.7309999465942383,2.712357146399362,,,None,SELL,92.0,ถือครบ 24 แท่งของแผน CDC แล้ว จึงปิดรอบเพื่อลดการยืดเยื้อ,97,,,,,,,,,,,,,,,,32.0,False,69.0,66.66578716512623,91.0,,0.0,CDCVIX15|NEAR-USD|SELL|2026-05-26 01:30,"🔴 CDC+VixFix 15m SELL | NEAR-USD
NEAR-USD
────────────────
📍 Snapshot: ราคา 2.61 (+0.00%)
🧭 1H Trend: DOWN | STRONG | ActionZone 15m, Price Action 15m
🧪 Edge: Conf 91%
🎯 Action: ถ้ามี BUY/Long เดิม ให้ปิดกำไรหรือปิดลดความเสี่ยงตามแผนนี้
⚠️ Note: ยังไม่ใช่สัญญาณเปิด Short ใหม่ เว้นแต่โครงสร้างลงและระบบอื่นยืนยันซ้ำ
🧠 Context: Forecast SELL 92/100 | Trend ขาลง | R&gt;G 32/100 | flip 21 bars
📌 Plan: Entry 2.73 | SL 2.71
────────────────
🕒 เวลา: 2026-05-27 01:36
📈 TradingView"
2c84a15e775731a0,2026-05-27 03:36:02,CDCVIX15,BTC-USD,SELL,15m,64,B,80.0,เข้าได้ แต่ควรลดขนาดไม้ลงเล็กน้อยหากราคาเริ่มไล่ห่าง,,83.0,92.58999999999999,False,,Trade Plan,,,,,,,,,,,,,,,,,,,,,,,,,,,,,,,,,,,,,,,,,,,,,,,,,,,,77417.15625,77040.355546875,,,None,SELL,92.0,ถือครบ 24 แท่งของแผน CDC แล้ว จึงปิดรอบเพื่อลดการยืดเยื้อ,41,,,,,,,,,,,,,,,,32.0,False,69.0,66.35825763136991,83.0,,0.0,CDCVIX15|BTC-USD|SELL|2026-05-26 17:30,"🔴 CDC+VixFix 15m SELL | BTC-USD
BTC-USD
────────────────
📍 Snapshot: ราคา 75,901.83 (+0.00%)
🧭 1H Trend: DOWN | STRONG | ActionZone 15m, Price Action 15m
🧪 Edge: Conf 83%
🎯 Action: ถ้ามี BUY/Long เดิม ให้ปิดกำไรหรือปิดลดความเสี่ยงตามแผนนี้
⚠️ Note: ยังไม่ใช่สัญญาณเปิด Short ใหม่ เว้นแต่โครงสร้างลงและระบบอื่นยืนยันซ้ำ
🧠 Context: Forecast SELL 92/100 | Trend ขาลง | R&gt;G 32/100 | flip 28 bars
📌 Plan: Entry 77,417.16 | SL 77,040.36
────────────────
🕒 เวลา: 2026-05-27 03:36
📈 TradingView"
42e89160924654da,2026-05-27 03:36:03,CDCVIX15,ADA-USD,SELL,15m,64,B,80.0,เข้าได้ แต่ควรลดขนาดไม้ลงเล็กน้อยหากราคาเริ่มไล่ห่าง,,83.0,92.58999999999999,False,,Trade Plan,,,,,,,,,,,,,,,,,,,,,,,,,,,,,,,,,,,,,,,,,,,,,,,,,,,,0.24449999630451202,0.24299099937081337,,,None,SELL,92.0,ถือครบ 24 แท่งของแผน CDC แล้ว จึงปิดรอบเพื่อลดการยืดเยื้อ,42,,,,,,,,,,,,,,,,6.0,False,69.0,66.35825763136991,83.0,,0.0,CDCVIX15|ADA-USD|SELL|2026-05-26 17:15,"🔴 CDC+VixFix 15m SELL | ADA-USD
ADA-USD
────────────────
📍 Snapshot: ราคา 0.239400 (+0.00%)
🧭 1H Trend: DOWN | STRONG | ActionZone 15m, Price Action 15m
🧪 Edge: Conf 83%
🎯 Action: ถ้ามี BUY/Long เดิม ให้ปิดกำไรหรือปิดลดความเสี่ยงตามแผนนี้
⚠️ Note: ยังไม่ใช่สัญญาณเปิด Short ใหม่ เว้นแต่โครงสร้างลงและระบบอื่นยืนยันซ้ำ
🧠 Context: Forecast SELL 92/100 | Trend ขาลง | R&gt;G 6/100 | flip 29 bars
📌 Plan: Entry 0.244500 | SL 0.242991
────────────────
🕒 เวลา: 2026-05-27 03:36
📈 TradingView"
21b74990fd6afeb6,2026-05-27 05:11:38,CDCVIX15,BTC-USD,SELL,15m,64,A,87.5,เข้าได้ตามแผนหลัก แต่ยังต้องเคารพ SL และจังหวะเข้า,,91.0,119.18,False,,Trade Plan,,,,,,,,,,,,,,,,,,,,,,,,,,,,,,,,,,,,,,,,,,,,,,,,,,,,77417.15625,76845.094921875,,,None,SELL,92.0,ถือครบ 24 แท่งของแผน CDC แล้ว จึงปิดรอบเพื่อลดการยืดเยื้อ,47,,,,,,,,,,,,,,,,32.0,False,69.0,66.24980538047578,91.0,,0.0,CDCVIX15|BTC-USD|SELL|2026-05-26 17:30,"🔴 CDC+VixFix 15m SELL | BTC-USD
BTC-USD
────────────────
📍 Snapshot: ราคา 75,709.45 (+0.00%)
🧭 1H Trend: DOWN | STRONG | ActionZone 15m, Price Action 15m
🧪 Edge: Conf 91%
🎯 Action: ถ้ามี BUY/Long เดิม ให้ปิดกำไรหรือปิดลดความเสี่ยงตามแผนนี้
⚠️ Note: ยังไม่ใช่สัญญาณเปิด Short ใหม่ เว้นแต่โครงสร้างลงและระบบอื่นยืนยันซ้ำ
🧠 Context: Forecast SELL 92/100 | Trend ขาลง | R&gt;G 32/100 | flip 34 bars
📌 Plan: Entry 77,417.16 | SL 76,845.09
────────────────
🕒 เวลา: 2026-05-27 05:11
📈 TradingView"
f3ad4cbffcacac76,2026-05-27 05:11:39,CDCVIX15,ETH-USD,SELL,15m,64,A,87.5,เข้าได้ตามแผนหลัก แต่ยังต้องเคารพ SL และจังหวะเข้า,,91.0,119.18,False,,Trade Plan,,,,,,,,,,,,,,,,,,,,,,,,,,,,,,,,,,,,,,,,,,,,,,,,,,,,2118.699951171875,2099.3651892089842,,,None,SELL,92.0,ถือครบ 24 แท่งของแผน CDC แล้ว จึงปิดรอบเพื่อลดการยืดเยื้อ,48,,,,,,,,,,,,,,,,16.0,False,69.0,66.24980538047578,91.0,,0.0,CDCVIX15|ETH-USD|SELL|2026-05-26 17:15,"🔴 CDC+VixFix 15m SELL | ETH-USD
ETH-USD
────────────────
📍 Snapshot: ราคา 2,068.34 (+0.00%)
🧭 1H Trend: DOWN | STRONG | ActionZone 15m, Price Action 15m
🧪 Edge: Conf 91%
🎯 Action: ถ้ามี BUY/Long เดิม ให้ปิดกำไรหรือปิดลดความเสี่ยงตามแผนนี้
⚠️ Note: ยังไม่ใช่สัญญาณเปิด Short ใหม่ เว้นแต่โครงสร้างลงและระบบอื่นยืนยันซ้ำ
🧠 Context: Forecast SELL 92/100 | Trend ขาลง | R&gt;G 16/100 | flip 34 bars
📌 Plan: Entry 2,118.70 | SL 2,099.37
────────────────
🕒 เวลา: 2026-05-27 05:11
📈 TradingView"
a4a58cc0f73c9821,2026-05-27 06:33:31,CDCVIX15,SOL-USD,SELL,15m,64,A,87.5,เข้าได้ตามแผนหลัก แต่ยังต้องเคารพ SL และจังหวะเข้า,,91.0,119.18,False,,Trade Plan,,,,,,,,,,,,,,,,,,,,,,,,,,,,,,,,,,,,,,,,,,,,,,,,,,,,85.41999816894531,84.85399845123291,,,None,SELL,92.0,ถือครบ 24 แท่งของแผน CDC แล้ว จึงปิดรอบเพื่อลดการยืดเยื้อ,54,,,,,,,,,,,,,,,,32.0,False,69.0,66.12267242146119,91.0,,0.0,CDCVIX15|SOL-USD|SELL|2026-05-26 17:15,"🔴 CDC+VixFix 15m SELL | SOL-USD
SOL-USD
────────────────
📍 Snapshot: ราคา 83.60 (+0.00%)
🧭 1H Trend: DOWN | STRONG | ActionZone 15m, Price Action 15m
🧪 Edge: Conf 91%
🎯 Action: ถ้ามี BUY/Long เดิม ให้ปิดกำไรหรือปิดลดความเสี่ยงตามแผนนี้
⚠️ Note: ยังไม่ใช่สัญญาณเปิด Short ใหม่ เว้นแต่โครงสร้างลงและระบบอื่นยืนยันซ้ำ
🧠 Context: Forecast SELL 92/100 | Trend ขาลง | R&gt;G 32/100 | flip 40 bars
📌 Plan: Entry 85.42 | SL 84.85
────────────────
🕒 เวลา: 2026-05-27 06:33
📈 TradingView"
dc27d3e6257999e7,2026-05-27 06:33:32,CDCVIX15,XRP-USD,SELL,15m,64,A,87.5,เข้าได้ตามแผนหลัก แต่ยังต้องเคารพ SL และจังหวะเข้า,,91.0,110.91999999999999,False,,Trade Plan,,,,,,,,,,,,,,,,,,,,,,,,,,,,,,,,,,,,,,,,,,,,,,,,,,,,1.3565000295639038,1.3484275329113007,,,None,SELL,92.0,ถือครบ 48 แท่งของแผน CDC แล้ว จึงปิดรอบเพื่อลดการยืดเยื้อ,291,,,,,,,,,,,,,,,,16.0,False,69.0,66.12267242146119,91.0,,0.0,CDCVIX15|XRP-USD|SELL|2026-05-24 06:00,"🔴 CDC+VixFix 15m SELL | XRP-USD
XRP-USD
────────────────
📍 Snapshot: ราคา 1.33 (+0.00%)
🧭 1H Trend: DOWN | STRONG | ActionZone 15m, Price Action 15m
🧪 Edge: Conf 91%
🎯 Action: ถ้ามี BUY/Long เดิม ให้ปิดกำไรหรือปิดลดความเสี่ยงตามแผนนี้
⚠️ Note: ยังไม่ใช่สัญญาณเปิด Short ใหม่ เว้นแต่โครงสร้างลงและระบบอื่นยืนยันซ้ำ
🧠 Context: Forecast SELL 92/100 | Trend ขาลง | R&gt;G 16/100 | flip 40 bars
📌 Plan: Entry 1.36 | SL 1.35
────────────────
🕒 เวลา: 2026-05-27 06:33
📈 TradingView"
6616997244efa836,2026-05-27 08:51:16,CDCVIX15,PAXG-USD,SELL,15m,64,B,84.3,เข้าได้ แต่ควรลดขนาดไม้ลงเล็กน้อยหากราคาเริ่มไล่ห่าง,,86.9843360666552,107.14527590265588,False,,Trade Plan,,,,,,,,,,,,,,,,,,,,,,,,,,,,,,,,,,,,,,,,,,,,,,,,,,,,4554.14013671875,4572.077412109375,,,None,SELL,76.61445355551734,ถือครบ 24 แท่งของแผน CDC แล้ว จึงปิดรอบเพื่อลดการยืดเยื้อ,176,,,,,,,,,,,,,,,,22.32289071110347,False,69.0,67.1562827272961,86.9843360666552,,0.0,CDCVIX15|PAXG-USD|SELL|2026-05-25 11:45,"🔴 CDC+VixFix 15m SELL | PAXG-USD
PAXG-USD
────────────────
📍 Snapshot: ราคา 4,504.51 (+0.00%)
🧭 1H Trend: DOWN | STRONG | ActionZone 15m, Price Action 15m
🧪 Edge: Conf 87%
🎯 Action: ถ้ามี BUY/Long เดิม ให้ปิดกำไรหรือปิดลดความเสี่ยงตามแผนนี้
⚠️ Note: ยังไม่ใช่สัญญาณเปิด Short ใหม่ เว้นแต่โครงสร้างลงและระบบอื่นยืนยันซ้ำ
🧠 Context: Forecast SELL 77/100 | Trend ขาขึ้น | R&gt;G 22/100 | flip 8 bars
📌 Plan: Entry 4,554.14 | SL 4,572.08
────────────────
🕒 เวลา: 2026-05-27 08:51
📈 TradingView"
945d5ee72a94b40a,2026-05-27 08:51:17,CDCVIX15,ETH-USD,SELL,15m,64,B,81.9,เข้าได้ แต่ควรลดขนาดไม้ลงเล็กน้อยหากราคาเริ่มไล่ห่าง,,84.75134062516904,104.78885403142073,False,,Trade Plan,,,,,,,,,,,,,,,,,,,,,,,,,,,,,,,,,,,,,,,,,,,,,,,,,,,,2118.5,2103.689099121094,,,None,SELL,75.83780208389676,ถือครบ 24 แท่งของแผน CDC แล้ว จึงปิดรอบเพื่อลดการยืดเยื้อ,58,,,,,,,,,,,,,,,,15.167560416779352,False,69.0,67.1562827272961,84.75134062516904,,0.0,CDCVIX15|ETH-USD|SELL|2026-05-26 17:15,"🔴 CDC+VixFix 15m SELL | ETH-USD
ETH-USD
────────────────
📍 Snapshot: ราคา 2,072.60 (+0.00%)
🧭 1H Trend: DOWN | STRONG | ActionZone 15m, Price Action 15m
🧪 Edge: Conf 85%
🎯 Action: ถ้ามี BUY/Long เดิม ให้ปิดกำไรหรือปิดลดความเสี่ยงตามแผนนี้
⚠️ Note: ยังไม่ใช่สัญญาณเปิด Short ใหม่ เว้นแต่โครงสร้างลงและระบบอื่นยืนยันซ้ำ
🧠 Context: Forecast SELL 76/100 | Trend ขาลง | R&gt;G 15/100 | flip 44 bars
📌 Plan: Entry 2,118.50 | SL 2,103.69
────────────────
🕒 เวลา: 2026-05-27 08:51
📈 TradingView"
b0580f0213488301,2026-05-27 13:16:15,CDCVIX15,ADA-USD,SELL,15m,64,A,87.5,เข้าได้ตามแผนหลัก แต่ยังต้องเคารพ SL และจังหวะเข้า,,93.29970578145756,113.08172343457011,False,,Trade Plan,,,,,,,,,,,,,,,,,,,,,,,,,,,,,,,,,,,,,,,,,,,,,,,,,,,,0.24449999630451202,0.24309250108897687,,,None,SELL,77.66568593819187,ถือครบ 24 แท่งของแผน CDC แล้ว จึงปิดรอบเพื่อลดการยืดเยื้อ,80,,,,,,,,,,,,,,,,14.533137187638374,False,69.0,66.14774034929246,93.29970578145756,,0.0,CDCVIX15|ADA-USD|SELL|2026-05-26 17:15,"🔴 CDC+VixFix 15m SELL | ADA-USD
ADA-USD
────────────────
📍 Snapshot: ราคา 0.239500 (+0.00%)
🧭 1H Trend: DOWN | STRONG | ActionZone 15m, Price Action 15m
🧪 Edge: Conf 93%
🎯 Action: ถ้ามี BUY/Long เดิม ให้ปิดกำไรหรือปิดลดความเสี่ยงตามแผนนี้
⚠️ Note: ยังไม่ใช่สัญญาณเปิด Short ใหม่ เว้นแต่โครงสร้างลงและระบบอื่นยืนยันซ้ำ
🧠 Context: Forecast SELL 78/100 | Trend ขาลง | R&gt;G 15/100 | flip 22 bars
📌 Plan: Entry 0.244500 | SL 0.243093
────────────────
🕒 เวลา: 2026-05-27 13:16
📈 TradingView"
5303485fa598526c,2026-05-27 13:16:16,CDCVIX15,BNB-USD,SELL,15m,64,A,87.5,เข้าได้ตามแผนหลัก แต่ยังต้องเคารพ SL และจังหวะเข้า,,91.0,110.91999999999999,False,,Trade Plan,,,,,,,,,,,,,,,,,,,,,,,,,,,,,,,,,,,,,,,,,,,,,,,,,,,,665.0599975585938,661.8003198242187,,,None,SELL,92.0,ถือครบ 24 แท่งของแผน CDC แล้ว จึงปิดรอบเพื่อลดการยืดเยื้อ,169,,,,,,,,,,,,,,,,1.0,False,69.0,66.14774034929246,91.0,,0.0,CDCVIX15|BNB-USD|SELL|2026-05-25 19:00,"🔴 CDC+VixFix 15m SELL | BNB-USD
BNB-USD
────────────────
📍 Snapshot: ราคา 652.02 (+0.00%)
🧭 1H Trend: DOWN | STRONG | ActionZone 15m, Price Action 15m
🧪 Edge: Conf 91%
🎯 Action: ถ้ามี BUY/Long เดิม ให้ปิดกำไรหรือปิดลดความเสี่ยงตามแผนนี้
⚠️ Note: ยังไม่ใช่สัญญาณเปิด Short ใหม่ เว้นแต่โครงสร้างลงและระบบอื่นยืนยันซ้ำ
🧠 Context: Forecast SELL 92/100 | Trend ขาลง | R&gt;G 1/100 | flip 19 bars
📌 Plan: Entry 665.06 | SL 661.80
────────────────
🕒 เวลา: 2026-05-27 13:16
📈 TradingView"
8630d6ee40c17c9e,2026-05-27 17:35:31,CDCVIX15,TRX-USD,SELL,15m,64,A,87.2,เข้าได้ตามแผนหลัก แต่ยังต้องเคารพ SL และจังหวะเข้า,,89.73983030513351,117.90722860818485,False,,Trade Plan,,,,,,,,,,,,,,,,,,,,,,,,,,,,,,,,,,,,,,,,,,,,,,,,,,,,0.374762624502182,0.37814500644803045,,,None,SELL,85.79943435044501,ถือครบ 24 แท่งของแผน CDC แล้ว จึงปิดรอบเพื่อลดการยืดเยื้อ,80,,,,,,,,,,,,,,,,11.0,False,69.0,66.16747534021515,89.73983030513351,,0.0,CDCVIX15|TRX-USD|SELL|2026-05-26 21:45,"🔴 CDC+VixFix 15m SELL | TRX-USD
TRX-USD
────────────────
📍 Snapshot: ราคา 0.372557 (+0.00%)
🧭 1H Trend: UP | STRONG | ActionZone 15m, Price Action 15m
🧪 Edge: Conf 90%
🎯 Action: ถ้ามี BUY/Long เดิม ให้ปิดกำไรหรือปิดลดความเสี่ยงตามแผนนี้
⚠️ Note: ยังไม่ใช่สัญญาณเปิด Short ใหม่ เว้นแต่โครงสร้างลงและระบบอื่นยืนยันซ้ำ
🧠 Context: Forecast SELL 86/100 | Trend ขาลง | R&gt;G 11/100 | flip 51 bars
📌 Plan: Entry 0.374763 | SL 0.378145
────────────────
🕒 เวลา: 2026-05-27 17:35
📈 TradingView"
891449913e501327,2026-05-27 17:35:32,CDCVIX15,SOL-USD,SELL,15m,64,A,87.5,เข้าได้ตามแผนหลัก แต่ยังต้องเคารพ SL และจังหวะเข้า,,95.0,114.67999999999999,False,,Trade Plan,,,,,,,,,,,,,,,,,,,,,,,,,,,,,,,,,,,,,,,,,,,,,,,,,,,,85.41999816894531,84.95549690246582,,,None,SELL,92.0,ถือครบ 24 แท่งของแผน CDC แล้ว จึงปิดรอบเพื่อลดการยืดเยื้อ,98,,,,,,,,,,,,,,,,37.0,False,69.0,66.16747534021515,95.0,,0.0,CDCVIX15|SOL-USD|SELL|2026-05-26 17:15,"🔴 CDC+VixFix 15m SELL | SOL-USD
SOL-USD
────────────────
📍 Snapshot: ราคา 83.70 (+0.00%)
🧭 1H Trend: DOWN | STRONG | ActionZone 15m, Price Action 15m
🧪 Edge: Conf 95%
🎯 Action: ถ้ามี BUY/Long เดิม ให้ปิดกำไรหรือปิดลดความเสี่ยงตามแผนนี้
⚠️ Note: ยังไม่ใช่สัญญาณเปิด Short ใหม่ เว้นแต่โครงสร้างลงและระบบอื่นยืนยันซ้ำ
🧠 Context: Forecast SELL 92/100 | Trend ขาลง | R&gt;G 37/100 | flip 3 bars
📌 Plan: Entry 85.42 | SL 84.96
────────────────
🕒 เวลา: 2026-05-27 17:35
📈 TradingView"
dc566e668d3647b3,2026-05-27 21:02:07,CDCVIX15,TRX-USD,SELL,15m,64,A,87.5,เข้าได้ตามแผนหลัก แต่ยังต้องเคารพ SL และจังหวะเข้า,,91.0,119.18,False,,Trade Plan,,,,,,,,,,,,,,,,,,,,,,,,,,,,,,,,,,,,,,,,,,,,,,,,,,,,0.374762624502182,0.37758067443966864,,,None,SELL,92.0,ถือครบ 24 แท่งของแผน CDC แล้ว จึงปิดรอบเพื่อลดการยืดเยื้อ,93,,,,,,,,,,,,,,,,22.0,False,69.0,66.35750654059723,91.0,,0.0,CDCVIX15|TRX-USD|SELL|2026-05-26 21:45,"🔴 CDC+VixFix 15m SELL | TRX-USD
TRX-USD
────────────────
📍 Snapshot: ราคา 0.372001 (+0.00%)
🧭 1H Trend: DOWN | STRONG | ActionZone 15m, Price Action 15m
🧪 Edge: Conf 91%
🎯 Action: ถ้ามี BUY/Long เดิม ให้ปิดกำไรหรือปิดลดความเสี่ยงตามแผนนี้
⚠️ Note: ยังไม่ใช่สัญญาณเปิด Short ใหม่ เว้นแต่โครงสร้างลงและระบบอื่นยืนยันซ้ำ
🧠 Context: Forecast SELL 92/100 | Trend ขาลง | R&gt;G 22/100 | flip 3 bars
📌 Plan: Entry 0.374763 | SL 0.377581
────────────────
🕒 เวลา: 2026-05-27 21:02
📈 TradingView"
0d36290a2fd87852,2026-05-27 21:02:07,CDCVIX15,PAXG-USD,SELL,15m,64,B,77.1,เข้าได้ แต่ควรลดขนาดไม้ลงเล็กน้อยหากราคาเริ่มไล่ห่าง,,80.28056097127502,90.03372731299852,False,,Trade Plan,,,,,,,,,,,,,,,,,,,,,,,,,,,,,,,,,,,,,,,,,,,,,,,,,,,,4554.14013671875,4496.0440991210935,,,None,SELL,80.93520323758341,ถือครบ 24 แท่งของแผน CDC แล้ว จึงปิดรอบเพื่อลดการยืดเยื้อ,230,,,,,,,,,,,,,,,,16.0,False,69.0,66.35750654059723,80.28056097127502,,0.0,CDCVIX15|PAXG-USD|SELL|2026-05-25 11:45,"🔴 CDC+VixFix 15m SELL | PAXG-USD
PAXG-USD
────────────────
📍 Snapshot: ราคา 4,429.60 (+0.00%)
🧭 1H Trend: DOWN | STRONG | ActionZone 15m, Price Action 15m
🧪 Edge: Conf 80%
🎯 Action: ถ้ามี BUY/Long เดิม ให้ปิดกำไรหรือปิดลดความเสี่ยงตามแผนนี้
⚠️ Note: ยังไม่ใช่สัญญาณเปิด Short ใหม่ เว้นแต่โครงสร้างลงและระบบอื่นยืนยันซ้ำ
🧠 Context: Forecast SELL 81/100 | Trend ขาลง | R&gt;G 16/100 | flip 61 bars
📌 Plan: Entry 4,554.14 | SL 4,496.04
────────────────
🕒 เวลา: 2026-05-27 21:02
📈 TradingView"
e14a4532559d6a11,2026-05-28 00:33:50,CDCVIX15,ADA-USD,SELL,15m,64,A,87.5,เข้าได้ตามแผนหลัก แต่ยังต้องเคารพ SL และจังหวะเข้า,,95.0,123.22,False,,Trade Plan,,,,,,,,,,,,,,,,,,,,,,,,,,,,,,,,,,,,,,,,,,,,,,,,,,,,0.24449999630451202,0.24248350590467452,,,None,SELL,91.66484560786562,ถือครบ 24 แท่งของแผน CDC แล้ว จึงปิดรอบเพื่อลดการยืดเยื้อ,126,,,,,,,,,,,,,,,,1.0,False,69.0,67.51565378483419,95.0,,0.0,CDCVIX15|ADA-USD|SELL|2026-05-26 17:15,"🔴 CDC+VixFix 15m SELL | ADA-USD
ADA-USD
────────────────
📍 Snapshot: ราคา 0.238900 (+0.00%)
🧭 1H Trend: DOWN | STRONG | ActionZone 15m, Price Action 15m
🧪 Edge: Conf 95%
🎯 Action: ถ้ามี BUY/Long เดิม ให้ปิดกำไรหรือปิดลดความเสี่ยงตามแผนนี้
⚠️ Note: ยังไม่ใช่สัญญาณเปิด Short ใหม่ เว้นแต่โครงสร้างลงและระบบอื่นยืนยันซ้ำ
🧠 Context: Forecast SELL 92/100 | Trend ขาลง | R&gt;G 1/100 | flip 10 bars
📌 Plan: Entry 0.244500 | SL 0.242484
────────────────
🕒 เวลา: 2026-05-28 00:33
📈 TradingView"
3fbfcb6a93d92048,2026-05-28 00:33:50,CDCVIX15,ETH-USD,SELL,15m,64,A,87.5,เข้าได้ตามแผนหลัก แต่ยังต้องเคารพ SL และจังหวะเข้า,,91.0,119.18,False,,Trade Plan,,,,,,,,,,,,,,,,,,,,,,,,,,,,,,,,,,,,,,,,,,,,,,,,,,,,2118.699951171875,2085.2565405273435,,,None,SELL,91.7896454731984,ถือครบ 24 แท่งของแผน CDC แล้ว จึงปิดรอบเพื่อลดการยืดเยื้อ,126,,,,,,,,,,,,,,,,30.0,False,69.0,67.51565378483419,91.0,,0.0,CDCVIX15|ETH-USD|SELL|2026-05-26 17:15,"🔴 CDC+VixFix 15m SELL | ETH-USD
ETH-USD
────────────────
📍 Snapshot: ราคา 2,054.44 (+0.00%)
🧭 1H Trend: DOWN | STRONG | ActionZone 15m, Price Action 15m
🧪 Edge: Conf 91%
🎯 Action: ถ้ามี BUY/Long เดิม ให้ปิดกำไรหรือปิดลดความเสี่ยงตามแผนนี้
⚠️ Note: ยังไม่ใช่สัญญาณเปิด Short ใหม่ เว้นแต่โครงสร้างลงและระบบอื่นยืนยันซ้ำ
🧠 Context: Forecast SELL 92/100 | Trend ขาลง | R&gt;G 30/100 | flip 22 bars
📌 Plan: Entry 2,118.70 | SL 2,085.26
────────────────
🕒 เวลา: 2026-05-28 00:33
📈 TradingView"
c618ccd9ea845437,2026-05-28 02:48:20,CDCVIX15,BTC-USD,SELL,15m,64,B,77.5,เข้าได้ แต่ควรลดขนาดไม้ลงเล็กน้อยหากราคาเริ่มไล่ห่าง,,80.62732961037466,97.0886029064784,False,,Trade Plan,,,,,,,,,,,,,,,,,,,,,,,,,,,,,,,,,,,,,,,,,,,,,,,,,,,,77417.15625,75990.3935546875,,,None,SELL,82.09109870124884,ถือครบ 24 แท่งของแผน CDC แล้ว จึงปิดรอบเพื่อลดการยืดเยื้อ,134,,,,,,,,,,,,,,,,32.0,False,69.0,66.37164252243205,80.62732961037466,,0.0,CDCVIX15|BTC-USD|SELL|2026-05-26 17:30,"🔴 CDC+VixFix 15m SELL | BTC-USD
BTC-USD
────────────────
📍 Snapshot: ราคา 74,867.38 (+0.00%)
🧭 1H Trend: DOWN | STRONG | ActionZone 15m, Price Action 15m
🧪 Edge: Conf 81%
🎯 Action: ถ้ามี BUY/Long เดิม ให้ปิดกำไรหรือปิดลดความเสี่ยงตามแผนนี้
⚠️ Note: ยังไม่ใช่สัญญาณเปิด Short ใหม่ เว้นแต่โครงสร้างลงและระบบอื่นยืนยันซ้ำ
🧠 Context: Forecast SELL 82/100 | Trend ขาลง | R&gt;G 32/100 | flip 30 bars
📌 Plan: Entry 77,417.16 | SL 75,990.39
────────────────
🕒 เวลา: 2026-05-28 02:48
📈 TradingView"
9b1f76fc8fb9ac42,2026-05-28 02:48:20,CDCVIX15,PAXG-USD,SELL,15m,64,B,81.5,เข้าได้ แต่ควรลดขนาดไม้ลงเล็กน้อยหากราคาเริ่มไล่ห่าง,,84.43561077150085,93.9394741252108,False,,Trade Plan,,,,,,,,,,,,,,,,,,,,,,,,,,,,,,,,,,,,,,,,,,,,,,,,,,,,4554.14013671875,4515.552121582031,,,None,BUY,88.11870257166947,ถือครบ 24 แท่งของแผน CDC แล้ว จึงปิดรอบเพื่อลดการยืดเยื้อ,253,,,,,,,,,,,,,,,,48.0,False,69.0,66.37164252243205,84.43561077150085,,0.0,CDCVIX15|PAXG-USD|SELL|2026-05-25 11:45,"🔴 CDC+VixFix 15m SELL | PAXG-USD
PAXG-USD
────────────────
📍 Snapshot: ราคา 4,448.82 (+0.00%)
🧭 1H Trend: DOWN | STRONG | ActionZone 15m, Price Action 15m
🧪 Edge: Conf 84%
🎯 Action: ถ้ามี BUY/Long เดิม ให้ปิดกำไรหรือปิดลดความเสี่ยงตามแผนนี้
⚠️ Note: ยังไม่ใช่สัญญาณเปิด Short ใหม่ เว้นแต่โครงสร้างลงและระบบอื่นยืนยันซ้ำ
🧠 Context: Forecast BUY 88/100 | Trend ขาขึ้น | R&gt;G 48/100 | flip 6 bars
📌 Plan: Entry 4,554.14 | SL 4,515.55
────────────────
🕒 เวลา: 2026-05-28 02:48
📈 TradingView"
e6f4a3fedb8b26c1,2026-05-28 04:50:34,CDCVIX15,BTC-USD,SELL,15m,64,A,87.5,เข้าได้ตามแผนหลัก แต่ยังต้องเคารพ SL และจังหวะเข้า,,91.0,110.91999999999999,False,,Trade Plan,,,,,,,,,,,,,,,,,,,,,,,,,,,,,,,,,,,,,,,,,,,,,,,,,,,,77420.3203125,75418.56,,,None,SELL,92.0,ถือครบ 24 แท่งของแผน CDC แล้ว จึงปิดรอบเพื่อลดการยืดเยื้อ,142,,,,,,,,,,,,,,,,32.0,False,69.0,66.36155795961258,91.0,,0.0,CDCVIX15|BTC-USD|SELL|2026-05-26 17:30,"🔴 CDC+VixFix 15m SELL | BTC-USD
BTC-USD
────────────────
📍 Snapshot: ราคา 74,304.00 (+0.00%)
🧭 1H Trend: DOWN | STRONG | ActionZone 15m, Price Action 15m
🧪 Edge: Conf 91%
🎯 Action: ถ้ามี BUY/Long เดิม ให้ปิดกำไรหรือปิดลดความเสี่ยงตามแผนนี้
⚠️ Note: ยังไม่ใช่สัญญาณเปิด Short ใหม่ เว้นแต่โครงสร้างลงและระบบอื่นยืนยันซ้ำ
🧠 Context: Forecast SELL 92/100 | Trend ขาลง | R&gt;G 32/100 | flip 38 bars
📌 Plan: Entry 77,420.32 | SL 75,418.56
────────────────
🕒 เวลา: 2026-05-28 04:50
📈 TradingView"
41bf5904eab3f920,2026-05-28 04:50:35,CDCVIX15,ETH-USD,SELL,15m,64,A,87.5,เข้าได้ตามแผนหลัก แต่ยังต้องเคารพ SL และจังหวะเข้า,,91.0,110.91999999999999,False,,Trade Plan,,,,,,,,,,,,,,,,,,,,,,,,,,,,,,,,,,,,,,,,,,,,,,,,,,,,2118.5,2052.2082049560545,,,None,SELL,92.0,ถือครบ 24 แท่งของแผน CDC แล้ว จึงปิดรอบเพื่อลดการยืดเยื้อ,143,,,,,,,,,,,,,,,,30.0,False,69.0,66.36155795961258,91.0,,0.0,CDCVIX15|ETH-USD|SELL|2026-05-26 17:15,"🔴 CDC+VixFix 15m SELL | ETH-USD
ETH-USD
────────────────
📍 Snapshot: ราคา 2,021.88 (+0.00%)
🧭 1H Trend: DOWN | STRONG | ActionZone 15m, Price Action 15m
🧪 Edge: Conf 91%
🎯 Action: ถ้ามี BUY/Long เดิม ให้ปิดกำไรหรือปิดลดความเสี่ยงตามแผนนี้
⚠️ Note: ยังไม่ใช่สัญญาณเปิด Short ใหม่ เว้นแต่โครงสร้างลงและระบบอื่นยืนยันซ้ำ
🧠 Context: Forecast SELL 92/100 | Trend ขาลง | R&gt;G 30/100 | flip 39 bars
📌 Plan: Entry 2,118.50 | SL 2,052.21
────────────────
🕒 เวลา: 2026-05-28 04:50
📈 TradingView"
dd4c7e0bac5fe869,2026-05-28 06:13:34,CDCVIX15,BTC-USD,SELL,15m,64,A,87.5,เข้าได้ตามแผนหลัก แต่ยังต้องเคารพ SL และจังหวะเข้า,,91.0,110.91999999999999,False,,Trade Plan,,,,,,,,,,,,,,,,,,,,,,,,,,,,,,,,,,,,,,,,,,,,,,,,,,,,77417.15625,75435.5850390625,,,None,SELL,92.0,ถือครบ 24 แท่งของแผน CDC แล้ว จึงปิดรอบเพื่อลดการยืดเยื้อ,147,,,,,,,,,,,,,,,,32.0,False,69.0,66.39615425772115,91.0,,0.0,CDCVIX15|BTC-USD|SELL|2026-05-26 17:30,"🔴 CDC+VixFix 15m SELL | BTC-USD
BTC-USD
────────────────
📍 Snapshot: ราคา 74,320.77 (+0.00%)
🧭 1H Trend: DOWN | STRONG | ActionZone 15m, Price Action 15m
🧪 Edge: Conf 91%
🎯 Action: ถ้ามี BUY/Long เดิม ให้ปิดกำไรหรือปิดลดความเสี่ยงตามแผนนี้
⚠️ Note: ยังไม่ใช่สัญญาณเปิด Short ใหม่ เว้นแต่โครงสร้างลงและระบบอื่นยืนยันซ้ำ
🧠 Context: Forecast SELL 92/100 | Trend ขาลง | R&gt;G 32/100 | flip 43 bars
📌 Plan: Entry 77,417.16 | SL 75,435.59
────────────────
🕒 เวลา: 2026-05-28 06:13
📈 TradingView"
019e8e8e3f4520a6,2026-05-28 06:13:35,CDCVIX15,ETH-USD,SELL,15m,64,A,87.5,เข้าได้ตามแผนหลัก แต่ยังต้องเคารพ SL และจังหวะเข้า,,91.0,110.91999999999999,False,,Trade Plan,,,,,,,,,,,,,,,,,,,,,,,,,,,,,,,,,,,,,,,,,,,,,,,,,,,,2118.699951171875,2052.867979736328,,,None,SELL,92.0,ถือครบ 24 แท่งของแผน CDC แล้ว จึงปิดรอบเพื่อลดการยืดเยื้อ,148,,,,,,,,,,,,,,,,30.0,False,69.0,66.39615425772115,91.0,,0.0,CDCVIX15|ETH-USD|SELL|2026-05-26 17:15,"🔴 CDC+VixFix 15m SELL | ETH-USD
ETH-USD
────────────────
📍 Snapshot: ราคา 2,022.53 (+0.00%)
🧭 1H Trend: DOWN | STRONG | ActionZone 15m, Price Action 15m
🧪 Edge: Conf 91%
🎯 Action: ถ้ามี BUY/Long เดิม ให้ปิดกำไรหรือปิดลดความเสี่ยงตามแผนนี้
⚠️ Note: ยังไม่ใช่สัญญาณเปิด Short ใหม่ เว้นแต่โครงสร้างลงและระบบอื่นยืนยันซ้ำ
🧠 Context: Forecast SELL 92/100 | Trend ขาลง | R&gt;G 30/100 | flip 44 bars
📌 Plan: Entry 2,118.70 | SL 2,052.87
────────────────
🕒 เวลา: 2026-05-28 06:13
📈 TradingView"
9b8e0c9de9e030cc,2026-05-28 07:14:41,CDCVIX15,BNB-USD,SELL,15m,64,A,87.5,เข้าได้ตามแผนหลัก แต่ยังต้องเคารพ SL และจังหวะเข้า,,91.0,110.91999999999999,False,,Trade Plan,,,,,,,,,,,,,,,,,,,,,,,,,,,,,,,,,,,,,,,,,,,,,,,,,,,,665.0599975585938,655.9132702636718,,,None,SELL,92.0,ถือครบ 24 แท่งของแผน CDC แล้ว จึงปิดรอบเพื่อลดการยืดเยื้อ,241,,,,,,,,,,,,,,,,1.0,False,69.0,66.41822368671333,91.0,,0.0,CDCVIX15|BNB-USD|SELL|2026-05-25 19:00,"🔴 CDC+VixFix 15m SELL | BNB-USD
BNB-USD
────────────────
📍 Snapshot: ราคา 646.22 (+0.00%)
🧭 1H Trend: DOWN | STRONG | ActionZone 15m, Price Action 15m
🧪 Edge: Conf 91%
🎯 Action: ถ้ามี BUY/Long เดิม ให้ปิดกำไรหรือปิดลดความเสี่ยงตามแผนนี้
⚠️ Note: ยังไม่ใช่สัญญาณเปิด Short ใหม่ เว้นแต่โครงสร้างลงและระบบอื่นยืนยันซ้ำ
🧠 Context: Forecast SELL 92/100 | Trend ขาลง | R&gt;G 1/100 | flip 30 bars
📌 Plan: Entry 665.06 | SL 655.91
────────────────
🕒 เวลา: 2026-05-28 07:14
📈 TradingView"
61a2ee2a474fe41e,2026-05-28 07:14:42,CDCVIX15,TRX-USD,SELL,15m,64,A,87.5,เข้าได้ตามแผนหลัก แต่ยังต้องเคารพ SL และจังหวะเข้า,,91.0,110.91999999999999,False,,Trade Plan,,,,,,,,,,,,,,,,,,,,,,,,,,,,,,,,,,,,,,,,,,,,,,,,,,,,0.374762624502182,0.3731169885396957,,,None,SELL,92.0,ถือครบ 24 แท่งของแผน CDC แล้ว จึงปิดรอบเพื่อลดการยืดเยื้อ,134,,,,,,,,,,,,,,,,15.0,False,69.0,66.41822368671333,91.0,,0.0,CDCVIX15|TRX-USD|SELL|2026-05-26 21:45,"🔴 CDC+VixFix 15m SELL | TRX-USD
TRX-USD
────────────────
📍 Snapshot: ราคา 0.367603 (+0.00%)
🧭 1H Trend: DOWN | STRONG | ActionZone 15m, Price Action 15m
🧪 Edge: Conf 91%
🎯 Action: ถ้ามี BUY/Long เดิม ให้ปิดกำไรหรือปิดลดความเสี่ยงตามแผนนี้
⚠️ Note: ยังไม่ใช่สัญญาณเปิด Short ใหม่ เว้นแต่โครงสร้างลงและระบบอื่นยืนยันซ้ำ
🧠 Context: Forecast SELL 92/100 | Trend ขาลง | R&gt;G 15/100 | flip 44 bars
📌 Plan: Entry 0.374763 | SL 0.373117
────────────────
🕒 เวลา: 2026-05-28 07:14
📈 TradingView"
11765727faf5a5d1,2026-05-28 11:42:36,CDCVIX15,NEAR-USD,SELL,15m,64,B,80.0,เข้าได้ แต่ควรลดขนาดไม้ลงเล็กน้อยหากราคาเริ่มไล่ห่าง,,83.0,92.58999999999999,False,,Trade Plan,,,,,,,,,,,,,,,,,,,,,,,,,,,,,,,,,,,,,,,,,,,,,,,,,,,,2.736999988555908,2.4828572273254395,,,None,SELL,92.0,ถือครบ 24 แท่งของแผน CDC แล้ว จึงปิดรอบเพื่อลดการยืดเยื้อ,231,,,,,,,,,,,,,,,,17.0,False,69.0,66.63993316086616,83.0,,0.0,CDCVIX15|NEAR-USD|SELL|2026-05-26 02:00,"🔴 CDC+VixFix 15m SELL | NEAR-USD
NEAR-USD
────────────────
📍 Snapshot: ราคา 2.40 (+0.00%)
🧭 1H Trend: DOWN | STRONG | ActionZone 15m, Price Action 15m
🧪 Edge: Conf 83%
🎯 Action: ถ้ามี BUY/Long เดิม ให้ปิดกำไรหรือปิดลดความเสี่ยงตามแผนนี้
⚠️ Note: ยังไม่ใช่สัญญาณเปิด Short ใหม่ เว้นแต่โครงสร้างลงและระบบอื่นยืนยันซ้ำ
🧠 Context: Forecast SELL 92/100 | Trend ขาลง | R&gt;G 17/100 | flip 33 bars
📌 Plan: Entry 2.74 | SL 2.48
────────────────
🕒 เวลา: 2026-05-28 11:42
📈 TradingView"
95b1fd4de61576be,2026-05-28 11:42:36,CDCVIX15,PAXG-USD,SELL,15m,64,B,80.0,เข้าได้ แต่ควรลดขนาดไม้ลงเล็กน้อยหากราคาเริ่มไล่ห่าง,,83.0,92.58999999999999,False,,Trade Plan,,,,,,,,,,,,,,,,,,,,,,,,,,,,,,,,,,,,,,,,,,,,,,,,,,,,4554.14013671875,4437.356481933593,,,None,SELL,92.0,ถือครบ 24 แท่งของแผน CDC แล้ว จึงปิดรอบเพื่อลดการยืดเยื้อ,288,,,,,,,,,,,,,,,,16.0,False,69.0,66.63993316086616,83.0,,0.0,CDCVIX15|PAXG-USD|SELL|2026-05-25 11:45,"🔴 CDC+VixFix 15m SELL | PAXG-USD
PAXG-USD
────────────────
📍 Snapshot: ราคา 4,371.78 (+0.00%)
🧭 1H Trend: DOWN | STRONG | ActionZone 15m, Price Action 15m
🧪 Edge: Conf 83%
🎯 Action: ถ้ามี BUY/Long เดิม ให้ปิดกำไรหรือปิดลดความเสี่ยงตามแผนนี้
⚠️ Note: ยังไม่ใช่สัญญาณเปิด Short ใหม่ เว้นแต่โครงสร้างลงและระบบอื่นยืนยันซ้ำ
🧠 Context: Forecast SELL 92/100 | Trend ขาลง | R&gt;G 16/100 | flip 28 bars
📌 Plan: Entry 4,554.14 | SL 4,437.36
────────────────
🕒 เวลา: 2026-05-28 11:42
📈 TradingView"
7d968282ceaeb3f7,2026-05-28 15:32:32,CDCVIX15,NEAR-USD,SELL,15m,64,A,87.5,เข้าได้ตามแผนหลัก แต่ยังต้องเคารพ SL และจังหวะเข้า,,91.0,119.18,False,,Trade Plan,,,,,,,,,,,,,,,,,,,,,,,,,,,,,,,,,,,,,,,,,,,,,,,,,,,,2.736999988555908,2.4548571620668684,,,None,SELL,92.0,ถือครบ 24 แท่งของแผน CDC แล้ว จึงปิดรอบเพื่อลดการยืดเยื้อ,247,,,,,,,,,,,,,,,,17.0,False,69.0,66.40609383151323,91.0,,0.0,CDCVIX15|NEAR-USD|SELL|2026-05-26 02:00,"🔴 CDC+VixFix 15m SELL | NEAR-USD
NEAR-USD
────────────────
📍 Snapshot: ราคา 2.39 (+0.00%)
🧭 1H Trend: DOWN | STRONG | ActionZone 15m, Price Action 15m
🧪 Edge: Conf 91%
🎯 Action: ถ้ามี BUY/Long เดิม ให้ปิดกำไรหรือปิดลดความเสี่ยงตามแผนนี้
⚠️ Note: ยังไม่ใช่สัญญาณเปิด Short ใหม่ เว้นแต่โครงสร้างลงและระบบอื่นยืนยันซ้ำ
🧠 Context: Forecast SELL 92/100 | Trend ขาลง | R&gt;G 17/100 | flip 49 bars
📌 Plan: Entry 2.74 | SL 2.45
────────────────
🕒 เวลา: 2026-05-28 15:32
📈 TradingView"
7ed68a25bf717b0b,2026-05-28 15:32:33,CDCVIX15,BTC-USD,SELL,15m,64,A,87.5,เข้าได้ตามแผนหลัก แต่ยังต้องเคารพ SL และจังหวะเข้า,,91.0,110.91999999999999,False,,Trade Plan,,,,,,,,,,,,,,,,,,,,,,,,,,,,,,,,,,,,,,,,,,,,,,,,,,,,77417.15625,74198.2841796875,,,None,SELL,92.0,ถือครบ 24 แท่งของแผน CDC แล้ว จึงปิดรอบเพื่อลดการยืดเยื้อ,185,,,,,,,,,,,,,,,,32.0,False,69.0,66.40609383151323,91.0,,0.0,CDCVIX15|BTC-USD|SELL|2026-05-26 17:30,"🔴 CDC+VixFix 15m SELL | BTC-USD
BTC-USD
────────────────
📍 Snapshot: ราคา 73,101.76 (+0.00%)
🧭 1H Trend: DOWN | STRONG | ActionZone 15m, Price Action 15m
🧪 Edge: Conf 91%
🎯 Action: ถ้ามี BUY/Long เดิม ให้ปิดกำไรหรือปิดลดความเสี่ยงตามแผนนี้
⚠️ Note: ยังไม่ใช่สัญญาณเปิด Short ใหม่ เว้นแต่โครงสร้างลงและระบบอื่นยืนยันซ้ำ
🧠 Context: Forecast SELL 92/100 | Trend ขาลง | R&gt;G 32/100 | flip 81 bars
📌 Plan: Entry 77,417.16 | SL 74,198.28
────────────────
🕒 เวลา: 2026-05-28 15:32
📈 TradingView"
9566091c05b515c7,2026-05-28 19:05:42,CDCVIX15,BNB-USD,SELL,15m,64,A,87.5,เข้าได้ตามแผนหลัก แต่ยังต้องเคารพ SL และจังหวะเข้า,,91.0,110.91999999999999,False,,Trade Plan,,,,,,,,,,,,,,,,,,,,,,,,,,,,,,,,,,,,,,,,,,,,,,,,,,,,665.0599975585938,640.5766351318359,,,None,SELL,92.0,ถือครบ 24 แท่งของแผน CDC แล้ว จึงปิดรอบเพื่อลดการยืดเยื้อ,289,,,,,,,,,,,,,,,,1.0,False,69.0,66.21626107278219,91.0,,0.0,CDCVIX15|BNB-USD|SELL|2026-05-25 19:00,"🔴 CDC+VixFix 15m SELL | BNB-USD
BNB-USD
────────────────
📍 Snapshot: ราคา 631.11 (+0.00%)
🧭 1H Trend: DOWN | STRONG | ActionZone 15m, Price Action 15m
🧪 Edge: Conf 91%
🎯 Action: ถ้ามี BUY/Long เดิม ให้ปิดกำไรหรือปิดลดความเสี่ยงตามแผนนี้
⚠️ Note: ยังไม่ใช่สัญญาณเปิด Short ใหม่ เว้นแต่โครงสร้างลงและระบบอื่นยืนยันซ้ำ
🧠 Context: Forecast SELL 92/100 | Trend ขาลง | R&gt;G 1/100 | flip 78 bars
📌 Plan: Entry 665.06 | SL 640.58
────────────────
🕒 เวลา: 2026-05-28 19:05
📈 TradingView"
0fb8dd2ca489080d,2026-05-28 19:05:42,CDCVIX15,NEAR-USD,SELL,15m,64,B,77.6,เข้าได้ แต่ควรลดขนาดไม้ลงเล็กน้อยหากราคาเริ่มไล่ห่าง,,80.751388778185,97.21390266596686,False,,Trade Plan,,,,,,,,,,,,,,,,,,,,,,,,,,,,,,,,,,,,,,,,,,,,,,,,,,,,2.736999988555908,2.4238572801862444,,,None,SELL,82.50462926061667,ถือครบ 24 แท่งของแผน CDC แล้ว จึงปิดรอบเพื่อลดการยืดเยื้อ,261,,,,,,,,,,,,,,,,17.0,False,69.0,66.21626107278219,80.751388778185,,0.0,CDCVIX15|NEAR-USD|SELL|2026-05-26 02:00,"🔴 CDC+VixFix 15m SELL | NEAR-USD
NEAR-USD
────────────────
📍 Snapshot: ราคา 2.38 (+0.00%)
🧭 1H Trend: DOWN | STRONG | ActionZone 15m, Price Action 15m
🧪 Edge: Conf 81%
🎯 Action: ถ้ามี BUY/Long เดิม ให้ปิดกำไรหรือปิดลดความเสี่ยงตามแผนนี้
⚠️ Note: ยังไม่ใช่สัญญาณเปิด Short ใหม่ เว้นแต่โครงสร้างลงและระบบอื่นยืนยันซ้ำ
🧠 Context: Forecast SELL 83/100 | Trend ขาลง | R&gt;G 17/100 | flip 63 bars
📌 Plan: Entry 2.74 | SL 2.42
────────────────
🕒 เวลา: 2026-05-28 19:05
📈 TradingView"
94bb66f79e0a5f12,2026-05-28 23:32:46,CDCVIX15,ADA-USD,SELL,15m,64,B,81.6,เข้าได้ แต่ควรลดขนาดไม้ลงเล็กน้อยหากราคาเริ่มไล่ห่าง,,84.50291769466256,101.00294687160918,False,,Trade Plan,,,,,,,,,,,,,,,,,,,,,,,,,,,,,,,,,,,,,,,,,,,,,,,,,,,,0.24449999630451202,0.237792863377503,,,None,BUY,88.3430589822085,ถือครบ 24 แท่งของแผน CDC แล้ว จึงปิดรอบเพื่อลดการยืดเยื้อ,218,,,,,,,,,,,,,,,,53.0,True,69.0,66.67871635433663,84.50291769466256,,0.0,CDCVIX15|ADA-USD|SELL|2026-05-26 17:15,"🔴 CDC+VixFix 15m SELL | ADA-USD
ADA-USD
────────────────
📍 Snapshot: ราคา 0.233400 (+0.00%)
🧭 1H Trend: DOWN | STRONG | ActionZone 15m, Price Action 15m
🧪 Edge: Conf 85%
🎯 Action: ถ้ามี BUY/Long เดิม ให้ปิดกำไรหรือปิดลดความเสี่ยงตามแผนนี้
⚠️ Note: ยังไม่ใช่สัญญาณเปิด Short ใหม่ เว้นแต่โครงสร้างลงและระบบอื่นยืนยันซ้ำ
🧠 Context: Forecast BUY 88/100 | Trend ขาขึ้น | R&gt;G 53/100 | flip 6 bars | reclaim
📌 Plan: Entry 0.244500 | SL 0.237793
────────────────
🕒 เวลา: 2026-05-28 23:32
📈 TradingView"
3b2c7a99c5c4810e,2026-05-28 23:32:46,CDCVIX15,LINK-USD,SELL,15m,64,B,79.9,เข้าได้ แต่ควรลดขนาดไม้ลงเล็กน้อยหากราคาเริ่มไล่ห่าง,,82.93658186779783,99.42094768647581,False,,Trade Plan,,,,,,,,,,,,,,,,,,,,,,,,,,,,,,,,,,,,,,,,,,,,,,,,,,,,9.842000007629395,9.094642571040563,,,None,BUY,83.12193955932608,ถือครบ 24 แท่งของแผน CDC แล้ว จึงปิดรอบเพื่อลดการยืดเยื้อ,613,,,,,,,,,,,,,,,,70.0,True,69.0,66.67871635433663,82.93658186779783,,0.0,CDCVIX15|LINK-USD|SELL|2026-05-22 14:30,"🔴 CDC+VixFix 15m SELL | LINK-USD
LINK-USD
────────────────
📍 Snapshot: ราคา 8.94 (+0.00%)
🧭 1H Trend: DOWN | STRONG | ActionZone 15m, Price Action 15m
🧪 Edge: Conf 83%
🎯 Action: ถ้ามี BUY/Long เดิม ให้ปิดกำไรหรือปิดลดความเสี่ยงตามแผนนี้
⚠️ Note: ยังไม่ใช่สัญญาณเปิด Short ใหม่ เว้นแต่โครงสร้างลงและระบบอื่นยืนยันซ้ำ
🧠 Context: Forecast BUY 83/100 | Trend ขาขึ้น | R&gt;G 70/100 | flip 3 bars | reclaim
📌 Plan: Entry 9.84 | SL 9.09
────────────────
🕒 เวลา: 2026-05-28 23:32
📈 TradingView"
59eb452df504a3ab,2026-05-29 02:20:36,CDCVIX15,ADA-USD,SELL,15m,64,B,77.3,เข้าได้ แต่ควรลดขนาดไม้ลงเล็กน้อยหากราคาเริ่มไล่ห่าง,,80.44391846594978,96.90335765060928,False,,Trade Plan,,,,,,,,,,,,,,,,,,,,,,,,,,,,,,,,,,,,,,,,,,,,,,,,,,,,0.24449999630451202,0.23872800283133983,,,None,BUY,74.81306155316591,ถือครบ 24 แท่งของแผน CDC แล้ว จึงปิดรอบเพื่อลดการยืดเยื้อ,229,,,,,,,,,,,,,,,,47.96261231063318,True,69.0,66.54076164927194,80.44391846594978,,0.0,CDCVIX15|ADA-USD|SELL|2026-05-26 17:15,"🔴 CDC+VixFix 15m SELL | ADA-USD
ADA-USD
────────────────
📍 Snapshot: ราคา 0.235200 (+0.00%)
🧭 1H Trend: DOWN | STRONG | ActionZone 15m, Price Action 15m
🧪 Edge: Conf 80%
🎯 Action: ถ้ามี BUY/Long เดิม ให้ปิดกำไรหรือปิดลดความเสี่ยงตามแผนนี้
⚠️ Note: ยังไม่ใช่สัญญาณเปิด Short ใหม่ เว้นแต่โครงสร้างลงและระบบอื่นยืนยันซ้ำ
🧠 Context: Forecast BUY 75/100 | Trend ขาขึ้น | R&gt;G 48/100 | flip 17 bars | reclaim
📌 Plan: Entry 0.244500 | SL 0.238728
────────────────
🕒 เวลา: 2026-05-29 02:20
📈 TradingView"
2b29676bafecff7f,2026-05-29 02:20:37,CDCVIX15,BNB-USD,SELL,15m,64,B,77.4,เข้าได้ แต่ควรลดขนาดไม้ลงเล็กน้อยหากราคาเริ่มไล่ห่าง,,80.59217804256139,90.3266473600077,False,,Trade Plan,,,,,,,,,,,,,,,,,,,,,,,,,,,,,,,,,,,,,,,,,,,,,,,,,,,,665.0599975585938,649.4477252197265,,,None,BUY,75.30726014187131,ถือครบ 24 แท่งของแผน CDC แล้ว จึงปิดรอบเพื่อลดการยืดเยื้อ,318,,,,,,,,,,,,,,,,66.06145202837426,True,69.0,66.54076164927194,80.59217804256139,,0.0,CDCVIX15|BNB-USD|SELL|2026-05-25 19:00,"🔴 CDC+VixFix 15m SELL | BNB-USD
BNB-USD
────────────────
📍 Snapshot: ราคา 639.85 (+0.00%)
🧭 1H Trend: DOWN | STRONG | ActionZone 15m, Price Action 15m
🧪 Edge: Conf 81%
🎯 Action: ถ้ามี BUY/Long เดิม ให้ปิดกำไรหรือปิดลดความเสี่ยงตามแผนนี้
⚠️ Note: ยังไม่ใช่สัญญาณเปิด Short ใหม่ เว้นแต่โครงสร้างลงและระบบอื่นยืนยันซ้ำ
🧠 Context: Forecast BUY 75/100 | Trend ขาขึ้น | R&gt;G 66/100 | flip 15 bars | reclaim
📌 Plan: Entry 665.06 | SL 649.45
────────────────
🕒 เวลา: 2026-05-29 02:20
📈 TradingView"
3dc74b1b83589c6a,2026-05-29 04:29:52,CDCVIX15,BTC-USD,SELL,15m,64,B,82.1,เข้าได้ แต่ควรลดขนาดไม้ลงเล็กน้อยหากราคาเริ่มไล่ห่าง,,85.0,105.28,False,,Trade Plan,,,,,,,,,,,,,,,,,,,,,,,,,,,,,,,,,,,,,,,,,,,,,,,,,,,,77417.15625,74689.9089453125,,,None,BUY,92.0,ถือครบ 24 แท่งของแผน CDC แล้ว จึงปิดรอบเพื่อลดการยืดเยื้อ,236,,,,,,,,,,,,,,,,68.0,True,69.0,66.43388142851873,85.0,,0.0,CDCVIX15|BTC-USD|SELL|2026-05-26 17:30,"🔴 CDC+VixFix 15m SELL | BTC-USD
BTC-USD
────────────────
📍 Snapshot: ราคา 73,586.12 (+0.00%)
🧭 1H Trend: DOWN | STRONG | ActionZone 15m, Price Action 15m
🧪 Edge: Conf 85%
🎯 Action: ถ้ามี BUY/Long เดิม ให้ปิดกำไรหรือปิดลดความเสี่ยงตามแผนนี้
⚠️ Note: ยังไม่ใช่สัญญาณเปิด Short ใหม่ เว้นแต่โครงสร้างลงและระบบอื่นยืนยันซ้ำ
🧠 Context: Forecast BUY 92/100 | Trend ขาขึ้น | R&gt;G 68/100 | flip 5 bars | reclaim
📌 Plan: Entry 77,417.16 | SL 74,689.91
────────────────
🕒 เวลา: 2026-05-29 04:29
📈 TradingView"
4c7efdf1dfff7c04,2026-05-29 04:29:53,CDCVIX15,ADA-USD,SELL,15m,64,B,82.1,เข้าได้ แต่ควรลดขนาดไม้ลงเล็กน้อยหากราคาเริ่มไล่ห่าง,,85.0,105.28,False,,Trade Plan,,,,,,,,,,,,,,,,,,,,,,,,,,,,,,,,,,,,,,,,,,,,,,,,,,,,0.24449999630451202,0.23872800283133983,,,None,BUY,92.0,ถือครบ 24 แท่งของแผน CDC แล้ว จึงปิดรอบเพื่อลดการยืดเยื้อ,237,,,,,,,,,,,,,,,,78.0,False,69.0,66.43388142851873,85.0,,0.0,CDCVIX15|ADA-USD|SELL|2026-05-26 17:15,"🔴 CDC+VixFix 15m SELL | ADA-USD
ADA-USD
────────────────
📍 Snapshot: ราคา 0.235200 (+0.00%)
🧭 1H Trend: DOWN | STRONG | ActionZone 15m, Price Action 15m
🧪 Edge: Conf 85%
🎯 Action: ถ้ามี BUY/Long เดิม ให้ปิดกำไรหรือปิดลดความเสี่ยงตามแผนนี้
⚠️ Note: ยังไม่ใช่สัญญาณเปิด Short ใหม่ เว้นแต่โครงสร้างลงและระบบอื่นยืนยันซ้ำ
🧠 Context: Forecast BUY 92/100 | Trend ขาขึ้น | R&gt;G 78/100 | flip 5 bars | follow-through
📌 Plan: Entry 0.244500 | SL 0.238728
────────────────
🕒 เวลา: 2026-05-29 04:29
📈 TradingView"
a67e4ee3f31031ec,2026-05-29 05:54:10,CDCVIX15,TRX-USD,SELL,15m,64,B,84.0,เข้าได้ แต่ควรลดขนาดไม้ลงเล็กน้อยหากราคาเริ่มไล่ห่าง,,86.69112286367269,106.86965549185233,False,,Trade Plan,,,,,,,,,,,,,,,,,,,,,,,,,,,,,,,,,,,,,,,,,,,,,,,,,,,,0.374762624502182,0.3568936835229397,,,None,SELL,82.30374287890895,ถือครบ 24 แท่งของแผน CDC แล้ว จึงปิดรอบเพื่อลดการยืดเยื้อ,225,,,,,,,,,,,,,,,,6.0,False,69.0,66.34203589685453,86.69112286367269,,0.0,CDCVIX15|TRX-USD|SELL|2026-05-26 21:45,"🔴 CDC+VixFix 15m SELL | TRX-USD
TRX-USD
────────────────
📍 Snapshot: ราคา 0.351619 (+0.00%)
🧭 1H Trend: DOWN | STRONG | ActionZone 15m, Price Action 15m
🧪 Edge: Conf 87%
🎯 Action: ถ้ามี BUY/Long เดิม ให้ปิดกำไรหรือปิดลดความเสี่ยงตามแผนนี้
⚠️ Note: ยังไม่ใช่สัญญาณเปิด Short ใหม่ เว้นแต่โครงสร้างลงและระบบอื่นยืนยันซ้ำ
🧠 Context: Forecast SELL 82/100 | Trend ขาลง | R&gt;G 6/100 | flip 11 bars
📌 Plan: Entry 0.374763 | SL 0.356894
────────────────
🕒 เวลา: 2026-05-29 05:54
📈 TradingView"
2064790ae7d2e7b2,2026-05-29 05:54:11,CDCVIX15,PAXG-USD,SELL,15m,64,B,79.7,เข้าได้ แต่ควรลดขนาดไม้ลงเล็กน้อยหากราคาเริ่มไล่ห่าง,,82.67548248338024,92.28495353437742,False,,Trade Plan,,,,,,,,,,,,,,,,,,,,,,,,,,,,,,,,,,,,,,,,,,,,,,,,,,,,4554.14013671875,4547.260959472656,,,None,SELL,62.251608277934125,ถือครบ 24 แท่งของแผน CDC แล้ว จึงปิดรอบเพื่อลดการยืดเยื้อ,361,,,,,,,,,,,,,,,,37.450321655586826,False,69.0,66.34203589685453,82.67548248338024,,0.0,CDCVIX15|PAXG-USD|SELL|2026-05-25 11:45,"🔴 CDC+VixFix 15m SELL | PAXG-USD
PAXG-USD
────────────────
📍 Snapshot: ราคา 4,480.06 (+0.00%)
🧭 1H Trend: UP | STRONG | ActionZone 15m, Price Action 15m
🧪 Edge: Conf 83%
🎯 Action: ถ้ามี BUY/Long เดิม ให้ปิดกำไรหรือปิดลดความเสี่ยงตามแผนนี้
⚠️ Note: ยังไม่ใช่สัญญาณเปิด Short ใหม่ เว้นแต่โครงสร้างลงและระบบอื่นยืนยันซ้ำ
🧠 Context: Forecast SELL 62/100 | Trend ขาขึ้น | R&gt;G 37/100 | flip 3 bars
📌 Plan: Entry 4,554.14 | SL 4,547.26
────────────────
🕒 เวลา: 2026-05-29 05:54
📈 TradingView"
da48788182a5687d,2026-05-29 06:55:19,CDCVIX15,XRP-USD,SELL,15m,64,A,87.5,เข้าได้ตามแผนหลัก แต่ยังต้องเคารพ SL และจังหวะเข้า,,95.0,114.67999999999999,False,,Trade Plan,,,,,,,,,,,,,,,,,,,,,,,,,,,,,,,,,,,,,,,,,,,,,,,,,,,,1.3344999551773071,1.332897996902466,,,None,SELL,92.0,ถือครบ 48 แท่งของแผน CDC แล้ว จึงปิดรอบเพื่อลดการยืดเยื้อ,142,,,,,,,,,,,,,,,,26.0,False,69.0,66.26705830185473,95.0,,0.0,CDCVIX15|XRP-USD|SELL|2026-05-27 19:30,"🔴 CDC+VixFix 15m SELL | XRP-USD
XRP-USD
────────────────
📍 Snapshot: ราคา 1.31 (+0.00%)
🧭 1H Trend: DOWN | STRONG | ActionZone 15m, Price Action 15m
🧪 Edge: Conf 95%
🎯 Action: ถ้ามี BUY/Long เดิม ให้ปิดกำไรหรือปิดลดความเสี่ยงตามแผนนี้
⚠️ Note: ยังไม่ใช่สัญญาณเปิด Short ใหม่ เว้นแต่โครงสร้างลงและระบบอื่นยืนยันซ้ำ
🧠 Context: Forecast SELL 92/100 | Trend ขาลง | R&gt;G 26/100 | flip 10 bars
📌 Plan: Entry 1.33 | SL 1.33
────────────────
🕒 เวลา: 2026-05-29 06:55
📈 TradingView"
b1a575952750470c,2026-05-29 06:55:20,CDCVIX15,BNB-USD,SELL,15m,64,A,87.5,เข้าได้ตามแผนหลัก แต่ยังต้องเคารพ SL และจังหวะเข้า,,95.0,114.67999999999999,False,,Trade Plan,,,,,,,,,,,,,,,,,,,,,,,,,,,,,,,,,,,,,,,,,,,,,,,,,,,,665.0599975585938,646.7884301757813,,,None,SELL,92.0,ถือครบ 24 แท่งของแผน CDC แล้ว จึงปิดรอบเพื่อลดการยืดเยื้อ,336,,,,,,,,,,,,,,,,16.0,False,69.0,66.26705830185473,95.0,,0.0,CDCVIX15|BNB-USD|SELL|2026-05-25 19:00,"🔴 CDC+VixFix 15m SELL | BNB-USD
BNB-USD
────────────────
📍 Snapshot: ราคา 637.23 (+0.00%)
🧭 1H Trend: DOWN | STRONG | ActionZone 15m, Price Action 15m
🧪 Edge: Conf 95%
🎯 Action: ถ้ามี BUY/Long เดิม ให้ปิดกำไรหรือปิดลดความเสี่ยงตามแผนนี้
⚠️ Note: ยังไม่ใช่สัญญาณเปิด Short ใหม่ เว้นแต่โครงสร้างลงและระบบอื่นยืนยันซ้ำ
🧠 Context: Forecast SELL 92/100 | Trend ขาลง | R&gt;G 16/100 | flip 15 bars
📌 Plan: Entry 665.06 | SL 646.79
────────────────
🕒 เวลา: 2026-05-29 06:55
📈 TradingView"
bdb0ef0d06c618e5,2026-05-29 07:07:48,CDCVIX15,BNB-USD,SELL,15m,64,B,84.6,เข้าได้ แต่ควรลดขนาดไม้ลงเล็กน้อยหากราคาเริ่มไล่ห่าง,,87.31187934381603,107.45316658318707,False,,Trade Plan,,,,,,,,,,,,,,,,,,,,,,,,,,,,,,,,,,,,,,,,,,,,,,,,,,,,665.0599975585938,646.8189099121093,,,None,SELL,77.70626447938677,ถือครบ 24 แท่งของแผน CDC แล้ว จึงปิดรอบเพื่อลดการยืดเยื้อ,326,,,,,,,,,,,,,,,,23.541252895877356,False,69.0,66.4121655051398,87.31187934381603,,0.0,CDCVIX15|BNB-USD|SELL|2026-05-25 19:00,"🔴 CDC+VixFix 15m SELL | BNB-USD
BNB-USD
────────────────
📍 Snapshot: ราคา 637.26 (+0.00%)
🧭 1H Trend: DOWN | STRONG | ActionZone 15m, Price Action 15m
🧪 Edge: Conf 87%
🎯 Action: ถ้ามี BUY/Long เดิม ให้ปิดกำไรหรือปิดลดความเสี่ยงตามแผนนี้
⚠️ Note: ยังไม่ใช่สัญญาณเปิด Short ใหม่ เว้นแต่โครงสร้างลงและระบบอื่นยืนยันซ้ำ
🧠 Context: Forecast SELL 78/100 | Trend ขาขึ้น | R&gt;G 24/100 | flip 5 bars
📌 Plan: Entry 665.06 | SL 646.82
────────────────
🕒 เวลา: 2026-05-29 07:07
📈 TradingView"
1a875dc8aa6a6013,2026-05-29 07:07:48,CDCVIX15,BTC-USD,SELL,15m,64,B,82.1,เข้าได้ แต่ควรลดขนาดไม้ลงเล็กน้อยหากราคาเริ่มไล่ห่าง,,85.0,105.28,False,,Trade Plan,,,,,,,,,,,,,,,,,,,,,,,,,,,,,,,,,,,,,,,,,,,,,,,,,,,,77417.15625,74641.2841015625,,,None,BUY,92.0,ถือครบ 24 แท่งของแผน CDC แล้ว จึงปิดรอบเพื่อลดการยืดเยื้อ,236,,,,,,,,,,,,,,,,58.0,False,69.0,66.4121655051398,85.0,,0.0,CDCVIX15|BTC-USD|SELL|2026-05-26 17:30,"🔴 CDC+VixFix 15m SELL | BTC-USD
BTC-USD
────────────────
📍 Snapshot: ราคา 73,538.21 (+0.00%)
🧭 1H Trend: DOWN | STRONG | ActionZone 15m, Price Action 15m
🧪 Edge: Conf 85%
🎯 Action: ถ้ามี BUY/Long เดิม ให้ปิดกำไรหรือปิดลดความเสี่ยงตามแผนนี้
⚠️ Note: ยังไม่ใช่สัญญาณเปิด Short ใหม่ เว้นแต่โครงสร้างลงและระบบอื่นยืนยันซ้ำ
🧠 Context: Forecast BUY 92/100 | Trend ขาขึ้น | R&gt;G 58/100 | flip 5 bars
📌 Plan: Entry 77,417.16 | SL 74,641.28
────────────────
🕒 เวลา: 2026-05-29 07:07
📈 TradingView"
111e727e892d2869,2026-05-29 07:14:40,CDCVIX15,BTC-USD,SELL,15m,64,B,82.1,เข้าได้ แต่ควรลดขนาดไม้ลงเล็กน้อยหากราคาเริ่มไล่ห่าง,,85.0,105.28,False,,Trade Plan,,,,,,,,,,,,,,,,,,,,,,,,,,,,,,,,,,,,,,,,,,,,,,,,,,,,77417.15625,74750.578984375,,,None,BUY,92.0,ถือครบ 24 แท่งของแผน CDC แล้ว จึงปิดรอบเพื่อลดการยืดเยื้อ,236,,,,,,,,,,,,,,,,68.0,True,69.0,66.45121546727643,85.0,,0.0,CDCVIX15|BTC-USD|SELL|2026-05-26 17:30,"🔴 CDC+VixFix 15m SELL | BTC-USD
BTC-USD
────────────────
📍 Snapshot: ราคา 73,645.89 (+0.00%)
🧭 1H Trend: DOWN | STRONG | ActionZone 15m, Price Action 15m
🧪 Edge: Conf 85%
🎯 Action: ถ้ามี BUY/Long เดิม ให้ปิดกำไรหรือปิดลดความเสี่ยงตามแผนนี้
⚠️ Note: ยังไม่ใช่สัญญาณเปิด Short ใหม่ เว้นแต่โครงสร้างลงและระบบอื่นยืนยันซ้ำ
🧠 Context: Forecast BUY 92/100 | Trend ขาขึ้น | R&gt;G 68/100 | flip 5 bars | reclaim
📌 Plan: Entry 77,417.16 | SL 74,750.58
────────────────
🕒 เวลา: 2026-05-29 07:14
📈 TradingView"
58ab4d7e51280bf0,2026-05-29 07:14:40,CDCVIX15,NEAR-USD,SELL,15m,64,B,81.7,เข้าได้ แต่ควรลดขนาดไม้ลงเล็กน้อยหากราคาเริ่มไล่ห่าง,,84.54869992446632,94.04577792899833,False,,Trade Plan,,,,,,,,,,,,,,,,,,,,,,,,,,,,,,,,,,,,,,,,,,,,,,,,,,,,2.736999988555908,2.5099286011287143,,,None,BUY,88.49566641488772,ถือครบ 24 แท่งของแผน CDC แล้ว จึงปิดรอบเพื่อลดการยืดเยื้อ,298,,,,,,,,,,,,,,,,51.0,True,69.0,66.45121546727643,84.54869992446632,,0.0,CDCVIX15|NEAR-USD|SELL|2026-05-26 02:00,"🔴 CDC+VixFix 15m SELL | NEAR-USD
NEAR-USD
────────────────
📍 Snapshot: ราคา 2.42 (+0.00%)
🧭 1H Trend: DOWN | STRONG | ActionZone 15m, Price Action 15m
🧪 Edge: Conf 85%
🎯 Action: ถ้ามี BUY/Long เดิม ให้ปิดกำไรหรือปิดลดความเสี่ยงตามแผนนี้
⚠️ Note: ยังไม่ใช่สัญญาณเปิด Short ใหม่ เว้นแต่โครงสร้างลงและระบบอื่นยืนยันซ้ำ
🧠 Context: Forecast BUY 88/100 | Trend ขาขึ้น | R&gt;G 51/100 | flip 5 bars | reclaim
📌 Plan: Entry 2.74 | SL 2.51
────────────────
🕒 เวลา: 2026-05-29 07:14
📈 TradingView"
a2ebec1a9ae66401,2026-05-29 07:14:41,TRADAR15,TRX-USD,SELL,15m,64,A,92.9,เข้าได้ตามแผนหลัก แต่ยังต้องเคารพ SL และจังหวะเข้า,,87.52000000000001,87.52000000000001,False,1,Trade Plan,Trend Radar 15m,,,,,,,,,,,,,,,,,,,,,,,,,,,,,,,,,,,,,,,,,,,,,,,,,,,0.351774126291275,,,,,,,,,,,,,,,,,,,,,,,,,,69.0,66.45121546727643,,,,TRADAR15|TRX-USD|SELL|TREND_CONTINUE|TREND_BREAKOUT_15M|0.3518,"🔴 Trend Radar | TRX-USD
TRX-USD
────────────────
📍 Snapshot: ราคา 0.351774 (+0.00%) | Conf 88%
🧩 Source: Trend Breakout 15m, Trend Breakout 15m
🧭 State: DOWN STRONG | CONTINUE
🧠 Context: 1H DOWN STRONG | Regime TREND_DOWN | ADX 51.1
📌 Plan: Entry 0.351774
⚡ Tags: DIRECTIONAL_FALLBACK | BREAKOUT_READY
🧠 Context: SELL breakout bias จาก forecast_direction | 1H DOWN STRONG | Regime TREND_DOWN
⚠️ Note: trend-following setup ใช้เป็นแผนเฝ้าเข้า ไม่ใช่สัญญาณไล่ราคา
────────────────
🕒 เวลา: 2026-05-29 07:14
📈 TradingView"
13bc2efa48d31b1a,2026-05-29 11:42:48,CDCVIX15,NEAR-USD,BUY,15m,64,A,87.5,เข้าได้ตามแผนหลัก แต่ยังต้องเคารพ SL และจังหวะเข้า,,95.0,103.04,False,,Trade Plan,,,,,,,,,,,,,,,,,,,,,,,,,,,,,,,,,,,,,,,,,,,,,,,,,,,,2.4830000400543213,2.3919285195214406,,,None,BUY,92.0,"CDC ยังหนุนขาขึ้น, เพิ่งมี VixFix spike ฝั่ง panic low และโมเมนตัมเริ่มฟื้น",0,,,,,,,,,,,,,,,,95.0,False,69.0,66.25371210562236,95.0,,0.0,CDCVIX15|NEAR-USD|BUY|2026-05-29 11:42,"🟢 CDC+VixFix 15m BUY | NEAR-USD
NEAR-USD
────────────────
📍 Snapshot: ราคา 2.48 (+0.00%)
🧭 1H Trend: UP | STRONG | ActionZone 15m, Price Action 15m
🧪 Edge: Conf 95%
🎯 Action: ถ้ายังไม่มีสถานะ สามารถกด BUY/Long ตามแผนได้
⚠️ Note: ถ้ามี Short เดิม ควรปิด Short ก่อนแล้วค่อยเปิด BUY
🧠 Context: Forecast BUY 92/100 | Trend ขาขึ้น | R&gt;G 95/100 | flip 1 bars
📌 Plan: Entry 2.48 | SL 2.39
────────────────
🕒 เวลา: 2026-05-29 11:42
📈 TradingView"
ea233198e8ad800d,2026-05-29 11:42:49,CDCVIX15,TRX-USD,SELL,15m,64,B,80.0,เข้าได้ แต่ควรลดขนาดไม้ลงเล็กน้อยหากราคาเริ่มไล่ห่าง,,83.0,92.58999999999999,False,,Trade Plan,,,,,,,,,,,,,,,,,,,,,,,,,,,,,,,,,,,,,,,,,,,,,,,,,,,,0.374762624502182,0.3548629231750965,,,None,SELL,92.0,ถือครบ 24 แท่งของแผน CDC แล้ว จึงปิดรอบเพื่อลดการยืดเยื้อ,248,,,,,,,,,,,,,,,,6.0,False,69.0,66.25371210562236,83.0,,0.0,CDCVIX15|TRX-USD|SELL|2026-05-26 21:45,"🔴 CDC+VixFix 15m SELL | TRX-USD
TRX-USD
────────────────
📍 Snapshot: ราคา 0.349619 (+0.00%)
🧭 1H Trend: DOWN | STRONG | ActionZone 15m, Price Action 15m
🧪 Edge: Conf 83%
🎯 Action: ถ้ามี BUY/Long เดิม ให้ปิดกำไรหรือปิดลดความเสี่ยงตามแผนนี้
⚠️ Note: ยังไม่ใช่สัญญาณเปิด Short ใหม่ เว้นแต่โครงสร้างลงและระบบอื่นยืนยันซ้ำ
🧠 Context: Forecast SELL 92/100 | Trend ขาลง | R&gt;G 6/100 | flip 34 bars
📌 Plan: Entry 0.374763 | SL 0.354863
────────────────
🕒 เวลา: 2026-05-29 11:42
📈 TradingView"
786a9cc30d899cd5,2026-05-29 11:42:50,TRADAR15,TRX-USD,SELL,15m,64,A,99.9,เข้าได้ตามแผนหลัก แต่ยังต้องเคารพ SL และจังหวะเข้า,,89.96000000000001,89.96000000000001,False,1,Trade Plan,Trend Radar 15m,,,,,,,,,,,,,,,,,,,,,,,,,,,,,,,,,,,,,,,,,,,,,,,,,,,0.3496186435222626,,,,,,,,,,,,,,,,,,,,,,,,,,69.0,66.25371210562236,,,,TRADAR15|TRX-USD|SELL|TREND_CONTINUE|PRICE_ACTION_15M|0.3496,"🔴 Trend Radar | TRX-USD
TRX-USD
────────────────
📍 Snapshot: ราคา 0.349619 (+0.00%) | Conf 90%
🧩 Source: Price Action 15m, Price Action 15m
🧭 State: DOWN STRONG | CONTINUE
🧠 Context: 1H DOWN STRONG | Regime TREND_DOWN | ADX 55.7
📌 Plan: Entry 0.349619
⚡ Tags: DIRECTIONAL_FALLBACK | DOWNTREND
🧠 Context: SELL continuation bias จาก forecast_direction | 1H DOWN STRONG | Regime TREND_DOWN
⚠️ Note: trend-following setup ใช้เป็นแผนเฝ้าเข้า ไม่ใช่สัญญาณไล่ราคา
────────────────
🕒 เวลา: 2026-05-29 11:42
📈 TradingView"
f540f27d7a9bbf4a,2026-05-29 15:30:01,CDCVIX15,TRX-USD,SELL,15m,64,A,87.5,เข้าได้ตามแผนหลัก แต่ยังต้องเคารพ SL และจังหวะเข้า,,91.0,110.91999999999999,False,,Trade Plan,,,,,,,,,,,,,,,,,,,,,,,,,,,,,,,,,,,,,,,,,,,,,,,,,,,,0.374762624502182,0.34693393141031265,,,None,SELL,92.0,ถือครบ 24 แท่งของแผน CDC แล้ว จึงปิดรอบเพื่อลดการยืดเยื้อ,263,,,,,,,,,,,,,,,,6.0,False,69.0,67.23778779672014,91.0,,0.0,CDCVIX15|TRX-USD|SELL|2026-05-26 21:45,"🔴 CDC+VixFix 15m SELL | TRX-USD
TRX-USD
────────────────
📍 Snapshot: ราคา 0.341807 (+0.00%)
🧭 1H Trend: DOWN | STRONG | ActionZone 15m, Price Action 15m
🧪 Edge: Conf 91%
🎯 Action: ถ้ามี BUY/Long เดิม ให้ปิดกำไรหรือปิดลดความเสี่ยงตามแผนนี้
⚠️ Note: ยังไม่ใช่สัญญาณเปิด Short ใหม่ เว้นแต่โครงสร้างลงและระบบอื่นยืนยันซ้ำ
🧠 Context: Forecast SELL 92/100 | Trend ขาลง | R&gt;G 6/100 | flip 49 bars
📌 Plan: Entry 0.374763 | SL 0.346934
────────────────
🕒 เวลา: 2026-05-29 15:30
📈 TradingView"
90b148cbd6fba68a,2026-05-29 15:30:02,CDCVIX15,ADA-USD,SELL,15m,64,B,81.8,เข้าได้ แต่ควรลดขนาดไม้ลงเล็กน้อยหากราคาเริ่มไล่ห่าง,,84.65586023893074,101.15741884132005,False,,Trade Plan,,,,,,,,,,,,,,,,,,,,,,,,,,,,,,,,,,,,,,,,,,,,,,,,,,,,0.24449999630451202,0.23852499939501284,,,None,BUY,88.85286746310247,ถือครบ 24 แท่งของแผน CDC แล้ว จึงปิดรอบเพื่อลดการยืดเยื้อ,281,,,,,,,,,,,,,,,,56.0,False,69.0,67.23778779672014,84.65586023893074,,0.0,CDCVIX15|ADA-USD|SELL|2026-05-26 17:15,"🔴 CDC+VixFix 15m SELL | ADA-USD
ADA-USD
────────────────
📍 Snapshot: ราคา 0.235000 (+0.00%)
🧭 1H Trend: DOWN | STRONG | ActionZone 15m, Price Action 15m
🧪 Edge: Conf 85%
🎯 Action: ถ้ามี BUY/Long เดิม ให้ปิดกำไรหรือปิดลดความเสี่ยงตามแผนนี้
⚠️ Note: ยังไม่ใช่สัญญาณเปิด Short ใหม่ เว้นแต่โครงสร้างลงและระบบอื่นยืนยันซ้ำ
🧠 Context: Forecast BUY 89/100 | Trend ขาขึ้น | R&gt;G 56/100 | flip 2 bars | follow-through
📌 Plan: Entry 0.244500 | SL 0.238525
────────────────
🕒 เวลา: 2026-05-29 15:30
📈 TradingView"
96cc0f55b6b680cc,2026-05-29 15:30:02,TRADAR15,TRX-USD,SELL,15m,64,A,92.9,เข้าได้ตามแผนหลัก แต่ยังต้องเคารพ SL และจังหวะเข้า,,87.52000000000001,87.52000000000001,False,1,Trade Plan,Trend Radar 15m,,,,,,,,,,,,,,,,,,,,,,,,,,,,,,,,,,,,,,,,,,,,,,,,,,,0.3418068289756775,,,,,,,,,,,,,,,,,,,,,,,,,,69.0,67.23778779672014,,,,TRADAR15|TRX-USD|SELL|TREND_CONTINUE|TREND_BREAKOUT_15M|0.3418,"🔴 Trend Radar | TRX-USD
TRX-USD
────────────────
📍 Snapshot: ราคา 0.341807 (+0.00%) | Conf 88%
🧩 Source: Trend Breakout 15m, Trend Breakout 15m
🧭 State: DOWN STRONG | CONTINUE
🧠 Context: 1H DOWN STRONG | Regime TREND_DOWN | ADX 41.7
📌 Plan: Entry 0.341807
⚡ Tags: DIRECTIONAL_FALLBACK | BREAKOUT_READY
🧠 Context: SELL breakout bias จาก forecast_direction | 1H DOWN STRONG | Regime TREND_DOWN
⚠️ Note: trend-following setup ใช้เป็นแผนเฝ้าเข้า ไม่ใช่สัญญาณไล่ราคา
────────────────
🕒 เวลา: 2026-05-29 15:30
📈 TradingView"
61a098da5dd78863,2026-05-29 18:49:20,CDCVIX15,NEAR-USD,SELL,15m,64,A,87.5,เข้าได้ตามแผนหลัก แต่ยังต้องเคารพ SL และจังหวะเข้า,,95.0,123.22,False,,Trade Plan,,,,,,,,,,,,,,,,,,,,,,,,,,,,,,,,,,,,,,,,,,,,,,,,,,,,2.490000009536743,2.55842855998448,,,None,SELL,92.0,ถือครบ 24 แท่งของแผน CDC แล้ว จึงปิดรอบเพื่อลดการยืดเยื้อ,29,,,,,,,,,,,,,,,,26.0,False,69.0,66.16769699042327,95.0,,0.0,CDCVIX15|NEAR-USD|SELL|2026-05-29 11:45,"🔴 CDC+VixFix 15m SELL | NEAR-USD
NEAR-USD
────────────────
📍 Snapshot: ราคา 2.48 (+0.00%)
🧭 1H Trend: UP | STRONG | ActionZone 15m, Price Action 15m
🧪 Edge: Conf 95%
🎯 Action: ถ้ามี BUY/Long เดิม ให้ปิดกำไรหรือปิดลดความเสี่ยงตามแผนนี้
⚠️ Note: ยังไม่ใช่สัญญาณเปิด Short ใหม่ เว้นแต่โครงสร้างลงและระบบอื่นยืนยันซ้ำ
🧠 Context: Forecast SELL 92/100 | Trend ขาลง | R&gt;G 26/100 | flip 5 bars
📌 Plan: Entry 2.49 | SL 2.56
────────────────
🕒 เวลา: 2026-05-29 18:49
📈 TradingView"
be0cc4393b17bab5,2026-05-29 18:49:21,CDCVIX15,ETH-USD,SELL,15m,64,A,87.5,เข้าได้ตามแผนหลัก แต่ยังต้องเคารพ SL และจังหวะเข้า,,91.0,119.18,False,,Trade Plan,,,,,,,,,,,,,,,,,,,,,,,,,,,,,,,,,,,,,,,,,,,,,,,,,,,,2118.699951171875,2034.4761846923827,,,None,SELL,92.0,ถือครบ 24 แท่งของแผน CDC แล้ว จึงปิดรอบเพื่อลดการยืดเยื้อ,295,,,,,,,,,,,,,,,,16.0,False,69.0,66.16769699042327,91.0,,0.0,CDCVIX15|ETH-USD|SELL|2026-05-26 17:15,"🔴 CDC+VixFix 15m SELL | ETH-USD
ETH-USD
────────────────
📍 Snapshot: ราคา 2,004.41 (+0.00%)
🧭 1H Trend: DOWN | STRONG | ActionZone 15m, Price Action 15m
🧪 Edge: Conf 91%
🎯 Action: ถ้ามี BUY/Long เดิม ให้ปิดกำไรหรือปิดลดความเสี่ยงตามแผนนี้
⚠️ Note: ยังไม่ใช่สัญญาณเปิด Short ใหม่ เว้นแต่โครงสร้างลงและระบบอื่นยืนยันซ้ำ
🧠 Context: Forecast SELL 92/100 | Trend ขาลง | R&gt;G 16/100 | flip 4 bars
📌 Plan: Entry 2,118.70 | SL 2,034.48
────────────────
🕒 เวลา: 2026-05-29 18:49
📈 TradingView"
7d6ae2b8b43116ac,2026-05-29 18:49:21,TRADAR15,TRX-USD,SELL,15m,64,A,92.9,เข้าได้ตามแผนหลัก แต่ยังต้องเคารพ SL และจังหวะเข้า,,87.52000000000001,87.52000000000001,False,1,Trade Plan,Trend Radar 15m,,,,,,,,,,,,,,,,,,,,,,,,,,,,,,,,,,,,,,,,,,,,,,,,,,,0.3421608805656433,,,,,,,,,,,,,,,,,,,,,,,,,,69.0,66.16769699042327,,,,TRADAR15|TRX-USD|SELL|TREND_CONTINUE|TREND_BREAKOUT_15M|0.3422,"🔴 Trend Radar | TRX-USD
TRX-USD
────────────────
📍 Snapshot: ราคา 0.342161 (+0.00%) | Conf 88%
🧩 Source: Trend Breakout 15m, Trend Breakout 15m
🧭 State: DOWN STRONG | CONTINUE
🧠 Context: 1H DOWN STRONG | Regime TREND_DOWN | ADX 68.9
📌 Plan: Entry 0.342161
⚡ Tags: DIRECTIONAL_FALLBACK | BREAKOUT_READY
🧠 Context: SELL breakout bias จาก forecast_direction | 1H DOWN STRONG | Regime TREND_DOWN
⚠️ Note: trend-following setup ใช้เป็นแผนเฝ้าเข้า ไม่ใช่สัญญาณไล่ราคา
────────────────
🕒 เวลา: 2026-05-29 18:49
📈 TradingView"
c40359dc77cd4541,2026-05-29 21:53:07,TRADAR15,TRX-USD,SELL,15m,64,A,100.0,เข้าได้ตามแผนหลัก แต่ยังต้องเคารพ SL และจังหวะเข้า,,91.4576,91.4576,False,1,Trade Plan,Trend Radar 15m,,,,,,,,,,,,,,,,,,,,,,,,,,,,,,,,,,,,,,,,,,,,,,,,,,,0.34593290090560913,,,,,,,,,,,,,,,,,,,,,,,,,,69.0,66.40144162427765,,,,TRADAR15|TRX-USD|SELL|TREND_CONTINUE|TREND_BREAKOUT_15M|0.3459,"🔴 Trend Radar | TRX-USD
TRX-USD
────────────────
📍 Snapshot: ราคา 0.345933 (+0.00%) | Conf 91%
🧩 Source: Trend Breakout 15m, Trend Breakout 15m
🧭 State: DOWN STRONG | CONTINUE
🧠 Context: 1H DOWN STRONG | Regime TREND_DOWN | ADX 40.9
📌 Plan: Entry 0.345933
⚡ Tags: DIRECTIONAL_FALLBACK | BREAKOUT_READY
🧠 Context: SELL breakout bias จาก forecast_direction | 1H DOWN STRONG | Regime TREND_DOWN
⚠️ Note: trend-following setup ใช้เป็นแผนเฝ้าเข้า ไม่ใช่สัญญาณไล่ราคา
────────────────
🕒 เวลา: 2026-05-29 21:53
📈 TradingView"
bbcbca3a50267ac5,2026-05-30 01:10:13,CDCVIX15,ADA-USD,SELL,15m,64,B,84.0,เข้าได้ แต่ควรลดขนาดไม้ลงเล็กน้อยหากราคาเริ่มไล่ห่าง,,86.71020510953969,106.8875928029673,False,,Trade Plan,,,,,,,,,,,,,,,,,,,,,,,,,,,,,,,,,,,,,,,,,,,,,,,,,,,,0.24449999630451202,0.2380785739847592,,,None,SELL,75.70068369846564,ถือครบ 24 แท่งของแผน CDC แล้ว จึงปิดรอบเพื่อลดการยืดเยื้อ,320,,,,,,,,,,,,,,,,8.140136739693128,False,69.0,66.79410204482932,86.71020510953969,,0.0,CDCVIX15|ADA-USD|SELL|2026-05-26 17:15,"🔴 CDC+VixFix 15m SELL | ADA-USD
ADA-USD
────────────────
📍 Snapshot: ราคา 0.234200 (+0.00%)
🧭 1H Trend: DOWN | STRONG | ActionZone 15m, Price Action 15m
🧪 Edge: Conf 87%
🎯 Action: ถ้ามี BUY/Long เดิม ให้ปิดกำไรหรือปิดลดความเสี่ยงตามแผนนี้
⚠️ Note: ยังไม่ใช่สัญญาณเปิด Short ใหม่ เว้นแต่โครงสร้างลงและระบบอื่นยืนยันซ้ำ
🧠 Context: Forecast SELL 76/100 | Trend ขาขึ้น | R&gt;G 8/100 | flip 7 bars
📌 Plan: Entry 0.244500 | SL 0.238079
────────────────
🕒 เวลา: 2026-05-30 01:10
📈 TradingView"
0ce8db27b1ed4874,2026-05-30 01:10:14,TRADAR15,TRX-USD,SELL,15m,64,A,92.9,เข้าได้ตามแผนหลัก แต่ยังต้องเคารพ SL และจังหวะเข้า,,87.52000000000001,87.52000000000001,False,1,Trade Plan,Trend Radar 15m,,,,,,,,,,,,,,,,,,,,,,,,,,,,,,,,,,,,,,,,,,,,,,,,,,,0.3440220355987549,,,,,,,,,,,,,,,,,,,,,,,,,,69.0,66.79410204482932,,,,TRADAR15|TRX-USD|SELL|TREND_CONTINUE|TREND_BREAKOUT_15M|0.344,"🔴 Trend Radar | TRX-USD
TRX-USD
────────────────
📍 Snapshot: ราคา 0.344022 (+0.00%) | Conf 88%
🧩 Source: Trend Breakout 15m, Trend Breakout 15m
🧭 State: DOWN STRONG | CONTINUE
🧠 Context: 1H DOWN STRONG | Regime TREND_DOWN | ADX 43.0
📌 Plan: Entry 0.344022
⚡ Tags: DIRECTIONAL_FALLBACK | BREAKOUT_READY
🧠 Context: SELL breakout bias จาก forecast_direction | 1H DOWN STRONG | Regime TREND_DOWN
⚠️ Note: trend-following setup ใช้เป็นแผนเฝ้าเข้า ไม่ใช่สัญญาณไล่ราคา
────────────────
🕒 เวลา: 2026-05-30 01:10
📈 TradingView"
5fadc2c666c549a5,2026-05-30 03:37:52,CDCVIX15,PAXG-USD,SELL,15m,64,A,87.5,เข้าได้ตามแผนหลัก แต่ยังต้องเคารพ SL และจังหวะเข้า,,91.0,119.18,False,,Trade Plan,,,,,,,,,,,,,,,,,,,,,,,,,,,,,,,,,,,,,,,,,,,,,,,,,,,,4544.39990234375,4597.594650878907,,,Bearish Engulfing,SELL,92.0,"แนวโน้มสั้นอ่อนแรง, โซน CDC กลับเป็นลบ และโมเมนตัมเอนลง",7,,,,,,,,,,,,,,,,56.0,False,69.0,66.46679873292305,91.0,,0.0,CDCVIX15|PAXG-USD|SELL|2026-05-30 02:00,"🔴 CDC+VixFix 15m SELL | PAXG-USD
PAXG-USD
────────────────
📍 Snapshot: ราคา 4,529.65 (+0.00%)
🧭 1H Trend: UP | STRONG | ActionZone 15m, Price Action 15m
🧪 Edge: Conf 91%
🎯 Action: สามารถกด SELL/Short ตามแผนได้ หรือใช้เป็นสัญญาณปิด BUY เดิมก่อน
⚠️ Note: ไม่ควรไล่ Short ถ้าราคายังไม่หลุดจุดยืนยันหรือระยะห่างจากจุดเข้าเริ่มกว้าง
🧠 Context: Forecast SELL 92/100 | Trend ขาลง | R&gt;G 56/100 | flip 7 bars
📌 Plan: Entry 4,544.40 | SL 4,597.59
────────────────
🕒 เวลา: 2026-05-30 03:37
📈 TradingView"
2156c2696e1f4493,2026-05-30 03:37:53,CDCVIX15,BTC-USD,SELL,15m,64,B,82.1,เข้าได้ แต่ควรลดขนาดไม้ลงเล็กน้อยหากราคาเริ่มไล่ห่าง,,85.0,105.28,False,,Trade Plan,,,,,,,,,,,,,,,,,,,,,,,,,,,,,,,,,,,,,,,,,,,,,,,,,,,,77417.15625,74721.1519140625,,,None,BUY,92.0,ถือครบ 24 แท่งของแผน CDC แล้ว จึงปิดรอบเพื่อลดการยืดเยื้อ,329,,,,,,,,,,,,,,,,71.0,False,69.0,66.46679873292305,85.0,,0.0,CDCVIX15|BTC-USD|SELL|2026-05-26 17:30,"🔴 CDC+VixFix 15m SELL | BTC-USD
BTC-USD
────────────────
📍 Snapshot: ราคา 73,616.90 (+0.00%)
🧭 1H Trend: DOWN | STRONG | ActionZone 15m, Price Action 15m
🧪 Edge: Conf 85%
🎯 Action: ถ้ามี BUY/Long เดิม ให้ปิดกำไรหรือปิดลดความเสี่ยงตามแผนนี้
⚠️ Note: ยังไม่ใช่สัญญาณเปิด Short ใหม่ เว้นแต่โครงสร้างลงและระบบอื่นยืนยันซ้ำ
🧠 Context: Forecast BUY 92/100 | Trend ขาขึ้น | R&gt;G 71/100 | flip 2 bars | follow-through
📌 Plan: Entry 77,417.16 | SL 74,721.15
────────────────
🕒 เวลา: 2026-05-30 03:37
📈 TradingView"
ca57823657c42338,2026-05-30 03:37:53,TRADAR15,ADA-USD,SELL,15m,64,A,92.9,เข้าได้ตามแผนหลัก แต่ยังต้องเคารพ SL และจังหวะเข้า,,87.52000000000001,87.52000000000001,False,1,Trade Plan,Trend Radar 15m,,,,,,,,,,,,,,,,,,,,,,,,,,,,,,,,,,,,,,,,,,,,,,,,,,,0.23309999704360962,,,,,,,,,,,,,,,,,,,,,,,,,,69.0,66.46679873292305,,,,TRADAR15|ADA-USD|SELL|TREND_CONTINUE|TREND_BREAKOUT_15M|0.2331,"🔴 Trend Radar | ADA-USD
ADA-USD
────────────────
📍 Snapshot: ราคา 0.233100 (+0.00%) | Conf 88%
🧩 Source: Trend Breakout 15m, Trend Breakout 15m
🧭 State: DOWN STRONG | CONTINUE
🧠 Context: 1H DOWN STRONG | Regime TREND_DOWN | ADX 39.2
📌 Plan: Entry 0.233100
⚡ Tags: DIRECTIONAL_FALLBACK | BREAKOUT_READY
🧠 Context: SELL breakout bias จาก forecast_direction | 1H DOWN STRONG | Regime TREND_DOWN
⚠️ Note: trend-following setup ใช้เป็นแผนเฝ้าเข้า ไม่ใช่สัญญาณไล่ราคา
────────────────
🕒 เวลา: 2026-05-30 03:37
📈 TradingView"
45469376bfd5e71c,2026-05-30 05:18:09,CDCVIX15,TRX-USD,SELL,15m,64,A,87.5,เข้าได้ตามแผนหลัก แต่ยังต้องเคารพ SL และจังหวะเข้า,,91.0,110.91999999999999,False,,Trade Plan,,,,,,,,,,,,,,,,,,,,,,,,,,,,,,,,,,,,,,,,,,,,,,,,,,,,0.374762624502182,0.3487564249336719,,,None,SELL,92.0,ถือครบ 24 แท่งของแผน CDC แล้ว จึงปิดรอบเพื่อลดการยืดเยื้อ,318,,,,,,,,,,,,,,,,1.0,False,69.0,66.36905737652907,91.0,,0.0,CDCVIX15|TRX-USD|SELL|2026-05-26 21:45,"🔴 CDC+VixFix 15m SELL | TRX-USD
TRX-USD
────────────────
📍 Snapshot: ราคา 0.343602 (+0.00%)
🧭 1H Trend: DOWN | STRONG | ActionZone 15m, Price Action 15m
🧪 Edge: Conf 91%
🎯 Action: ถ้ามี BUY/Long เดิม ให้ปิดกำไรหรือปิดลดความเสี่ยงตามแผนนี้
⚠️ Note: ยังไม่ใช่สัญญาณเปิด Short ใหม่ เว้นแต่โครงสร้างลงและระบบอื่นยืนยันซ้ำ
🧠 Context: Forecast SELL 92/100 | Trend ขาลง | R&gt;G 1/100 | flip 31 bars
📌 Plan: Entry 0.374763 | SL 0.348756
────────────────
🕒 เวลา: 2026-05-30 05:18
📈 TradingView"
ecd3fb875a9067a6,2026-05-30 05:18:10,CDCVIX15,PAXG-USD,SELL,15m,64,A,87.5,เข้าได้ตามแผนหลัก แต่ยังต้องเคารพ SL และจังหวะเข้า,,91.0,110.91999999999999,False,,Trade Plan,,,,,,,,,,,,,,,,,,,,,,,,,,,,,,,,,,,,,,,,,,,,,,,,,,,,4544.39990234375,4592.773400878907,,,None,SELL,92.0,"แนวโน้มสั้นอ่อนแรง, โซน CDC กลับเป็นลบ และโมเมนตัมเอนลง",14,,,,,,,,,,,,,,,,56.0,False,69.0,66.36905737652907,91.0,,0.0,CDCVIX15|PAXG-USD|SELL|2026-05-30 02:00,"🔴 CDC+VixFix 15m SELL | PAXG-USD
PAXG-USD
────────────────
📍 Snapshot: ราคา 4,524.90 (+0.00%)
🧭 1H Trend: UP | STRONG | ActionZone 15m, Price Action 15m
🧪 Edge: Conf 91%
🎯 Action: สามารถกด SELL/Short ตามแผนได้ หรือใช้เป็นสัญญาณปิด BUY เดิมก่อน
⚠️ Note: ไม่ควรไล่ Short ถ้าราคายังไม่หลุดจุดยืนยันหรือระยะห่างจากจุดเข้าเริ่มกว้าง
🧠 Context: Forecast SELL 92/100 | Trend ขาลง | R&gt;G 56/100 | flip 14 bars
📌 Plan: Entry 4,544.40 | SL 4,592.77
────────────────
🕒 เวลา: 2026-05-30 05:18
📈 TradingView"
ef7098aa522f7b04,2026-05-30 05:18:11,TRADAR15,ADA-USD,SELL,15m,64,A,92.9,เข้าได้ตามแผนหลัก แต่ยังต้องเคารพ SL และจังหวะเข้า,,87.52000000000001,87.52000000000001,False,1,Trade Plan,Trend Radar 15m,,,,,,,,,,,,,,,,,,,,,,,,,,,,,,,,,,,,,,,,,,,,,,,,,,,0.23260000348091125,,,,,,,,,,,,,,,,,,,,,,,,,,69.0,66.36905737652907,,,,TRADAR15|ADA-USD|SELL|TREND_CONTINUE|TREND_BREAKOUT_15M|0.2326,"🔴 Trend Radar | ADA-USD
ADA-USD
────────────────
📍 Snapshot: ราคา 0.232600 (+0.00%) | Conf 88%
🧩 Source: Trend Breakout 15m, Trend Breakout 15m
🧭 State: DOWN STRONG | CONTINUE
🧠 Context: 1H DOWN STRONG | Regime TREND_DOWN | ADX 36.3
📌 Plan: Entry 0.232600
⚡ Tags: DIRECTIONAL_FALLBACK | BREAKOUT_READY
🧠 Context: SELL breakout bias จาก forecast_direction | 1H DOWN STRONG | Regime TREND_DOWN
⚠️ Note: trend-following setup ใช้เป็นแผนเฝ้าเข้า ไม่ใช่สัญญาณไล่ราคา
────────────────
🕒 เวลา: 2026-05-30 05:18
📈 TradingView"
bf70d3c96561010a,2026-05-30 06:48:02,CDCVIX15,ETH-USD,SELL,15m,64,A,87.5,เข้าได้ตามแผนหลัก แต่ยังต้องเคารพ SL และจังหวะเข้า,,91.0,110.91999999999999,False,,Trade Plan,,,,,,,,,,,,,,,,,,,,,,,,,,,,,,,,,,,,,,,,,,,,,,,,,,,,2118.699951171875,2038.8507702636718,,,None,SELL,91.51353921274786,ถือครบ 24 แท่งของแผน CDC แล้ว จึงปิดรอบเพื่อลดการยืดเยื้อ,343,,,,,,,,,,,,,,,,30.0,False,69.0,66.27969127640554,91.0,,0.0,CDCVIX15|ETH-USD|SELL|2026-05-26 17:15,"🔴 CDC+VixFix 15m SELL | ETH-USD
ETH-USD
────────────────
📍 Snapshot: ราคา 2,008.72 (+0.00%)
🧭 1H Trend: DOWN | STRONG | ActionZone 15m, Price Action 15m
🧪 Edge: Conf 91%
🎯 Action: ถ้ามี BUY/Long เดิม ให้ปิดกำไรหรือปิดลดความเสี่ยงตามแผนนี้
⚠️ Note: ยังไม่ใช่สัญญาณเปิด Short ใหม่ เว้นแต่โครงสร้างลงและระบบอื่นยืนยันซ้ำ
🧠 Context: Forecast SELL 92/100 | Trend ขาลง | R&gt;G 30/100 | flip 12 bars
📌 Plan: Entry 2,118.70 | SL 2,038.85
────────────────
🕒 เวลา: 2026-05-30 06:48
📈 TradingView"
a8e9ecbf9293a705,2026-05-30 06:48:03,CDCVIX15,ADA-USD,SELL,15m,64,A,87.5,เข้าได้ตามแผนหลัก แต่ยังต้องเคารพ SL และจังหวะเข้า,,91.0,110.91999999999999,False,,Trade Plan,,,,,,,,,,,,,,,,,,,,,,,,,,,,,,,,,,,,,,,,,,,,,,,,,,,,0.24449999630451202,0.23568299666047096,,,None,SELL,91.13682597167532,ถือครบ 24 แท่งของแผน CDC แล้ว จึงปิดรอบเพื่อลดการยืดเยื้อ,343,,,,,,,,,,,,,,,,1.0,False,69.0,66.27969127640554,91.0,,0.0,CDCVIX15|ADA-USD|SELL|2026-05-26 17:15,"🔴 CDC+VixFix 15m SELL | ADA-USD
ADA-USD
────────────────
📍 Snapshot: ราคา 0.232200 (+0.00%)
🧭 1H Trend: DOWN | STRONG | ActionZone 15m, Price Action 15m
🧪 Edge: Conf 91%
🎯 Action: ถ้ามี BUY/Long เดิม ให้ปิดกำไรหรือปิดลดความเสี่ยงตามแผนนี้
⚠️ Note: ยังไม่ใช่สัญญาณเปิด Short ใหม่ เว้นแต่โครงสร้างลงและระบบอื่นยืนยันซ้ำ
🧠 Context: Forecast SELL 91/100 | Trend ขาลง | R&gt;G 1/100 | flip 30 bars
📌 Plan: Entry 0.244500 | SL 0.235683
────────────────
🕒 เวลา: 2026-05-30 06:48
📈 TradingView"
2bc6bdd28d0423aa,2026-05-30 06:48:03,TRADAR15,SOL-USD,SELL,15m,64,A,92.9,เข้าได้ตามแผนหลัก แต่ยังต้องเคารพ SL และจังหวะเข้า,,87.52000000000001,87.52000000000001,False,1,Trade Plan,Trend Radar 15m,,,,,,,,,,,,,,,,,,,,,,,,,,,,,,,,,,,,,,,,,,,,,,,,,,,81.8499984741211,,,,,,,,,,,,,,,,,,,,,,,,,,69.0,66.27969127640554,,,,TRADAR15|SOL-USD|SELL|TREND_CONTINUE|TREND_BREAKOUT_15M|81.85,"🔴 Trend Radar | SOL-USD
SOL-USD
────────────────
📍 Snapshot: ราคา 81.85 (+0.00%) | Conf 88%
🧩 Source: Trend Breakout 15m, Trend Breakout 15m
🧭 State: DOWN STRONG | CONTINUE
🧠 Context: 1H DOWN STRONG | Regime TREND_DOWN | ADX 35.3
📌 Plan: Entry 81.85
⚡ Tags: DIRECTIONAL_FALLBACK | BREAKOUT_READY
🧠 Context: SELL breakout bias จาก forecast_direction | 1H DOWN STRONG | Regime TREND_DOWN
⚠️ Note: trend-following setup ใช้เป็นแผนเฝ้าเข้า ไม่ใช่สัญญาณไล่ราคา
────────────────
🕒 เวลา: 2026-05-30 06:48
📈 TradingView"
ccb02876b3ba5ab2,2026-05-30 09:41:34,CDCVIX15,BNB-USD,SELL,15m,64,B,80.2,เข้าได้ แต่ควรลดขนาดไม้ลงเล็กน้อยหากราคาเริ่มไล่ห่าง,,83.16311198133481,92.74332526245472,False,,Trade Plan,,,,,,,,,,,,,,,,,,,,,,,,,,,,,,,,,,,,,,,,,,,,,,,,,,,,665.0599975585938,664.9772747802734,,,None,BUY,83.87703993778268,ถือครบ 24 แท่งของแผน CDC แล้ว จึงปิดรอบเพื่อลดการยืดเยื้อ,436,,,,,,,,,,,,,,,,64.0,True,69.0,66.23747365038949,83.16311198133481,,0.0,CDCVIX15|BNB-USD|SELL|2026-05-25 19:00,"🔴 CDC+VixFix 15m SELL | BNB-USD
BNB-USD
────────────────
📍 Snapshot: ราคา 655.15 (+0.00%)
🧭 1H Trend: UP | STRONG | ActionZone 15m, Price Action 15m
🧪 Edge: Conf 83%
🎯 Action: ถ้ามี BUY/Long เดิม ให้ปิดกำไรหรือปิดลดความเสี่ยงตามแผนนี้
⚠️ Note: ยังไม่ใช่สัญญาณเปิด Short ใหม่ เว้นแต่โครงสร้างลงและระบบอื่นยืนยันซ้ำ
🧠 Context: Forecast BUY 84/100 | Trend ขาขึ้น | R&gt;G 64/100 | flip 11 bars | reclaim
📌 Plan: Entry 665.06 | SL 664.98
────────────────
🕒 เวลา: 2026-05-30 09:41
📈 TradingView"
f1c5b7b89a24a130,2026-05-30 09:41:34,CDCVIX15,NEAR-USD,SELL,15m,64,B,80.0,เข้าได้ แต่ควรลดขนาดไม้ลงเล็กน้อยหากราคาเริ่มไล่ห่าง,,83.0,92.58999999999999,False,,Trade Plan,,,,,,,,,,,,,,,,,,,,,,,,,,,,,,,,,,,,,,,,,,,,,,,,,,,,2.490000009536743,2.457357270377023,,,None,SELL,92.0,ถือครบ 24 แท่งของแผน CDC แล้ว จึงปิดรอบเพื่อลดการยืดเยื้อ,81,,,,,,,,,,,,,,,,16.0,False,69.0,66.23747365038949,83.0,,0.0,CDCVIX15|NEAR-USD|SELL|2026-05-29 11:45,"🔴 CDC+VixFix 15m SELL | NEAR-USD
NEAR-USD
────────────────
📍 Snapshot: ราคา 2.38 (+0.00%)
🧭 1H Trend: DOWN | STRONG | ActionZone 15m, Price Action 15m
🧪 Edge: Conf 83%
🎯 Action: ถ้ามี BUY/Long เดิม ให้ปิดกำไรหรือปิดลดความเสี่ยงตามแผนนี้
⚠️ Note: ยังไม่ใช่สัญญาณเปิด Short ใหม่ เว้นแต่โครงสร้างลงและระบบอื่นยืนยันซ้ำ
🧠 Context: Forecast SELL 92/100 | Trend ขาลง | R&gt;G 16/100 | flip 22 bars
📌 Plan: Entry 2.49 | SL 2.46
────────────────
🕒 เวลา: 2026-05-30 09:41
📈 TradingView"
81e90f32417202fe,2026-05-30 09:41:35,TRADAR15,NEAR-USD,SELL,15m,64,A,92.9,เข้าได้ตามแผนหลัก แต่ยังต้องเคารพ SL และจังหวะเข้า,,87.52000000000001,87.52000000000001,False,1,Trade Plan,Trend Radar 15m,,,,,,,,,,,,,,,,,,,,,,,,,,,,,,,,,,,,,,,,,,,,,,,,,,,2.380000114440918,,,,,,,,,,,,,,,,,,,,,,,,,,69.0,66.23747365038949,,,,TRADAR15|NEAR-USD|SELL|TREND_CONTINUE|TREND_BREAKOUT_15M|2.38,"🔴 Trend Radar | NEAR-USD
NEAR-USD
────────────────
📍 Snapshot: ราคา 2.38 (+0.00%) | Conf 88%
🧩 Source: Trend Breakout 15m, Trend Breakout 15m
🧭 State: DOWN STRONG | CONTINUE
🧠 Context: 1H DOWN STRONG | Regime TREND_DOWN | ADX 69.7
📌 Plan: Entry 2.38
⚡ Tags: DIRECTIONAL_FALLBACK | BREAKOUT_READY
🧠 Context: SELL breakout bias จาก forecast_direction | 1H DOWN STRONG | Regime TREND_DOWN
⚠️ Note: trend-following setup ใช้เป็นแผนเฝ้าเข้า ไม่ใช่สัญญาณไล่ราคา
────────────────
🕒 เวลา: 2026-05-30 09:41
📈 TradingView"
3ce39fbc9803bc05,2026-05-30 13:03:42,CDCVIX15,ETH-USD,SELL,15m,64,A,87.5,เข้าได้ตามแผนหลัก แต่ยังต้องเคารพ SL และจังหวะเข้า,,93.4673614322509,113.23931974631584,False,,Trade Plan,,,,,,,,,,,,,,,,,,,,,,,,,,,,,,,,,,,,,,,,,,,,,,,,,,,,2118.5,2042.0785247802735,,,None,SELL,78.22453810750298,ถือครบ 24 แท่งของแผน CDC แล้ว จึงปิดรอบเพื่อลดการยืดเยื้อ,368,,,,,,,,,,,,,,,,14.644907621500597,False,69.0,66.33596269605884,93.4673614322509,,0.0,CDCVIX15|ETH-USD|SELL|2026-05-26 17:15,"🔴 CDC+VixFix 15m SELL | ETH-USD
ETH-USD
────────────────
📍 Snapshot: ราคา 2,011.90 (+0.00%)
🧭 1H Trend: DOWN | STRONG | ActionZone 15m, Price Action 15m
🧪 Edge: Conf 93%
🎯 Action: ถ้ามี BUY/Long เดิม ให้ปิดกำไรหรือปิดลดความเสี่ยงตามแผนนี้
⚠️ Note: ยังไม่ใช่สัญญาณเปิด Short ใหม่ เว้นแต่โครงสร้างลงและระบบอื่นยืนยันซ้ำ
🧠 Context: Forecast SELL 78/100 | Trend ขาลง | R&gt;G 15/100 | flip 18 bars
📌 Plan: Entry 2,118.50 | SL 2,042.08
────────────────
🕒 เวลา: 2026-05-30 13:03
📈 TradingView"
4bfc8e89cac54fe3,2026-05-30 13:03:43,CDCVIX15,BNB-USD,SELL,15m,64,B,82.1,เข้าได้ แต่ควรลดขนาดไม้ลงเล็กน้อยหากราคาเริ่มไล่ห่าง,,85.0,105.28,False,,Trade Plan,,,,,,,,,,,,,,,,,,,,,,,,,,,,,,,,,,,,,,,,,,,,,,,,,,,,665.0599975585938,675.7464099121094,,,None,BUY,92.0,ถือครบ 24 แท่งของแผน CDC แล้ว จึงปิดรอบเพื่อลดการยืดเยื้อ,457,,,,,,,,,,,,,,,,71.0,True,69.0,66.33596269605884,85.0,,0.0,CDCVIX15|BNB-USD|SELL|2026-05-25 19:00,"🔴 CDC+VixFix 15m SELL | BNB-USD
BNB-USD
────────────────
📍 Snapshot: ราคา 665.76 (+0.00%)
🧭 1H Trend: UP | STRONG | ActionZone 15m, Price Action 15m
🧪 Edge: Conf 85%
🎯 Action: ถ้ามี BUY/Long เดิม ให้ปิดกำไรหรือปิดลดความเสี่ยงตามแผนนี้
⚠️ Note: ยังไม่ใช่สัญญาณเปิด Short ใหม่ เว้นแต่โครงสร้างลงและระบบอื่นยืนยันซ้ำ
🧠 Context: Forecast BUY 92/100 | Trend ขาขึ้น | R&gt;G 71/100 | flip 26 bars | reclaim
📌 Plan: Entry 665.06 | SL 675.75
────────────────
🕒 เวลา: 2026-05-30 13:03
📈 TradingView"
6e1fc62015bf0104,2026-05-30 13:03:43,TRADAR15,SOL-USD,BUY,15m,64,A,100.0,เข้าได้ตามแผนหลัก แต่ยังต้องเคารพ SL และจังหวะเข้า,,93.36039648191061,93.36039648191061,False,1,Trade Plan,Trend Radar 15m,,,,,,,,,,,,,,,,,,,,,,,,,,,,,,,,,,,,,,,,,,,,,,,,,,,82.43000030517578,,,,,,,,,,,,,,,,,,,,,,,,,,69.0,66.33596269605884,,,,TRADAR15|SOL-USD|BUY|TREND_CONTINUE|TREND_BREAKOUT_15M|82.43,"🟢 Trend Radar | SOL-USD
SOL-USD
────────────────
📍 Snapshot: ราคา 82.43 (+0.00%) | Conf 93%
🧩 Source: Trend Breakout 15m, Trend Breakout 15m
🧭 State: UP STRONG | CONTINUE
🧠 Context: 1H UP STRONG | Regime TREND_UP | ADX 33.0
📌 Plan: Entry 82.43
⚡ Tags: DIRECTIONAL_FALLBACK | BREAKOUT_READY
🧠 Context: BUY breakout bias จาก forecast_direction | 1H UP STRONG | Regime TREND_UP
⚠️ Note: trend-following setup ใช้เป็นแผนเฝ้าเข้า ไม่ใช่สัญญาณไล่ราคา
────────────────
🕒 เวลา: 2026-05-30 13:03
📈 TradingView"
0aad4939d8fd6a1a,2026-05-30 15:40:16,CDCVIX15,ETH-USD,SELL,15m,64,A,87.5,เข้าได้ตามแผนหลัก แต่ยังต้องเคารพ SL และจังหวะเข้า,,95.0,123.22,False,,Trade Plan,,,,,,,,,,,,,,,,,,,,,,,,,,,,,,,,,,,,,,,,,,,,,,,,,,,,2118.699951171875,2042.3221148681641,,,None,SELL,92.0,ถือครบ 24 แท่งของแผน CDC แล้ว จึงปิดรอบเพื่อลดการยืดเยื้อ,378,,,,,,,,,,,,,,,,1.0,False,69.0,67.26550934826194,95.0,,0.0,CDCVIX15|ETH-USD|SELL|2026-05-26 17:15,"🔴 CDC+VixFix 15m SELL | ETH-USD
ETH-USD
────────────────
📍 Snapshot: ราคา 2,012.14 (+0.00%)
🧭 1H Trend: DOWN | STRONG | ActionZone 15m, Price Action 15m
🧪 Edge: Conf 95%
🎯 Action: ถ้ามี BUY/Long เดิม ให้ปิดกำไรหรือปิดลดความเสี่ยงตามแผนนี้
⚠️ Note: ยังไม่ใช่สัญญาณเปิด Short ใหม่ เว้นแต่โครงสร้างลงและระบบอื่นยืนยันซ้ำ
🧠 Context: Forecast SELL 92/100 | Trend ขาลง | R&gt;G 1/100 | flip 6 bars
📌 Plan: Entry 2,118.70 | SL 2,042.32
────────────────
🕒 เวลา: 2026-05-30 15:40
📈 TradingView"
f0d632bcd0ffc3f4,2026-05-30 15:40:17,CDCVIX15,LINK-USD,SELL,15m,64,A,87.5,เข้าได้ตามแผนหลัก แต่ยังต้องเคารพ SL และจังหวะเข้า,,95.0,123.22,False,,Trade Plan,,,,,,,,,,,,,,,,,,,,,,,,,,,,,,,,,,,,,,,,,,,,,,,,,,,,9.020999908447266,9.258829736709595,,,None,SELL,92.0,ราคาแตะเป้าปิดทำกำไรตามแผน CDC ที่ 0.20% จากจุดเข้า,145,,,,,,,,,,,,,,,,16.0,False,69.0,67.26550934826194,95.0,,0.0,CDCVIX15|LINK-USD|SELL|2026-05-29 03:30,"🔴 CDC+VixFix 15m SELL | LINK-USD
LINK-USD
────────────────
📍 Snapshot: ราคา 9.12 (+0.00%)
🧭 1H Trend: UP | STRONG | ActionZone 15m, Price Action 15m
🧪 Edge: Conf 95%
🎯 Action: ถ้ามี BUY/Long เดิม ให้ปิดกำไรหรือปิดลดความเสี่ยงตามแผนนี้
⚠️ Note: ยังไม่ใช่สัญญาณเปิด Short ใหม่ เว้นแต่โครงสร้างลงและระบบอื่นยืนยันซ้ำ
🧠 Context: Forecast SELL 92/100 | Trend ขาลง | R&gt;G 16/100 | flip 10 bars
📌 Plan: Entry 9.02 | SL 9.26
────────────────
🕒 เวลา: 2026-05-30 15:40
📈 TradingView"
736972d7e1e0a6c8,2026-05-30 15:40:17,TRADAR15,NEAR-USD,SELL,15m,64,A,100.0,เข้าได้ตามแผนหลัก แต่ยังต้องเคารพ SL และจังหวะเข้า,,90.9896,90.9896,False,1,Trade Plan,Trend Radar 15m,,,,,,,,,,,,,,,,,,,,,,,,,,,,,,,,,,,,,,,,,,,,,,,,,,,2.390000104904175,,,,,,,,,,,,,,,,,,,,,,,,,,69.0,67.26550934826194,,,,TRADAR15|NEAR-USD|SELL|TREND_CONTINUE|TREND_BREAKOUT_15M|2.39,"🔴 Trend Radar | NEAR-USD
NEAR-USD
────────────────
📍 Snapshot: ราคา 2.39 (+0.00%) | Conf 91%
🧩 Source: Trend Breakout 15m, Trend Breakout 15m
🧭 State: DOWN STRONG | CONTINUE
🧠 Context: 1H DOWN STRONG | Regime TREND_DOWN | ADX 38.4
📌 Plan: Entry 2.39
⚡ Tags: DIRECTIONAL_FALLBACK | BREAKOUT_READY
🧠 Context: SELL breakout bias จาก forecast_direction | 1H DOWN STRONG | Regime TREND_DOWN
⚠️ Note: trend-following setup ใช้เป็นแผนเฝ้าเข้า ไม่ใช่สัญญาณไล่ราคา
────────────────
🕒 เวลา: 2026-05-30 15:40
📈 TradingView"
a76be91fc035f56f,2026-05-30 17:28:18,CDCVIX15,NEAR-USD,SELL,15m,64,B,77.3,เข้าได้ แต่ควรลดขนาดไม้ลงเล็กน้อยหากราคาเริ่มไล่ห่าง,,80.45203134799334,90.19490946711373,False,,Trade Plan,,,,,,,,,,,,,,,,,,,,,,,,,,,,,,,,,,,,,,,,,,,,,,,,,,,,2.490000009536743,2.4577857766832625,,,None,BUY,74.84010449331115,ถือครบ 24 แท่งของแผน CDC แล้ว จึงปิดรอบเพื่อลดการยืดเยื้อ,119,,,,,,,,,,,,,,,,47.96802089866223,True,69.0,66.11270119434188,80.45203134799334,,0.0,CDCVIX15|NEAR-USD|SELL|2026-05-29 11:45,"🔴 CDC+VixFix 15m SELL | NEAR-USD
NEAR-USD
────────────────
📍 Snapshot: ราคา 2.41 (+0.00%)
🧭 1H Trend: DOWN | STRONG | ActionZone 15m, Price Action 15m
🧪 Edge: Conf 80%
🎯 Action: ถ้ามี BUY/Long เดิม ให้ปิดกำไรหรือปิดลดความเสี่ยงตามแผนนี้
⚠️ Note: ยังไม่ใช่สัญญาณเปิด Short ใหม่ เว้นแต่โครงสร้างลงและระบบอื่นยืนยันซ้ำ
🧠 Context: Forecast BUY 75/100 | Trend ขาขึ้น | R&gt;G 48/100 | flip 11 bars | reclaim
📌 Plan: Entry 2.49 | SL 2.46
────────────────
🕒 เวลา: 2026-05-30 17:28
📈 TradingView"
aed453941caa88ef,2026-05-30 17:28:19,TRADAR15,NEAR-USD,SELL,15m,64,A,87.0,เข้าได้ตามแผนหลัก แต่ยังต้องเคารพ SL และจังหวะเข้า,,85.44,85.44,False,1,Trade Plan,Trend Radar 15m,,,,,,,,,,,,,,,,,,,,,,,,,,,,,,,,,,,,,,,,,,,,,,,,,,,2.4070000648498535,,,,,,,,,,,,,,,,,,,,,,,,,,69.0,66.11270119434188,,,,TRADAR15|NEAR-USD|SELL|TREND_CONTINUE|TREND_BREAKOUT_15M|2.407,"🔴 Trend Radar | NEAR-USD
NEAR-USD
────────────────
📍 Snapshot: ราคา 2.41 (+0.00%) | Conf 85%
🧩 Source: Trend Breakout 15m, Trend Breakout 15m
🧭 State: DOWN STRONG | CONTINUE
🧠 Context: 1H DOWN STRONG | Regime TREND_DOWN | ADX 48.8
📌 Plan: Entry 2.41
⚡ Tags: DIRECTIONAL_FALLBACK | BREAKOUT_READY
🧠 Context: SELL breakout bias จาก forecast_direction | 1H DOWN STRONG | Regime TREND_DOWN
⚠️ Note: trend-following setup ใช้เป็นแผนเฝ้าเข้า ไม่ใช่สัญญาณไล่ราคา
────────────────
🕒 เวลา: 2026-05-30 17:28
📈 TradingView"
fdd4342142faa7b2,2026-05-30 18:53:30,CDCVIX15,BNB-USD,BUY,15m,64,A,87.5,เข้าได้ตามแผนหลัก แต่ยังต้องเคารพ SL และจังหวะเข้า,,95.0,103.04,False,,Trade Plan,,,,,,,,,,,,,,,,,,,,,,,,,,,,,,,,,,,,,,,,,,,,,,,,,,,,672.9000244140625,662.8065240478516,,,None,BUY,92.0,"CDC ยังหนุนขาขึ้น, เพิ่งมี VixFix spike ฝั่ง panic low และโมเมนตัมเริ่มฟื้น",2,,,,,,,,,,,,,,,,95.0,False,69.0,66.09509960159893,95.0,,0.0,CDCVIX15|BNB-USD|BUY|2026-05-30 18:30,"🟢 CDC+VixFix 15m BUY | BNB-USD
BNB-USD
────────────────
📍 Snapshot: ราคา 672.01 (+0.00%)
🧭 1H Trend: UP | STRONG | ActionZone 15m, Price Action 15m
🧪 Edge: Conf 95%
🎯 Action: ถ้ายังไม่มีสถานะ สามารถกด BUY/Long ตามแผนได้
⚠️ Note: ถ้ามี Short เดิม ควรปิด Short ก่อนแล้วค่อยเปิด BUY
🧠 Context: Forecast BUY 92/100 | Trend ขาขึ้น | R&gt;G 95/100 | flip 2 bars
📌 Plan: Entry 672.90 | SL 662.81
────────────────
🕒 เวลา: 2026-05-30 18:53
📈 TradingView"
f2d79d5285d60b16,2026-05-30 18:53:30,CDCVIX15,LINK-USD,SELL,15m,64,B,79.4,เข้าได้ แต่ควรลดขนาดไม้ลงเล็กน้อยหากราคาเริ่มไล่ห่าง,,82.43942522220027,98.91881947442228,False,,Trade Plan,,,,,,,,,,,,,,,,,,,,,,,,,,,,,,,,,,,,,,,,,,,,,,,,,,,,9.020999908447266,9.265934705734253,,,None,SELL,88.13141740733423,ราคาแตะเป้าปิดทำกำไรตามแผน CDC ที่ 0.20% จากจุดเข้า,158,,,,,,,,,,,,,,,,16.0,False,69.0,66.09509960159893,82.43942522220027,,0.0,CDCVIX15|LINK-USD|SELL|2026-05-29 03:30,"🔴 CDC+VixFix 15m SELL | LINK-USD
LINK-USD
────────────────
📍 Snapshot: ราคา 9.13 (+0.00%)
🧭 1H Trend: UP | STRONG | ActionZone 15m, Price Action 15m
🧪 Edge: Conf 82%
🎯 Action: ถ้ามี BUY/Long เดิม ให้ปิดกำไรหรือปิดลดความเสี่ยงตามแผนนี้
⚠️ Note: ยังไม่ใช่สัญญาณเปิด Short ใหม่ เว้นแต่โครงสร้างลงและระบบอื่นยืนยันซ้ำ
🧠 Context: Forecast SELL 88/100 | Trend ขาลง | R&gt;G 16/100 | flip 23 bars
📌 Plan: Entry 9.02 | SL 9.27
────────────────
🕒 เวลา: 2026-05-30 18:53
📈 TradingView"
d2d27b2122824a7c,2026-05-30 18:53:31,TRADAR15,BNB-USD,BUY,15m,64,A,100.0,เข้าได้ตามแผนหลัก แต่ยังต้องเคารพ SL และจังหวะเข้า,,93.6,93.6,False,1,Trade Plan,Trend Radar 15m,,,,,,,,,,,,,,,,,,,,,,,,,,,,,,,,,,,,,,,,,,,,,,,,,,,672.010009765625,,,,,,,,,,,,,,,,,,,,,,,,,,69.0,66.09509960159893,,,,TRADAR15|BNB-USD|BUY|TREND_CONTINUE|TREND_BREAKOUT_15M|672.01,"🟢 Trend Radar | BNB-USD
BNB-USD
────────────────
📍 Snapshot: ราคา 672.01 (+0.00%) | Conf 94%
🧩 Source: Trend Breakout 15m, Trend Breakout 15m
🧭 State: UP STRONG | CONTINUE
🧠 Context: 1H UP STRONG | Regime TREND_UP | ADX 43.9
📌 Plan: Entry 672.01
⚡ Tags: DIRECTIONAL_FALLBACK | BREAKOUT_READY
🧠 Context: BUY breakout bias จาก forecast_direction | 1H UP STRONG | Regime TREND_UP
⚠️ Note: trend-following setup ใช้เป็นแผนเฝ้าเข้า ไม่ใช่สัญญาณไล่ราคา
────────────────
🕒 เวลา: 2026-05-30 18:53
📈 TradingView"
794f4dfcb536cc64,2026-05-30 20:19:41,CDCVIX15,LINK-USD,SELL,15m,64,B,79.6,เข้าได้ แต่ควรลดขนาดไม้ลงเล็กน้อยหากราคาเริ่มไล่ห่าง,,82.63934805670749,99.12074153727457,False,,Trade Plan,,,,,,,,,,,,,,,,,,,,,,,,,,,,,,,,,,,,,,,,,,,,,,,,,,,,9.020999908447266,9.287249612808228,,,None,BUY,82.13116018902498,ราคาแตะเป้าปิดทำกำไรตามแผน CDC ที่ 0.20% จากจุดเข้า,164,,,,,,,,,,,,,,,,65.0,False,69.0,66.07092935504814,82.63934805670749,,0.0,CDCVIX15|LINK-USD|SELL|2026-05-29 03:30,"🔴 CDC+VixFix 15m SELL | LINK-USD
LINK-USD
────────────────
📍 Snapshot: ราคา 9.15 (+0.00%)
🧭 1H Trend: UP | STRONG | ActionZone 15m, Price Action 15m
🧪 Edge: Conf 83%
🎯 Action: ถ้ามี BUY/Long เดิม ให้ปิดกำไรหรือปิดลดความเสี่ยงตามแผนนี้
⚠️ Note: ยังไม่ใช่สัญญาณเปิด Short ใหม่ เว้นแต่โครงสร้างลงและระบบอื่นยืนยันซ้ำ
🧠 Context: Forecast BUY 82/100 | Trend ขาขึ้น | R&gt;G 65/100 | flip 1 bars
📌 Plan: Entry 9.02 | SL 9.29
────────────────
🕒 เวลา: 2026-05-30 20:19
📈 TradingView"
1b1d4f4d43f56091,2026-05-30 20:19:42,CDCVIX15,SOL-USD,SELL,15m,64,B,79.6,เข้าได้ แต่ควรลดขนาดไม้ลงเล็กน้อยหากราคาเริ่มไล่ห่าง,,82.6291496255693,92.24140064803514,False,,Trade Plan,,,,,,,,,,,,,,,,,,,,,,,,,,,,,,,,,,,,,,,,,,,,,,,,,,,,82.43000030517578,83.57509628295898,,,None,BUY,82.09716541856432,ถือครบ 24 แท่งของแผน CDC แล้ว จึงปิดรอบเพื่อลดการยืดเยื้อ,34,,,,,,,,,,,,,,,,61.0,False,69.0,66.07092935504814,82.6291496255693,,0.0,CDCVIX15|SOL-USD|SELL|2026-05-30 12:00,"🔴 CDC+VixFix 15m SELL | SOL-USD
SOL-USD
────────────────
📍 Snapshot: ราคา 82.34 (+0.00%)
🧭 1H Trend: UP | STRONG | ActionZone 15m, Price Action 15m
🧪 Edge: Conf 83%
🎯 Action: ถ้ามี BUY/Long เดิม ให้ปิดกำไรหรือปิดลดความเสี่ยงตามแผนนี้
⚠️ Note: ยังไม่ใช่สัญญาณเปิด Short ใหม่ เว้นแต่โครงสร้างลงและระบบอื่นยืนยันซ้ำ
🧠 Context: Forecast BUY 82/100 | Trend ขาขึ้น | R&gt;G 61/100 | flip 1 bars
📌 Plan: Entry 82.43 | SL 83.58
────────────────
🕒 เวลา: 2026-05-30 20:19
📈 TradingView"
a474561001fc177e,2026-05-30 20:19:42,TRADAR15,TRX-USD,SELL,15m,64,A,87.0,เข้าได้ตามแผนหลัก แต่ยังต้องเคารพ SL และจังหวะเข้า,,85.44,85.44,False,1,Trade Plan,Trend Radar 15m,,,,,,,,,,,,,,,,,,,,,,,,,,,,,,,,,,,,,,,,,,,,,,,,,,,0.343642920255661,,,,,,,,,,,,,,,,,,,,,,,,,,69.0,66.07092935504814,,,,TRADAR15|TRX-USD|SELL|TREND_CONTINUE|TREND_BREAKOUT_15M|0.3436,"🔴 Trend Radar | TRX-USD
TRX-USD
────────────────
📍 Snapshot: ราคา 0.343643 (+0.00%) | Conf 85%
🧩 Source: Trend Breakout 15m, Trend Breakout 15m
🧭 State: DOWN STRONG | CONTINUE
🧠 Context: 1H DOWN STRONG | Regime TREND_DOWN | ADX 62.6
📌 Plan: Entry 0.343643
⚡ Tags: DIRECTIONAL_FALLBACK | BREAKOUT_READY
🧠 Context: SELL breakout bias จาก forecast_direction | 1H DOWN STRONG | Regime TREND_DOWN
⚠️ Note: trend-following setup ใช้เป็นแผนเฝ้าเข้า ไม่ใช่สัญญาณไล่ราคา
────────────────
🕒 เวลา: 2026-05-30 20:19
📈 TradingView"
de3babd62483a649,2026-05-30 21:51:25,CDCVIX15,BNB-USD,SELL,15m,64,B,80.0,เข้าได้ แต่ควรลดขนาดไม้ลงเล็กน้อยหากราคาเริ่มไล่ห่าง,,83.04370673034556,92.63108432652483,False,,Trade Plan,,,,,,,,,,,,,,,,,,,,,,,,,,,,,,,,,,,,,,,,,,,,,,,,,,,,672.9000244140625,694.3005776977539,,,None,BUY,83.47902243448519,ราคาแตะเป้าปิดทำกำไรตามแผน CDC ที่ 0.20% จากจุดเข้า,14,,,,,,,,,,,,,,,,74.0,True,69.0,66.11087050858042,83.04370673034556,,0.0,CDCVIX15|BNB-USD|SELL|2026-05-30 18:30,"🔴 CDC+VixFix 15m SELL | BNB-USD
BNB-USD
────────────────
📍 Snapshot: ราคา 684.04 (+0.00%)
🧭 1H Trend: UP | STRONG | ActionZone 15m, Price Action 15m
🧪 Edge: Conf 83%
🎯 Action: ถ้ามี BUY/Long เดิม ให้ปิดกำไรหรือปิดลดความเสี่ยงตามแผนนี้
⚠️ Note: ยังไม่ใช่สัญญาณเปิด Short ใหม่ เว้นแต่โครงสร้างลงและระบบอื่นยืนยันซ้ำ
🧠 Context: Forecast BUY 83/100 | Trend ขาขึ้น | R&gt;G 74/100 | flip 7 bars | reclaim
📌 Plan: Entry 672.90 | SL 694.30
────────────────
🕒 เวลา: 2026-05-30 21:51
📈 TradingView"
ccb5fb5218ad2ac4,2026-05-30 21:51:25,TRADAR15,DOGE-USD,BUY,15m,64,A,97.5,เข้าได้ตามแผนหลัก แต่ยังต้องเคารพ SL และจังหวะเข้า,,89.1092094806284,89.1092094806284,False,1,Trade Plan,Trend Radar 15m,,,,,,,,,,,,,,,,,,,,,,,,,,,,,,,,,,,,,,,,,,,,,,,,,,,0.10100000351667404,,,,,,,,,,,,,,,,,,,,,,,,,,69.0,66.11087050858042,,,,TRADAR15|DOGE-USD|BUY|TREND_CONTINUE|TREND_BREAKOUT_15M|0.101,"🟢 Trend Radar | DOGE-USD
DOGE-USD
────────────────
📍 Snapshot: ราคา 0.101000 (+0.00%) | Conf 89%
🧩 Source: Trend Breakout 15m, Trend Breakout 15m
🧭 State: UP STRONG | CONTINUE
🧠 Context: 1H UP STRONG | Regime TREND_UP | ADX 27.0
📌 Plan: Entry 0.101000
⚡ Tags: DIRECTIONAL_FALLBACK | BREAKOUT_READY
🧠 Context: BUY breakout bias จาก forecast_direction | 1H UP STRONG | Regime TREND_UP
⚠️ Note: trend-following setup ใช้เป็นแผนเฝ้าเข้า ไม่ใช่สัญญาณไล่ราคา
────────────────
🕒 เวลา: 2026-05-30 21:51
📈 TradingView"
8eb75f24f1ca0190,2026-05-30 23:01:54,CDCVIX15,SOL-USD,SELL,15m,64,B,81.7,เข้าได้ แต่ควรลดขนาดไม้ลงเล็กน้อยหากราคาเริ่มไล่ห่าง,,84.5747289579253,94.07024522044978,False,,Trade Plan,,,,,,,,,,,,,,,,,,,,,,,,,,,,,,,,,,,,,,,,,,,,,,,,,,,,82.43000030517578,83.76794876098633,,,None,BUY,88.58242985975099,ถือครบ 24 แท่งของแผน CDC แล้ว จึงปิดรอบเพื่อลดการยืดเยื้อ,45,,,,,,,,,,,,,,,,62.0,False,69.0,66.12545141016312,84.5747289579253,,0.0,CDCVIX15|SOL-USD|SELL|2026-05-30 12:00,"🔴 CDC+VixFix 15m SELL | SOL-USD
SOL-USD
────────────────
📍 Snapshot: ราคา 82.53 (+0.00%)
🧭 1H Trend: UP | STRONG | ActionZone 15m, Price Action 15m
🧪 Edge: Conf 85%
🎯 Action: ถ้ามี BUY/Long เดิม ให้ปิดกำไรหรือปิดลดความเสี่ยงตามแผนนี้
⚠️ Note: ยังไม่ใช่สัญญาณเปิด Short ใหม่ เว้นแต่โครงสร้างลงและระบบอื่นยืนยันซ้ำ
🧠 Context: Forecast BUY 89/100 | Trend ขาขึ้น | R&gt;G 62/100 | flip 2 bars
📌 Plan: Entry 82.43 | SL 83.77
────────────────
🕒 เวลา: 2026-05-30 23:01
📈 TradingView"
88fef7e227e4a449,2026-05-30 23:01:55,CDCVIX15,DOGE-USD,SELL,15m,64,B,81.7,เข้าได้ แต่ควรลดขนาดไม้ลงเล็กน้อยหากราคาเริ่มไล่ห่าง,,84.55442216883287,94.0511568387029,False,,Trade Plan,,,,,,,,,,,,,,,,,,,,,,,,,,,,,,,,,,,,,,,,,,,,,,,,,,,,0.10092999786138535,0.10266724858433009,,,None,BUY,88.51474056277624,ราคาแตะเป้าปิดทำกำไรตามแผน CDC ที่ 0.20% จากจุดเข้า,44,,,,,,,,,,,,,,,,63.0,True,69.0,66.12545141016312,84.55442216883287,,0.0,CDCVIX15|DOGE-USD|SELL|2026-05-30 12:15,"🔴 CDC+VixFix 15m SELL | DOGE-USD
DOGE-USD
────────────────
📍 Snapshot: ราคา 0.101150 (+0.00%)
🧭 1H Trend: UP | STRONG | ActionZone 15m, Price Action 15m
🧪 Edge: Conf 85%
🎯 Action: ถ้ามี BUY/Long เดิม ให้ปิดกำไรหรือปิดลดความเสี่ยงตามแผนนี้
⚠️ Note: ยังไม่ใช่สัญญาณเปิด Short ใหม่ เว้นแต่โครงสร้างลงและระบบอื่นยืนยันซ้ำ
🧠 Context: Forecast BUY 89/100 | Trend ขาขึ้น | R&gt;G 63/100 | flip 9 bars | reclaim
📌 Plan: Entry 0.100930 | SL 0.102667
────────────────
🕒 เวลา: 2026-05-30 23:01
📈 TradingView"
c62900b52c5f9765,2026-05-30 23:01:55,TRADAR15,NEAR-USD,SELL,15m,64,B,80.6,เข้าได้ แต่ควรลดขนาดไม้ลงเล็กน้อยหากราคาเริ่มไล่ห่าง,,83.2015714958256,83.2015714958256,False,1,Trade Plan,Trend Radar 15m,,,,,,,,,,,,,,,,,,,,,,,,,,,,,,,,,,,,,,,,,,,,,,,,,,,2.3440001010894775,,,,,,,,,,,,,,,,,,,,,,,,,,69.0,66.12545141016312,,,,TRADAR15|NEAR-USD|SELL|TREND_CONTINUE|TREND_BREAKOUT_15M|2.344,"🔴 Trend Radar | NEAR-USD
NEAR-USD
────────────────
📍 Snapshot: ราคา 2.34 (+0.00%) | Conf 83%
🧩 Source: Trend Breakout 15m, Trend Breakout 15m
🧭 State: DOWN STRONG | CONTINUE
🧠 Context: 1H DOWN STRONG | Regime TREND_DOWN | ADX 25.8
📌 Plan: Entry 2.34
⚡ Tags: DIRECTIONAL_FALLBACK | BREAKOUT_READY
🧠 Context: SELL breakout bias จาก forecast_direction | 1H DOWN STRONG | Regime TREND_DOWN
⚠️ Note: trend-following setup ใช้เป็นแผนเฝ้าเข้า ไม่ใช่สัญญาณไล่ราคา
────────────────
🕒 เวลา: 2026-05-30 23:01
📈 TradingView"
046592afdc0dd507,2026-05-31 00:20:01,CDCVIX15,PAXG-USD,SELL,15m,64,A,87.5,เข้าได้ตามแผนหลัก แต่ยังต้องเคารพ SL และจังหวะเข้า,,91.0,119.18,False,,Trade Plan,,,,,,,,,,,,,,,,,,,,,,,,,,,,,,,,,,,,,,,,,,,,,,,,,,,,4544.39990234375,4588.815,,,None,SELL,92.0,ถือครบ 24 แท่งของแผน CDC แล้ว จึงปิดรอบเพื่อลดการยืดเยื้อ,90,,,,,,,,,,,,,,,,40.0,False,69.0,66.16490187761765,91.0,,0.0,CDCVIX15|PAXG-USD|SELL|2026-05-30 02:00,"🔴 CDC+VixFix 15m SELL | PAXG-USD
PAXG-USD
────────────────
📍 Snapshot: ราคา 4,521.00 (+0.00%)
🧭 1H Trend: UP | STRONG | ActionZone 15m, Price Action 15m
🧪 Edge: Conf 91%
🎯 Action: ถ้ามี BUY/Long เดิม ให้ปิดกำไรหรือปิดลดความเสี่ยงตามแผนนี้
⚠️ Note: ยังไม่ใช่สัญญาณเปิด Short ใหม่ เว้นแต่โครงสร้างลงและระบบอื่นยืนยันซ้ำ
🧠 Context: Forecast SELL 92/100 | Trend ขาลง | R&gt;G 40/100 | flip 21 bars
📌 Plan: Entry 4,544.40 | SL 4,588.81
────────────────
🕒 เวลา: 2026-05-31 00:20
📈 TradingView"
831e13ab39f2f0b5,2026-05-31 00:20:02,CDCVIX15,NEAR-USD,SELL,15m,64,A,87.5,เข้าได้ตามแผนหลัก แต่ยังต้องเคารพ SL และจังหวะเข้า,,91.0,110.91999999999999,False,,Trade Plan,,,,,,,,,,,,,,,,,,,,,,,,,,,,,,,,,,,,,,,,,,,,,,,,,,,,2.490000009536743,2.392499940735953,,,None,SELL,92.0,ถือครบ 24 แท่งของแผน CDC แล้ว จึงปิดรอบเพื่อลดการยืดเยื้อ,147,,,,,,,,,,,,,,,,12.0,False,69.0,66.16490187761765,91.0,,0.0,CDCVIX15|NEAR-USD|SELL|2026-05-29 11:45,"🔴 CDC+VixFix 15m SELL | NEAR-USD
NEAR-USD
────────────────
📍 Snapshot: ราคา 2.34 (+0.00%)
🧭 1H Trend: DOWN | STRONG | ActionZone 15m, Price Action 15m
🧪 Edge: Conf 91%
🎯 Action: ถ้ามี BUY/Long เดิม ให้ปิดกำไรหรือปิดลดความเสี่ยงตามแผนนี้
⚠️ Note: ยังไม่ใช่สัญญาณเปิด Short ใหม่ เว้นแต่โครงสร้างลงและระบบอื่นยืนยันซ้ำ
🧠 Context: Forecast SELL 92/100 | Trend ขาลง | R&gt;G 12/100 | flip 12 bars
📌 Plan: Entry 2.49 | SL 2.39
────────────────
🕒 เวลา: 2026-05-31 00:20
📈 TradingView"
fac803f35b07c2e6,2026-05-31 00:20:03,TRADAR15,NEAR-USD,SELL,15m,64,A,92.9,เข้าได้ตามแผนหลัก แต่ยังต้องเคารพ SL และจังหวะเข้า,,87.52000000000001,87.52000000000001,False,1,Trade Plan,Trend Radar 15m,,,,,,,,,,,,,,,,,,,,,,,,,,,,,,,,,,,,,,,,,,,,,,,,,,,2.3399999141693115,,,,,,,,,,,,,,,,,,,,,,,,,,69.0,66.16490187761765,,,,TRADAR15|NEAR-USD|SELL|TREND_CONTINUE|TREND_BREAKOUT_15M|2.34,"🔴 Trend Radar | NEAR-USD
NEAR-USD
────────────────
📍 Snapshot: ราคา 2.34 (+0.00%) | Conf 88%
🧩 Source: Trend Breakout 15m, Trend Breakout 15m
🧭 State: DOWN STRONG | CONTINUE
🧠 Context: 1H DOWN STRONG | Regime TREND_DOWN | ADX 35.1
📌 Plan: Entry 2.34
⚡ Tags: DIRECTIONAL_FALLBACK | BREAKOUT_READY
🧠 Context: SELL breakout bias จาก forecast_direction | 1H DOWN STRONG | Regime TREND_DOWN
⚠️ Note: trend-following setup ใช้เป็นแผนเฝ้าเข้า ไม่ใช่สัญญาณไล่ราคา
────────────────
🕒 เวลา: 2026-05-31 00:20
📈 TradingView"
3cff5546e92d054e,2026-05-31 01:37:18,CDCVIX15,PAXG-USD,SELL,15m,64,A,85.8,เข้าได้ตามแผนหลัก แต่ยังต้องเคารพ SL และจังหวะเข้า,,88.41063059179662,116.56473689771458,False,,Trade Plan,,,,,,,,,,,,,,,,,,,,,,,,,,,,,,,,,,,,,,,,,,,,,,,,,,,,4544.39990234375,4587.068981933594,,,None,SELL,88.03543530598873,ถือครบ 24 แท่งของแผน CDC แล้ว จึงปิดรอบเพื่อลดการยืดเยื้อ,95,,,,,,,,,,,,,,,,40.0,False,69.0,66.17780920212911,88.41063059179662,,0.0,CDCVIX15|PAXG-USD|SELL|2026-05-30 02:00,"🔴 CDC+VixFix 15m SELL | PAXG-USD
PAXG-USD
────────────────
📍 Snapshot: ราคา 4,519.28 (+0.00%)
🧭 1H Trend: UP | STRONG | ActionZone 15m, Price Action 15m
🧪 Edge: Conf 88%
🎯 Action: ถ้ามี BUY/Long เดิม ให้ปิดกำไรหรือปิดลดความเสี่ยงตามแผนนี้
⚠️ Note: ยังไม่ใช่สัญญาณเปิด Short ใหม่ เว้นแต่โครงสร้างลงและระบบอื่นยืนยันซ้ำ
🧠 Context: Forecast SELL 88/100 | Trend ขาลง | R&gt;G 40/100 | flip 26 bars
📌 Plan: Entry 4,544.40 | SL 4,587.07
────────────────
🕒 เวลา: 2026-05-31 01:37
📈 TradingView"
008eb79257904b75,2026-05-31 01:37:19,CDCVIX15,ADA-USD,BUY,15m,64,A,85.4,เข้าได้ตามแผนหลัก แต่ยังต้องเคารพ SL และจังหวะเข้า,,88.0,96.60000000000001,False,,Trade Plan,,,,,,,,,,,,,,,,,,,,,,,,,,,,,,,,,,,,,,,,,,,,,,,,,,,,0.23649999499320984,0.2329524950683117,,,Bullish Pinbar,BUY,92.0,"CDC ยังหนุนขาขึ้น, เพิ่งมี VixFix spike ฝั่ง panic low และโมเมนตัมเริ่มฟื้น",3,,,,,,,,,,,,,,,,84.0,False,69.0,66.17780920212911,88.0,,0.0,CDCVIX15|ADA-USD|BUY|2026-05-31 01:00,"🟢 CDC+VixFix 15m BUY | ADA-USD
ADA-USD
────────────────
📍 Snapshot: ราคา 0.236700 (+0.00%)
🧭 1H Trend: UP | STRONG | ActionZone 15m, Price Action 15m
🧪 Edge: Conf 88%
🎯 Action: ถ้ายังไม่มีสถานะ สามารถกด BUY/Long ตามแผนได้
⚠️ Note: ถ้ามี Short เดิม ควรปิด Short ก่อนแล้วค่อยเปิด BUY
🧠 Context: Forecast BUY 92/100 | Trend ขาขึ้น | R&gt;G 84/100 | flip 4 bars
📌 Plan: Entry 0.236500 | SL 0.232952
────────────────
🕒 เวลา: 2026-05-31 01:37
📈 TradingView"
a7b64de1ec216cb2,2026-05-31 01:37:19,TRADAR15,ADA-USD,BUY,15m,64,A,100.0,เข้าได้ตามแผนหลัก แต่ยังต้องเคารพ SL และจังหวะเข้า,,93.6,93.6,False,1,Trade Plan,Trend Radar 15m,,,,,,,,,,,,,,,,,,,,,,,,,,,,,,,,,,,,,,,,,,,,,,,,,,,0.23669999837875366,,,,,,,,,,,,,,,,,,,,,,,,,,69.0,66.17780920212911,,,,TRADAR15|ADA-USD|BUY|TREND_CONTINUE|TREND_BREAKOUT_15M|0.2367,"🟢 Trend Radar | ADA-USD
ADA-USD
────────────────
📍 Snapshot: ราคา 0.236700 (+0.00%) | Conf 94%
🧩 Source: Trend Breakout 15m, Trend Breakout 15m
🧭 State: UP STRONG | CONTINUE
🧠 Context: 1H UP STRONG | Regime TREND_UP | ADX 45.5
📌 Plan: Entry 0.236700
⚡ Tags: DIRECTIONAL_FALLBACK | BREAKOUT_READY
🧠 Context: BUY breakout bias จาก forecast_direction | 1H UP STRONG | Regime TREND_UP
⚠️ Note: trend-following setup ใช้เป็นแผนเฝ้าเข้า ไม่ใช่สัญญาณไล่ราคา
────────────────
🕒 เวลา: 2026-05-31 01:37
📈 TradingView"
8b4e1c8a391d7ddc,2026-05-31 02:53:03,CDCVIX15,NEAR-USD,SELL,15m,64,A,87.5,เข้าได้ตามแผนหลัก แต่ยังต้องเคารพ SL และจังหวะเข้า,,91.0,110.91999999999999,False,,Trade Plan,,,,,,,,,,,,,,,,,,,,,,,,,,,,,,,,,,,,,,,,,,,,,,,,,,,,2.489000082015991,2.361714243888855,,,None,SELL,92.0,ถือครบ 24 แท่งของแผน CDC แล้ว จึงปิดรอบเพื่อลดการยืดเยื้อ,157,,,,,,,,,,,,,,,,12.0,False,69.0,66.15274220651555,91.0,,0.0,CDCVIX15|NEAR-USD|SELL|2026-05-29 11:45,"🔴 CDC+VixFix 15m SELL | NEAR-USD
NEAR-USD
────────────────
📍 Snapshot: ราคา 2.30 (+0.00%)
🧭 1H Trend: DOWN | STRONG | ActionZone 15m, Price Action 15m
🧪 Edge: Conf 91%
🎯 Action: ถ้ามี BUY/Long เดิม ให้ปิดกำไรหรือปิดลดความเสี่ยงตามแผนนี้
⚠️ Note: ยังไม่ใช่สัญญาณเปิด Short ใหม่ เว้นแต่โครงสร้างลงและระบบอื่นยืนยันซ้ำ
🧠 Context: Forecast SELL 92/100 | Trend ขาลง | R&gt;G 12/100 | flip 22 bars
📌 Plan: Entry 2.49 | SL 2.36
────────────────
🕒 เวลา: 2026-05-31 02:53
📈 TradingView"
6d719cb07273e2be,2026-05-31 02:53:03,CDCVIX15,SOL-USD,SELL,15m,64,B,82.1,เข้าได้ แต่ควรลดขนาดไม้ลงเล็กน้อยหากราคาเริ่มไล่ห่าง,,85.0,105.28,False,,Trade Plan,,,,,,,,,,,,,,,,,,,,,,,,,,,,,,,,,,,,,,,,,,,,,,,,,,,,82.43000030517578,84.06229969024658,,,None,BUY,92.0,ราคาแตะเป้าปิดทำกำไรตามแผน CDC ที่ 0.20% จากจุดเข้า,60,,,,,,,,,,,,,,,,83.0,True,69.0,66.15274220651555,85.0,,0.0,CDCVIX15|SOL-USD|SELL|2026-05-30 12:00,"🔴 CDC+VixFix 15m SELL | SOL-USD
SOL-USD
────────────────
📍 Snapshot: ราคา 82.82 (+0.00%)
🧭 1H Trend: UP | STRONG | ActionZone 15m, Price Action 15m
🧪 Edge: Conf 85%
🎯 Action: ถ้ามี BUY/Long เดิม ให้ปิดกำไรหรือปิดลดความเสี่ยงตามแผนนี้
⚠️ Note: ยังไม่ใช่สัญญาณเปิด Short ใหม่ เว้นแต่โครงสร้างลงและระบบอื่นยืนยันซ้ำ
🧠 Context: Forecast BUY 92/100 | Trend ขาขึ้น | R&gt;G 83/100 | flip 2 bars | reclaim
📌 Plan: Entry 82.43 | SL 84.06
────────────────
🕒 เวลา: 2026-05-31 02:53
📈 TradingView"
52bd10b2b1053276,2026-05-31 02:53:04,TRADAR15,BNB-USD,BUY,15m,64,A,100.0,เข้าได้ตามแผนหลัก แต่ยังต้องเคารพ SL และจังหวะเข้า,,93.6,93.6,False,1,Trade Plan,Trend Radar 15m,,,,,,,,,,,,,,,,,,,,,,,,,,,,,,,,,,,,,,,,,,,,,,,,,,,719.0999755859375,,,,,,,,,,,,,,,,,,,,,,,,,,69.0,66.15274220651555,,,,TRADAR15|BNB-USD|BUY|TREND_CONTINUE|TREND_BREAKOUT_15M|719.1,"🟢 Trend Radar | BNB-USD
BNB-USD
────────────────
📍 Snapshot: ราคา 719.10 (+0.00%) | Conf 94%
🧩 Source: Trend Breakout 15m, Trend Breakout 15m
🧭 State: UP STRONG | CONTINUE
🧠 Context: 1H UP STRONG | Regime TREND_UP | ADX 73.3
📌 Plan: Entry 719.10
⚡ Tags: DIRECTIONAL_FALLBACK | BREAKOUT_READY
🧠 Context: BUY breakout bias จาก forecast_direction | 1H UP STRONG | Regime TREND_UP
⚠️ Note: trend-following setup ใช้เป็นแผนเฝ้าเข้า ไม่ใช่สัญญาณไล่ราคา
────────────────
🕒 เวลา: 2026-05-31 02:53
📈 TradingView"
effb3696ef8f4a57,2026-05-31 03:51:36,CDCVIX15,PAXG-USD,SELL,15m,64,B,80.0,เข้าได้ แต่ควรลดขนาดไม้ลงเล็กน้อยหากราคาเริ่มไล่ห่าง,,83.0,99.485,False,,Trade Plan,,,,,,,,,,,,,,,,,,,,,,,,,,,,,,,,,,,,,,,,,,,,,,,,,,,,4544.39990234375,4586.835551757813,,,None,SELL,92.0,ถือครบ 24 แท่งของแผน CDC แล้ว จึงปิดรอบเพื่อลดการยืดเยื้อ,104,,,,,,,,,,,,,,,,40.0,False,69.0,66.10566039447656,83.0,,0.0,CDCVIX15|PAXG-USD|SELL|2026-05-30 02:00,"🔴 CDC+VixFix 15m SELL | PAXG-USD
PAXG-USD
────────────────
📍 Snapshot: ราคา 4,519.05 (+0.00%)
🧭 1H Trend: UP | STRONG | ActionZone 15m, Price Action 15m
🧪 Edge: Conf 83%
🎯 Action: ถ้ามี BUY/Long เดิม ให้ปิดกำไรหรือปิดลดความเสี่ยงตามแผนนี้
⚠️ Note: ยังไม่ใช่สัญญาณเปิด Short ใหม่ เว้นแต่โครงสร้างลงและระบบอื่นยืนยันซ้ำ
🧠 Context: Forecast SELL 92/100 | Trend ขาลง | R&gt;G 40/100 | flip 35 bars
📌 Plan: Entry 4,544.40 | SL 4,586.84
────────────────
🕒 เวลา: 2026-05-31 03:51
📈 TradingView"
c7ad968f27d2b3cf,2026-05-31 03:51:36,CDCVIX15,SOL-USD,SELL,15m,64,B,79.6,เข้าได้ แต่ควรลดขนาดไม้ลงเล็กน้อยหากราคาเริ่มไล่ห่าง,,82.62897714332465,99.1102669147579,False,,Trade Plan,,,,,,,,,,,,,,,,,,,,,,,,,,,,,,,,,,,,,,,,,,,,,,,,,,,,82.43000030517578,84.03185092926026,,,None,SELL,62.09659047774881,ราคาแตะเป้าปิดทำกำไรตามแผน CDC ที่ 0.20% จากจุดเข้า,64,,,,,,,,,,,,,,,,26.419318095549762,False,69.0,66.10566039447656,82.62897714332465,,0.0,CDCVIX15|SOL-USD|SELL|2026-05-30 12:00,"🔴 CDC+VixFix 15m SELL | SOL-USD
SOL-USD
────────────────
📍 Snapshot: ราคา 82.79 (+0.00%)
🧭 1H Trend: UP | STRONG | ActionZone 15m, Price Action 15m
🧪 Edge: Conf 83%
🎯 Action: ถ้ามี BUY/Long เดิม ให้ปิดกำไรหรือปิดลดความเสี่ยงตามแผนนี้
⚠️ Note: ยังไม่ใช่สัญญาณเปิด Short ใหม่ เว้นแต่โครงสร้างลงและระบบอื่นยืนยันซ้ำ
🧠 Context: Forecast SELL 62/100 | Trend ขาขึ้น | R&gt;G 26/100 | flip 6 bars
📌 Plan: Entry 82.43 | SL 84.03
────────────────
🕒 เวลา: 2026-05-31 03:51
📈 TradingView"
34c8398cac9e15e4,2026-05-31 03:51:37,TRADAR15,NEAR-USD,SELL,15m,64,A,92.9,เข้าได้ตามแผนหลัก แต่ยังต้องเคารพ SL และจังหวะเข้า,,87.52000000000001,87.52000000000001,False,1,Trade Plan,Trend Radar 15m,,,,,,,,,,,,,,,,,,,,,,,,,,,,,,,,,,,,,,,,,,,,,,,,,,,2.308000087738037,,,,,,,,,,,,,,,,,,,,,,,,,,69.0,66.10566039447656,,,,TRADAR15|NEAR-USD|SELL|TREND_CONTINUE|TREND_BREAKOUT_15M|2.308,"🔴 Trend Radar | NEAR-USD
NEAR-USD
────────────────
📍 Snapshot: ราคา 2.31 (+0.00%) | Conf 88%
🧩 Source: Trend Breakout 15m, Trend Breakout 15m
🧭 State: DOWN STRONG | CONTINUE
🧠 Context: 1H DOWN STRONG | Regime TREND_DOWN | ADX 47.8
📌 Plan: Entry 2.31
⚡ Tags: DIRECTIONAL_FALLBACK | BREAKOUT_READY
🧠 Context: SELL breakout bias จาก forecast_direction | 1H DOWN STRONG | Regime TREND_DOWN
⚠️ Note: trend-following setup ใช้เป็นแผนเฝ้าเข้า ไม่ใช่สัญญาณไล่ราคา
────────────────
🕒 เวลา: 2026-05-31 03:51
📈 TradingView"
31db7cd38353f22f,2026-05-31 04:57:37,CDCVIX15,NEAR-USD,SELL,15m,64,A,87.5,เข้าได้ตามแผนหลัก แต่ยังต้องเคารพ SL และจังหวะเข้า,,91.0,110.91999999999999,False,,Trade Plan,,,,,,,,,,,,,,,,,,,,,,,,,,,,,,,,,,,,,,,,,,,,,,,,,,,,2.490000009536743,2.341428586414882,,,None,SELL,92.0,ถือครบ 24 แท่งของแผน CDC แล้ว จึงปิดรอบเพื่อลดการยืดเยื้อ,165,,,,,,,,,,,,,,,,12.0,False,69.0,67.08438881824021,91.0,,0.0,CDCVIX15|NEAR-USD|SELL|2026-05-29 11:45,"🔴 CDC+VixFix 15m SELL | NEAR-USD
NEAR-USD
────────────────
📍 Snapshot: ราคา 2.30 (+0.00%)
🧭 1H Trend: DOWN | STRONG | ActionZone 15m, Price Action 15m
🧪 Edge: Conf 91%
🎯 Action: ถ้ามี BUY/Long เดิม ให้ปิดกำไรหรือปิดลดความเสี่ยงตามแผนนี้
⚠️ Note: ยังไม่ใช่สัญญาณเปิด Short ใหม่ เว้นแต่โครงสร้างลงและระบบอื่นยืนยันซ้ำ
🧠 Context: Forecast SELL 92/100 | Trend ขาลง | R&gt;G 12/100 | flip 30 bars
📌 Plan: Entry 2.49 | SL 2.34
────────────────
🕒 เวลา: 2026-05-31 04:57
📈 TradingView"
99262f9cd372d885,2026-05-31 04:57:37,CDCVIX15,BNB-USD,BUY,15m,64,A,87.5,เข้าได้ตามแผนหลัก แต่ยังต้องเคารพ SL และจังหวะเข้า,,93.46659643819513,101.62926872313952,False,,Trade Plan,,,,,,,,,,,,,,,,,,,,,,,,,,,,,,,,,,,,,,,,,,,,,,,,,,,,725.25,709.9371381487165,,,None,BUY,81.55532146065042,"CDC ยังหนุนขาขึ้น, เพิ่งมี VixFix spike ฝั่ง panic low และโมเมนตัมเริ่มฟื้น",2,,,,,,,,,,,,,,,,71.0,True,69.0,67.08438881824021,93.46659643819513,,0.0,CDCVIX15|BNB-USD|BUY|2026-05-31 04:30,"🟢 CDC+VixFix 15m BUY | BNB-USD
BNB-USD
────────────────
📍 Snapshot: ราคา 718.81 (+0.00%)
🧭 1H Trend: UP | STRONG | ActionZone 15m, Price Action 15m
🧪 Edge: Conf 93%
🎯 Action: ถ้ายังไม่มีสถานะ สามารถกด BUY/Long ตามแผนได้
⚠️ Note: ถ้ามี Short เดิม ควรปิด Short ก่อนแล้วค่อยเปิด BUY
🧠 Context: Forecast BUY 82/100 | Trend ขาขึ้น | R&gt;G 71/100 | flip 35 bars | reclaim
📌 Plan: Entry 725.25 | SL 709.94
────────────────
🕒 เวลา: 2026-05-31 04:57
📈 TradingView"
9c1981752917231a,2026-05-31 04:57:38,TRADAR15,BNB-USD,BUY,15m,64,A,100.0,เข้าได้ตามแผนหลัก แต่ยังต้องเคารพ SL และจังหวะเข้า,,93.6,93.6,False,1,Trade Plan,Trend Radar 15m,,,,,,,,,,,,,,,,,,,,,,,,,,,,,,,,,,,,,,,,,,,,,,,,,,,718.8099975585938,,,,,,,,,,,,,,,,,,,,,,,,,,69.0,67.08438881824021,,,,TRADAR15|BNB-USD|BUY|TREND_CONTINUE|TREND_BREAKOUT_15M|718.81,"🟢 Trend Radar | BNB-USD
BNB-USD
────────────────
📍 Snapshot: ราคา 718.81 (+0.00%) | Conf 94%
🧩 Source: Trend Breakout 15m, Trend Breakout 15m
🧭 State: UP STRONG | CONTINUE
🧠 Context: 1H UP STRONG | Regime TREND_UP | ADX 58.9
📌 Plan: Entry 718.81
⚡ Tags: DIRECTIONAL_FALLBACK | BREAKOUT_READY
🧠 Context: BUY breakout bias จาก forecast_direction | 1H UP STRONG | Regime TREND_UP
⚠️ Note: trend-following setup ใช้เป็นแผนเฝ้าเข้า ไม่ใช่สัญญาณไล่ราคา
────────────────
🕒 เวลา: 2026-05-31 04:57
📈 TradingView"
6fc93b2a73f802df,2026-05-31 05:58:38,CDCVIX15,PAXG-USD,SELL,15m,64,A,87.5,เข้าได้ตามแผนหลัก แต่ยังต้องเคารพ SL และจังหวะเข้า,,91.0,119.18,False,,Trade Plan,,,,,,,,,,,,,,,,,,,,,,,,,,,,,,,,,,,,,,,,,,,,,,,,,,,,4544.39990234375,4584.1766284179685,,,None,SELL,92.0,ถือครบ 24 แท่งของแผน CDC แล้ว จึงปิดรอบเพื่อลดการยืดเยื้อ,112,,,,,,,,,,,,,,,,40.0,False,69.0,67.13677932065838,91.0,,0.0,CDCVIX15|PAXG-USD|SELL|2026-05-30 02:00,"🔴 CDC+VixFix 15m SELL | PAXG-USD
PAXG-USD
────────────────
📍 Snapshot: ราคา 4,516.43 (+0.00%)
🧭 1H Trend: UP | STRONG | ActionZone 15m, Price Action 15m
🧪 Edge: Conf 91%
🎯 Action: ถ้ามี BUY/Long เดิม ให้ปิดกำไรหรือปิดลดความเสี่ยงตามแผนนี้
⚠️ Note: ยังไม่ใช่สัญญาณเปิด Short ใหม่ เว้นแต่โครงสร้างลงและระบบอื่นยืนยันซ้ำ
🧠 Context: Forecast SELL 92/100 | Trend ขาลง | R&gt;G 40/100 | flip 43 bars
📌 Plan: Entry 4,544.40 | SL 4,584.18
────────────────
🕒 เวลา: 2026-05-31 05:58
📈 TradingView"
ae619a6ced511484,2026-05-31 05:58:39,CDCVIX15,BNB-USD,BUY,15m,64,A,87.5,เข้าได้ตามแผนหลัก แต่ยังต้องเคารพ SL และจังหวะเข้า,,95.0,103.04,False,,Trade Plan,,,,,,,,,,,,,,,,,,,,,,,,,,,,,,,,,,,,,,,,,,,,,,,,,,,,725.25,709.8685651506696,,,None,BUY,91.83095181676427,"CDC ยังหนุนขาขึ้น, เพิ่งมี VixFix spike ฝั่ง panic low และโมเมนตัมเริ่มฟื้น",6,,,,,,,,,,,,,,,,76.0,False,69.0,67.13677932065838,95.0,,0.0,CDCVIX15|BNB-USD|BUY|2026-05-31 04:30,"🟢 CDC+VixFix 15m BUY | BNB-USD
BNB-USD
────────────────
📍 Snapshot: ราคา 715.46 (+0.00%)
🧭 1H Trend: UP | STRONG | ActionZone 15m, Price Action 15m
🧪 Edge: Conf 95%
🎯 Action: ถ้ายังไม่มีสถานะ สามารถกด BUY/Long ตามแผนได้
⚠️ Note: ถ้ามี Short เดิม ควรปิด Short ก่อนแล้วค่อยเปิด BUY
🧠 Context: Forecast BUY 92/100 | Trend ขาขึ้น | R&gt;G 76/100 | flip 0 bars
📌 Plan: Entry 725.25 | SL 709.87
────────────────
🕒 เวลา: 2026-05-31 05:58
📈 TradingView"
e2c2742a0ac8f3a3,2026-05-31 05:58:39,TRADAR15,BNB-USD,BUY,15m,64,A,100.0,เข้าได้ตามแผนหลัก แต่ยังต้องเคารพ SL และจังหวะเข้า,,93.6,93.6,False,1,Trade Plan,Trend Radar 15m,,,,,,,,,,,,,,,,,,,,,,,,,,,,,,,,,,,,,,,,,,,,,,,,,,,715.4600219726562,,,,,,,,,,,,,,,,,,,,,,,,,,69.0,67.13677932065838,,,,TRADAR15|BNB-USD|BUY|TREND_CONTINUE|TREND_BREAKOUT_15M|715.46,"🟢 Trend Radar | BNB-USD
BNB-USD
────────────────
📍 Snapshot: ราคา 715.46 (+0.00%) | Conf 94%
🧩 Source: Trend Breakout 15m, Trend Breakout 15m
🧭 State: UP STRONG | CONTINUE
🧠 Context: 1H UP STRONG | Regime TREND_UP | ADX 39.1
📌 Plan: Entry 715.46
⚡ Tags: DIRECTIONAL_FALLBACK | BREAKOUT_READY
🧠 Context: BUY breakout bias จาก forecast_direction | 1H UP STRONG | Regime TREND_UP
⚠️ Note: trend-following setup ใช้เป็นแผนเฝ้าเข้า ไม่ใช่สัญญาณไล่ราคา
────────────────
🕒 เวลา: 2026-05-31 05:58
📈 TradingView"
403b8997fc50a219,2026-05-31 07:04:27,CDCVIX15,NEAR-USD,SELL,15m,64,A,87.5,เข้าได้ตามแผนหลัก แต่ยังต้องเคารพ SL และจังหวะเข้า,,91.0,110.91999999999999,False,,Trade Plan,,,,,,,,,,,,,,,,,,,,,,,,,,,,,,,,,,,,,,,,,,,,,,,,,,,,2.490000009536743,2.2912143298557828,,,None,SELL,92.0,ถือครบ 24 แท่งของแผน CDC แล้ว จึงปิดรอบเพื่อลดการยืดเยื้อ,173,,,,,,,,,,,,,,,,12.0,False,69.0,66.11705175930466,91.0,,0.0,CDCVIX15|NEAR-USD|SELL|2026-05-29 11:45,"🔴 CDC+VixFix 15m SELL | NEAR-USD
NEAR-USD
────────────────
📍 Snapshot: ราคา 2.25 (+0.00%)
🧭 1H Trend: DOWN | STRONG | ActionZone 15m, Price Action 15m
🧪 Edge: Conf 91%
🎯 Action: ถ้ามี BUY/Long เดิม ให้ปิดกำไรหรือปิดลดความเสี่ยงตามแผนนี้
⚠️ Note: ยังไม่ใช่สัญญาณเปิด Short ใหม่ เว้นแต่โครงสร้างลงและระบบอื่นยืนยันซ้ำ
🧠 Context: Forecast SELL 92/100 | Trend ขาลง | R&gt;G 12/100 | flip 38 bars
📌 Plan: Entry 2.49 | SL 2.29
────────────────
🕒 เวลา: 2026-05-31 07:04
📈 TradingView"
d2dfcf44730d6111,2026-05-31 07:04:27,CDCVIX15,BNB-USD,BUY,15m,64,A,87.5,เข้าได้ตามแผนหลัก แต่ยังต้องเคารพ SL และจังหวะเข้า,,95.0,103.04,False,,Trade Plan,,,,,,,,,,,,,,,,,,,,,,,,,,,,,,,,,,,,,,,,,,,,,,,,,,,,714.969970703125,701.2856750488281,,,None,BUY,92.0,"CDC ยังหนุนขาขึ้น, เพิ่งมี VixFix spike ฝั่ง panic low และโมเมนตัมเริ่มฟื้น",5,,,,,,,,,,,,,,,,95.0,True,69.0,66.11705175930466,95.0,,0.0,CDCVIX15|BNB-USD|BUY|2026-05-31 05:45,"🟢 CDC+VixFix 15m BUY | BNB-USD
BNB-USD
────────────────
📍 Snapshot: ราคา 719.06 (+0.00%)
🧭 1H Trend: UP | STRONG | ActionZone 15m, Price Action 15m
🧪 Edge: Conf 95%
🎯 Action: ถ้ายังไม่มีสถานะ สามารถกด BUY/Long ตามแผนได้
⚠️ Note: ถ้ามี Short เดิม ควรปิด Short ก่อนแล้วค่อยเปิด BUY
🧠 Context: Forecast BUY 92/100 | Trend ขาขึ้น | R&gt;G 95/100 | flip 5 bars | reclaim
📌 Plan: Entry 714.97 | SL 701.29
────────────────
🕒 เวลา: 2026-05-31 07:04
📈 TradingView"
fda954b289635f81,2026-05-31 07:04:28,TRADAR15,BNB-USD,BUY,15m,64,A,100.0,เข้าได้ตามแผนหลัก แต่ยังต้องเคารพ SL และจังหวะเข้า,,91.00909981578215,91.00909981578215,False,1,Trade Plan,Trend Radar 15m,,,,,,,,,,,,,,,,,,,,,,,,,,,,,,,,,,,,,,,,,,,,,,,,,,,719.0599975585938,,,,,,,,,,,,,,,,,,,,,,,,,,69.0,66.11705175930466,,,,TRADAR15|BNB-USD|BUY|TREND_CONTINUE|TREND_BREAKOUT_15M|719.06,"🟢 Trend Radar | BNB-USD
BNB-USD
────────────────
📍 Snapshot: ราคา 719.06 (+0.00%) | Conf 91%
🧩 Source: Trend Breakout 15m, Trend Breakout 15m
🧭 State: UP STRONG | CONTINUE
🧠 Context: 1H UP STRONG | Regime TREND_UP | ADX 28.2
📌 Plan: Entry 719.06
⚡ Tags: DIRECTIONAL_FALLBACK | BREAKOUT_READY
🧠 Context: BUY breakout bias จาก forecast_direction | 1H UP STRONG | Regime TREND_UP
⚠️ Note: trend-following setup ใช้เป็นแผนเฝ้าเข้า ไม่ใช่สัญญาณไล่ราคา
────────────────
🕒 เวลา: 2026-05-31 07:04
📈 TradingView"
e4279be11040e2b0,2026-05-31 11:49:44,CDCVIX15,PAXG-USD,SELL,15m,64,A,87.5,เข้าได้ตามแผนหลัก แต่ยังต้องเคารพ SL และจังหวะเข้า,,91.0,110.91999999999999,False,,Trade Plan,,,,,,,,,,,,,,,,,,,,,,,,,,,,,,,,,,,,,,,,,,,,,,,,,,,,4544.39990234375,4582.532209472656,,,None,SELL,92.0,ถือครบ 24 แท่งของแผน CDC แล้ว จึงปิดรอบเพื่อลดการยืดเยื้อ,136,,,,,,,,,,,,,,,,40.0,False,69.0,66.12567706991842,91.0,,0.0,CDCVIX15|PAXG-USD|SELL|2026-05-30 02:00,"🔴 CDC+VixFix 15m SELL | PAXG-USD
PAXG-USD
────────────────
📍 Snapshot: ราคา 4,514.81 (+0.00%)
🧭 1H Trend: UP | STRONG | ActionZone 15m, Price Action 15m
🧪 Edge: Conf 91%
🎯 Action: ถ้ามี BUY/Long เดิม ให้ปิดกำไรหรือปิดลดความเสี่ยงตามแผนนี้
⚠️ Note: ยังไม่ใช่สัญญาณเปิด Short ใหม่ เว้นแต่โครงสร้างลงและระบบอื่นยืนยันซ้ำ
🧠 Context: Forecast SELL 92/100 | Trend ขาลง | R&gt;G 40/100 | flip 67 bars
📌 Plan: Entry 4,544.40 | SL 4,582.53
────────────────
🕒 เวลา: 2026-05-31 11:49
📈 TradingView"
cb447e63f40151aa,2026-05-31 11:49:45,CDCVIX15,BNB-USD,SELL,15m,64,A,85.0,เข้าได้ตามแผนหลัก แต่ยังต้องเคารพ SL และจังหวะเข้า,,87.70140481676809,107.819320527762,False,,Trade Plan,,,,,,,,,,,,,,,,,,,,,,,,,,,,,,,,,,,,,,,,,,,,,,,,,,,,714.969970703125,745.0071934291294,,,None,SELL,79.00468272256032,ราคาแตะเป้าปิดทำกำไรตามแผน CDC ที่ 0.20% จากจุดเข้า,25,,,,,,,,,,,,,,,,60.80093654451207,False,69.0,66.12567706991842,87.70140481676809,,0.0,CDCVIX15|BNB-USD|SELL|2026-05-31 05:45,"🔴 CDC+VixFix 15m SELL | BNB-USD
BNB-USD
────────────────
📍 Snapshot: ราคา 730.65 (+0.00%)
🧭 1H Trend: UP | STRONG | ActionZone 15m, Price Action 15m
🧪 Edge: Conf 88%
🎯 Action: ถ้ามี BUY/Long เดิม ให้ปิดกำไรหรือปิดลดความเสี่ยงตามแผนนี้
⚠️ Note: ยังไม่ใช่สัญญาณเปิด Short ใหม่ เว้นแต่โครงสร้างลงและระบบอื่นยืนยันซ้ำ
🧠 Context: Forecast SELL 79/100 | Trend ขาขึ้น | R&gt;G 61/100 | flip 25 bars | follow-through
📌 Plan: Entry 714.97 | SL 745.01
────────────────
🕒 เวลา: 2026-05-31 11:49
📈 TradingView"
e899c5742bc18363,2026-05-31 11:49:45,TRADAR15,NEAR-USD,SELL,15m,64,A,100.0,เข้าได้ตามแผนหลัก แต่ยังต้องเคารพ SL และจังหวะเข้า,,91.52000000000001,91.52000000000001,False,1,Trade Plan,Trend Radar 15m,,,,,,,,,,,,,,,,,,,,,,,,,,,,,,,,,,,,,,,,,,,,,,,,,,,2.311000108718872,,,,,,,,,,,,,,,,,,,,,,,,,,69.0,66.12567706991842,,,,TRADAR15|NEAR-USD|SELL|TREND_CONTINUE|TREND_BREAKOUT_15M|2.311,"🔴 Trend Radar | NEAR-USD
NEAR-USD
────────────────
📍 Snapshot: ราคา 2.31 (+0.00%) | Conf 92%
🧩 Source: Trend Breakout 15m, Trend Breakout 15m
🧭 State: DOWN STRONG | CONTINUE
🧠 Context: 1H DOWN STRONG | Regime TREND_DOWN | ADX 39.8
📌 Plan: Entry 2.31
⚡ Tags: DIRECTIONAL_FALLBACK | BREAKOUT_READY
🧠 Context: SELL breakout bias จาก forecast_direction | 1H DOWN STRONG | Regime TREND_DOWN
⚠️ Note: trend-following setup ใช้เป็นแผนเฝ้าเข้า ไม่ใช่สัญญาณไล่ราคา
────────────────
🕒 เวลา: 2026-05-31 11:49
📈 TradingView"
d5b79e3821dbfc33,2026-05-31 15:12:01,CDCVIX15,XRP-USD,SELL,15m,64,A,87.2,เข้าได้ตามแผนหลัก แต่ยังต้องเคารพ SL และจังหวะเข้า,,89.75500213643289,117.92255215779723,False,,Trade Plan,,,,,,,,,,,,,,,,,,,,,,,,,,,,,,,,,,,,,,,,,,,,,,,,,,,,1.3468999862670898,1.353806957602501,,,None,SELL,85.850007121443,ถือครบ 48 แท่งของแผน CDC แล้ว จึงปิดรอบเพื่อลดการยืดเยื้อ,49,,,,,,,,,,,,,,,,11.0,False,69.0,66.06202498944683,89.75500213643289,,0.0,CDCVIX15|XRP-USD|SELL|2026-05-31 03:00,"🔴 CDC+VixFix 15m SELL | XRP-USD
XRP-USD
────────────────
📍 Snapshot: ราคา 1.33 (+0.00%)
🧭 1H Trend: DOWN | STRONG | ActionZone 15m, Price Action 15m
🧪 Edge: Conf 90%
🎯 Action: ถ้ามี BUY/Long เดิม ให้ปิดกำไรหรือปิดลดความเสี่ยงตามแผนนี้
⚠️ Note: ยังไม่ใช่สัญญาณเปิด Short ใหม่ เว้นแต่โครงสร้างลงและระบบอื่นยืนยันซ้ำ
🧠 Context: Forecast SELL 86/100 | Trend ขาลง | R&gt;G 11/100 | flip 15 bars
📌 Plan: Entry 1.35 | SL 1.35
────────────────
🕒 เวลา: 2026-05-31 15:12
📈 TradingView"
b96e4d050ff5b193,2026-05-31 15:12:01,CDCVIX15,DOGE-USD,SELL,15m,64,A,87.3,เข้าได้ตามแผนหลัก แต่ยังต้องเคารพ SL และจังหวะเข้า,,89.7760844830783,109.7695194140936,False,,Trade Plan,,,,,,,,,,,,,,,,,,,,,,,,,,,,,,,,,,,,,,,,,,,,,,,,,,,,0.10199999809265137,0.10186539862304926,,,None,SELL,85.92028161026099,ถือครบ 48 แท่งของแผน CDC แล้ว จึงปิดรอบเพื่อลดการยืดเยื้อ,367,,,,,,,,,,,,,,,,25.0,False,69.0,66.06202498944683,89.7760844830783,,0.0,CDCVIX15|DOGE-USD|SELL|2026-05-27 19:30,"🔴 CDC+VixFix 15m SELL | DOGE-USD
DOGE-USD
────────────────
📍 Snapshot: ราคา 0.100360 (+0.00%)
🧭 1H Trend: DOWN | STRONG | ActionZone 15m, Price Action 15m
🧪 Edge: Conf 90%
🎯 Action: ถ้ามี BUY/Long เดิม ให้ปิดกำไรหรือปิดลดความเสี่ยงตามแผนนี้
⚠️ Note: ยังไม่ใช่สัญญาณเปิด Short ใหม่ เว้นแต่โครงสร้างลงและระบบอื่นยืนยันซ้ำ
🧠 Context: Forecast SELL 86/100 | Trend ขาลง | R&gt;G 25/100 | flip 21 bars
📌 Plan: Entry 0.102000 | SL 0.101865
────────────────
🕒 เวลา: 2026-05-31 15:12
📈 TradingView"
71afd566fe74b83d,2026-05-31 15:12:02,TRADAR15,NEAR-USD,SELL,15m,64,A,87.0,เข้าได้ตามแผนหลัก แต่ยังต้องเคารพ SL และจังหวะเข้า,,85.44,85.44,False,1,Trade Plan,Trend Radar 15m,,,,,,,,,,,,,,,,,,,,,,,,,,,,,,,,,,,,,,,,,,,,,,,,,,,2.2990000247955322,,,,,,,,,,,,,,,,,,,,,,,,,,69.0,66.06202498944683,,,,TRADAR15|NEAR-USD|SELL|TREND_CONTINUE|TREND_BREAKOUT_15M|2.299,"🔴 Trend Radar | NEAR-USD
NEAR-USD
────────────────
📍 Snapshot: ราคา 2.30 (+0.00%) | Conf 85%
🧩 Source: Trend Breakout 15m, Trend Breakout 15m
🧭 State: DOWN STRONG | CONTINUE
🧠 Context: 1H DOWN STRONG | Regime TREND_DOWN | ADX 70.2
📌 Plan: Entry 2.30
⚡ Tags: DIRECTIONAL_FALLBACK | BREAKOUT_READY
🧠 Context: SELL breakout bias จาก forecast_direction | 1H DOWN STRONG | Regime TREND_DOWN
⚠️ Note: trend-following setup ใช้เป็นแผนเฝ้าเข้า ไม่ใช่สัญญาณไล่ราคา
────────────────
🕒 เวลา: 2026-05-31 15:12
📈 TradingView"
6938fd259449d747,2026-05-31 17:24:30,CDCVIX15,LINK-USD,SELL,15m,64,A,87.5,เข้าได้ตามแผนหลัก แต่ยังต้องเคารพ SL และจังหวะเข้า,,91.0,119.18,False,,Trade Plan,,,,,,,,,,,,,,,,,,,,,,,,,,,,,,,,,,,,,,,,,,,,,,,,,,,,9.020999908447266,9.29841525554657,,,None,SELL,92.0,ราคาแตะเป้าปิดทำกำไรตามแผน CDC ที่ 0.20% จากจุดเข้า,248,,,,,,,,,,,,,,,,11.0,False,69.0,66.10759434123867,91.0,,0.0,CDCVIX15|LINK-USD|SELL|2026-05-29 03:30,"🔴 CDC+VixFix 15m SELL | LINK-USD
LINK-USD
────────────────
📍 Snapshot: ราคา 9.16 (+0.00%)
🧭 1H Trend: UP | STRONG | ActionZone 15m, Price Action 15m
🧪 Edge: Conf 91%
🎯 Action: ถ้ามี BUY/Long เดิม ให้ปิดกำไรหรือปิดลดความเสี่ยงตามแผนนี้
⚠️ Note: ยังไม่ใช่สัญญาณเปิด Short ใหม่ เว้นแต่โครงสร้างลงและระบบอื่นยืนยันซ้ำ
🧠 Context: Forecast SELL 92/100 | Trend ขาลง | R&gt;G 11/100 | flip 6 bars
📌 Plan: Entry 9.02 | SL 9.30
────────────────
🕒 เวลา: 2026-05-31 17:24
📈 TradingView"
b9abf3619a3eae6f,2026-05-31 17:24:31,CDCVIX15,BTC-USD,SELL,15m,64,A,87.5,เข้าได้ตามแผนหลัก แต่ยังต้องเคารพ SL และจังหวะเข้า,,91.0,110.91999999999999,False,,Trade Plan,,,,,,,,,,,,,,,,,,,,,,,,,,,,,,,,,,,,,,,,,,,,,,,,,,,,73871.1796875,74740.7858203125,,,None,SELL,92.0,ถือครบ 24 แท่งของแผน CDC แล้ว จึงปิดรอบเพื่อลดการยืดเยื้อ,55,,,,,,,,,,,,,,,,17.0,False,69.0,66.10759434123867,91.0,,0.0,CDCVIX15|BTC-USD|SELL|2026-05-31 03:45,"🔴 CDC+VixFix 15m SELL | BTC-USD
BTC-USD
────────────────
📍 Snapshot: ราคา 73,636.24 (+0.00%)
🧭 1H Trend: DOWN | STRONG | ActionZone 15m, Price Action 15m
🧪 Edge: Conf 91%
🎯 Action: ถ้ามี BUY/Long เดิม ให้ปิดกำไรหรือปิดลดความเสี่ยงตามแผนนี้
⚠️ Note: ยังไม่ใช่สัญญาณเปิด Short ใหม่ เว้นแต่โครงสร้างลงและระบบอื่นยืนยันซ้ำ
🧠 Context: Forecast SELL 92/100 | Trend ขาลง | R&gt;G 17/100 | flip 31 bars
📌 Plan: Entry 73,871.18 | SL 74,740.79
────────────────
🕒 เวลา: 2026-05-31 17:24
📈 TradingView"
84fc9854dffe2cda,2026-05-31 17:24:31,TRADAR15,XRP-USD,SELL,15m,64,A,99.9,เข้าได้ตามแผนหลัก แต่ยังต้องเคารพ SL และจังหวะเข้า,,89.96000000000001,89.96000000000001,False,1,Trade Plan,Trend Radar 15m,,,,,,,,,,,,,,,,,,,,,,,,,,,,,,,,,,,,,,,,,,,,,,,,,,,1.3327000141143799,,,,,,,,,,,,,,,,,,,,,,,,,,69.0,66.10759434123867,,,,TRADAR15|XRP-USD|SELL|TREND_CONTINUE|PRICE_ACTION_15M|1.3327,"🔴 Trend Radar | XRP-USD
XRP-USD
────────────────
📍 Snapshot: ราคา 1.33 (+0.00%) | Conf 90%
🧩 Source: Price Action 15m, Price Action 15m
🧭 State: DOWN STRONG | CONTINUE
🧠 Context: 1H DOWN STRONG | Regime TREND_DOWN | ADX 43.1
📌 Plan: Entry 1.33
⚡ Tags: DIRECTIONAL_FALLBACK | DOWNTREND
🧠 Context: SELL continuation bias จาก forecast_direction | 1H DOWN STRONG | Regime TREND_DOWN
⚠️ Note: trend-following setup ใช้เป็นแผนเฝ้าเข้า ไม่ใช่สัญญาณไล่ราคา
────────────────
🕒 เวลา: 2026-05-31 17:24
📈 TradingView"
c976e052a247ccff,2026-05-31 18:55:47,CDCVIX15,BNB-USD,SELL,15m,64,A,87.5,เข้าได้ตามแผนหลัก แต่ยังต้องเคารพ SL และจังหวะเข้า,,95.0,123.22,False,,Trade Plan,,,,,,,,,,,,,,,,,,,,,,,,,,,,,,,,,,,,,,,,,,,,,,,,,,,,725.25,732.5457702636719,,,None,SELL,92.0,ถือครบ 24 แท่งของแผน CDC แล้ว จึงปิดรอบเพื่อลดการยืดเยื้อ,58,,,,,,,,,,,,,,,,42.0,False,69.0,67.10756310076074,95.0,,0.0,CDCVIX15|BNB-USD|SELL|2026-05-31 04:30,"🔴 CDC+VixFix 15m SELL | BNB-USD
BNB-USD
────────────────
📍 Snapshot: ราคา 721.72 (+0.00%)
🧭 1H Trend: UP | STRONG | ActionZone 15m, Price Action 15m
🧪 Edge: Conf 95%
🎯 Action: ถ้ามี BUY/Long เดิม ให้ปิดกำไรหรือปิดลดความเสี่ยงตามแผนนี้
⚠️ Note: ยังไม่ใช่สัญญาณเปิด Short ใหม่ เว้นแต่โครงสร้างลงและระบบอื่นยืนยันซ้ำ
🧠 Context: Forecast SELL 92/100 | Trend ขาลง | R&gt;G 42/100 | flip 28 bars
📌 Plan: Entry 725.25 | SL 732.55
────────────────
🕒 เวลา: 2026-05-31 18:55
📈 TradingView"
9ae5c18c544fdbc3,2026-05-31 18:55:48,CDCVIX15,ADA-USD,SELL,15m,64,A,87.5,เข้าได้ตามแผนหลัก แต่ยังต้องเคารพ SL และจังหวะเข้า,,91.0,119.18,False,,Trade Plan,,,,,,,,,,,,,,,,,,,,,,,,,,,,,,,,,,,,,,,,,,,,,,,,,,,,0.23649999499320984,0.24014899663627148,,,None,SELL,92.0,ถือครบ 24 แท่งของแผน CDC แล้ว จึงปิดรอบเพื่อลดการยืดเยื้อ,72,,,,,,,,,,,,,,,,26.0,False,69.0,67.10756310076074,91.0,,0.0,CDCVIX15|ADA-USD|SELL|2026-05-31 01:00,"🔴 CDC+VixFix 15m SELL | ADA-USD
ADA-USD
────────────────
📍 Snapshot: ราคา 0.236600 (+0.00%)
🧭 1H Trend: UP | STRONG | ActionZone 15m, Price Action 15m
🧪 Edge: Conf 91%
🎯 Action: ถ้ามี BUY/Long เดิม ให้ปิดกำไรหรือปิดลดความเสี่ยงตามแผนนี้
⚠️ Note: ยังไม่ใช่สัญญาณเปิด Short ใหม่ เว้นแต่โครงสร้างลงและระบบอื่นยืนยันซ้ำ
🧠 Context: Forecast SELL 92/100 | Trend ขาลง | R&gt;G 26/100 | flip 21 bars
📌 Plan: Entry 0.236500 | SL 0.240149
────────────────
🕒 เวลา: 2026-05-31 18:55
📈 TradingView"
256e2032c74a9a62,2026-05-31 18:55:49,TRADAR15,NEAR-USD,SELL,15m,64,A,91.9,เข้าได้ตามแผนหลัก แต่ยังต้องเคารพ SL และจังหวะเข้า,,87.18183625701563,87.18183625701563,False,1,Trade Plan,Trend Radar 15m,,,,,,,,,,,,,,,,,,,,,,,,,,,,,,,,,,,,,,,,,,,,,,,,,,,2.2679998874664307,,,,,,,,,,,,,,,,,,,,,,,,,,69.0,67.10756310076074,,,,TRADAR15|NEAR-USD|SELL|TREND_CONTINUE|TREND_BREAKOUT_15M|2.268,"🔴 Trend Radar | NEAR-USD
NEAR-USD
────────────────
📍 Snapshot: ราคา 2.27 (+0.00%) | Conf 87%
🧩 Source: Trend Breakout 15m, Trend Breakout 15m
🧭 State: DOWN STRONG | CONTINUE
🧠 Context: 1H DOWN STRONG | Regime TREND_DOWN | ADX 32.4
📌 Plan: Entry 2.27
⚡ Tags: DIRECTIONAL_FALLBACK | BREAKOUT_READY
🧠 Context: SELL breakout bias จาก forecast_direction | 1H DOWN STRONG | Regime TREND_DOWN
⚠️ Note: trend-following setup ใช้เป็นแผนเฝ้าเข้า ไม่ใช่สัญญาณไล่ราคา
────────────────
🕒 เวลา: 2026-05-31 18:55
📈 TradingView"
6bd94bcf49ea82b7,2026-05-31 22:02:02,CDCVIX15,BNB-USD,SELL,15m,64,A,87.5,เข้าได้ตามแผนหลัก แต่ยังต้องเคารพ SL และจังหวะเข้า,,91.0,110.91999999999999,False,,Trade Plan,,,,,,,,,,,,,,,,,,,,,,,,,,,,,,,,,,,,,,,,,,,,,,,,,,,,714.969970703125,729.3485574340821,,,None,SELL,92.0,ราคาแตะเป้าปิดทำกำไรตามแผน CDC ที่ 0.20% จากจุดเข้า,66,,,,,,,,,,,,,,,,11.0,False,69.0,66.20672748799714,91.0,,0.0,CDCVIX15|BNB-USD|SELL|2026-05-31 05:45,"🔴 CDC+VixFix 15m SELL | BNB-USD
BNB-USD
────────────────
📍 Snapshot: ราคา 718.57 (+0.00%)
🧭 1H Trend: UP | STRONG | ActionZone 15m, Price Action 15m
🧪 Edge: Conf 91%
🎯 Action: ถ้ามี BUY/Long เดิม ให้ปิดกำไรหรือปิดลดความเสี่ยงตามแผนนี้
⚠️ Note: ยังไม่ใช่สัญญาณเปิด Short ใหม่ เว้นแต่โครงสร้างลงและระบบอื่นยืนยันซ้ำ
🧠 Context: Forecast SELL 92/100 | Trend ขาลง | R&gt;G 11/100 | flip 7 bars
📌 Plan: Entry 714.97 | SL 729.35
────────────────
🕒 เวลา: 2026-05-31 22:02
📈 TradingView"
ad5db2487b9d6edd,2026-05-31 22:02:03,CDCVIX15,SOL-USD,SELL,15m,64,B,78.1,เข้าได้ แต่ควรลดขนาดไม้ลงเล็กน้อยหากราคาเริ่มไล่ห่าง,,81.18533411044277,90.8842140638162,False,,Trade Plan,,,,,,,,,,,,,,,,,,,,,,,,,,,,,,,,,,,,,,,,,,,,,,,,,,,,82.43000030517578,83.0777484512329,,,None,SELL,83.95111370147588,ถือครบ 24 แท่งของแผน CDC แล้ว จึงปิดรอบเพื่อลดการยืดเยื้อ,137,,,,,,,,,,,,,,,,1.0,False,69.0,66.20672748799714,81.18533411044277,,0.0,CDCVIX15|SOL-USD|SELL|2026-05-30 12:00,"🔴 CDC+VixFix 15m SELL | SOL-USD
SOL-USD
────────────────
📍 Snapshot: ราคา 81.85 (+0.00%)
🧭 1H Trend: DOWN | STRONG | ActionZone 15m, Price Action 15m
🧪 Edge: Conf 81%
🎯 Action: ถ้ามี BUY/Long เดิม ให้ปิดกำไรหรือปิดลดความเสี่ยงตามแผนนี้
⚠️ Note: ยังไม่ใช่สัญญาณเปิด Short ใหม่ เว้นแต่โครงสร้างลงและระบบอื่นยืนยันซ้ำ
🧠 Context: Forecast SELL 84/100 | Trend ขาลง | R&gt;G 1/100 | flip 8 bars
📌 Plan: Entry 82.43 | SL 83.08
────────────────
🕒 เวลา: 2026-05-31 22:02
📈 TradingView"
e8ebdbf3a4d04be6,2026-05-31 22:02:03,TRADAR15,ETH-USD,SELL,15m,64,A,92.9,เข้าได้ตามแผนหลัก แต่ยังต้องเคารพ SL และจังหวะเข้า,,87.52000000000001,87.52000000000001,False,1,Trade Plan,Trend Radar 15m,,,,,,,,,,,,,,,,,,,,,,,,,,,,,,,,,,,,,,,,,,,,,,,,,,,2006.0699462890625,,,,,,,,,,,,,,,,,,,,,,,,,,69.0,66.20672748799714,,,,TRADAR15|ETH-USD|SELL|TREND_CONTINUE|TREND_BREAKOUT_15M|2006.0699,"🔴 Trend Radar | ETH-USD
ETH-USD
────────────────
📍 Snapshot: ราคา 2,006.07 (+0.00%) | Conf 88%
🧩 Source: Trend Breakout 15m, Trend Breakout 15m
🧭 State: DOWN STRONG | CONTINUE
🧠 Context: 1H DOWN STRONG | Regime TREND_DOWN | ADX 38.2
📌 Plan: Entry 2,006.07
⚡ Tags: DIRECTIONAL_FALLBACK | BREAKOUT_READY
🧠 Context: SELL breakout bias จาก forecast_direction | 1H DOWN STRONG | Regime TREND_DOWN
⚠️ Note: trend-following setup ใช้เป็นแผนเฝ้าเข้า ไม่ใช่สัญญาณไล่ราคา
────────────────
🕒 เวลา: 2026-05-31 22:02
📈 TradingView"
fb6a67e06ef86282,2026-05-31 23:36:07,CDCVIX15,BTC-USD,SELL,15m,64,A,87.5,เข้าได้ตามแผนหลัก แต่ยังต้องเคารพ SL และจังหวะเข้า,,91.0,110.91999999999999,False,,Trade Plan,,,,,,,,,,,,,,,,,,,,,,,,,,,,,,,,,,,,,,,,,,,,,,,,,,,,73871.1796875,74415.74,,,None,SELL,92.0,ถือครบ 24 แท่งของแผน CDC แล้ว จึงปิดรอบเพื่อลดการยืดเยื้อ,80,,,,,,,,,,,,,,,,17.0,False,69.0,66.2853452028107,91.0,,0.0,CDCVIX15|BTC-USD|SELL|2026-05-31 03:45,"🔴 CDC+VixFix 15m SELL | BTC-USD
BTC-USD
────────────────
📍 Snapshot: ราคา 73,316.00 (+0.00%)
🧭 1H Trend: DOWN | STRONG | ActionZone 15m, Price Action 15m
🧪 Edge: Conf 91%
🎯 Action: ถ้ามี BUY/Long เดิม ให้ปิดกำไรหรือปิดลดความเสี่ยงตามแผนนี้
⚠️ Note: ยังไม่ใช่สัญญาณเปิด Short ใหม่ เว้นแต่โครงสร้างลงและระบบอื่นยืนยันซ้ำ
🧠 Context: Forecast SELL 92/100 | Trend ขาลง | R&gt;G 17/100 | flip 56 bars
📌 Plan: Entry 73,871.18 | SL 74,415.74
────────────────
🕒 เวลา: 2026-05-31 23:36
📈 TradingView"
852a7d181a7d8e9c,2026-05-31 23:36:08,CDCVIX15,ETH-USD,SELL,15m,64,A,87.5,เข้าได้ตามแผนหลัก แต่ยังต้องเคารพ SL และจังหวะเข้า,,91.0,110.91999999999999,False,,Trade Plan,,,,,,,,,,,,,,,,,,,,,,,,,,,,,,,,,,,,,,,,,,,,,,,,,,,,2118.699951171875,2027.9598400878906,,,None,SELL,92.0,ถือครบ 24 แท่งของแผน CDC แล้ว จึงปิดรอบเพื่อลดการยืดเยื้อ,506,,,,,,,,,,,,,,,,1.0,False,69.0,66.2853452028107,91.0,,0.0,CDCVIX15|ETH-USD|SELL|2026-05-26 17:15,"🔴 CDC+VixFix 15m SELL | ETH-USD
ETH-USD
────────────────
📍 Snapshot: ราคา 1,997.99 (+0.00%)
🧭 1H Trend: DOWN | STRONG | ActionZone 15m, Price Action 15m
🧪 Edge: Conf 91%
🎯 Action: ถ้ามี BUY/Long เดิม ให้ปิดกำไรหรือปิดลดความเสี่ยงตามแผนนี้
⚠️ Note: ยังไม่ใช่สัญญาณเปิด Short ใหม่ เว้นแต่โครงสร้างลงและระบบอื่นยืนยันซ้ำ
🧠 Context: Forecast SELL 92/100 | Trend ขาลง | R&gt;G 1/100 | flip 50 bars
📌 Plan: Entry 2,118.70 | SL 2,027.96
────────────────
🕒 เวลา: 2026-05-31 23:36
📈 TradingView"
1472f82d55c0b4dd,2026-05-31 23:36:08,TRADAR15,BTC-USD,SELL,15m,64,A,99.9,เข้าได้ตามแผนหลัก แต่ยังต้องเคารพ SL และจังหวะเข้า,,89.96000000000001,89.96000000000001,False,1,Trade Plan,Trend Radar 15m,,,,,,,,,,,,,,,,,,,,,,,,,,,,,,,,,,,,,,,,,,,,,,,,,,,73316.0,,,,,,,,,,,,,,,,,,,,,,,,,,69.0,66.2853452028107,,,,TRADAR15|BTC-USD|SELL|TREND_CONTINUE|PRICE_ACTION_15M|73316.0,"🔴 Trend Radar | BTC-USD
BTC-USD
────────────────
📍 Snapshot: ราคา 73,321.70 (+0.00%) | Conf 90%
🧩 Source: Price Action 15m, Price Action 15m
🧭 State: DOWN STRONG | CONTINUE
🧠 Context: 1H DOWN STRONG | Regime TREND_DOWN | ADX 47.4
📌 Plan: Entry 73,316.00
⚡ Tags: DIRECTIONAL_FALLBACK | DOWNTREND
🧠 Context: SELL continuation bias จาก forecast_direction | 1H DOWN STRONG | Regime TREND_DOWN
⚠️ Note: trend-following setup ใช้เป็นแผนเฝ้าเข้า ไม่ใช่สัญญาณไล่ราคา
────────────────
🕒 เวลา: 2026-05-31 23:36
📈 TradingView"
b0e98d83ddfaafe3,2026-06-01 00:43:56,TRADAR15,DOGE-USD,SELL,15m,64,A,99.9,เข้าได้ตามแผนหลัก แต่ยังต้องเคารพ SL และจังหวะเข้า,,89.96000000000001,89.96000000000001,False,1,Trade Plan,Trend Radar 15m,,,,,,,,,,,,,,,,,,,,,,,,,,,,,,,,,,,,,,,,,,,,,,,,,,,0.09934999793767929,,,,,,,,,,,,,,,,,,,,,,,,,,69.0,66.29142568402987,,,,TRADAR15|DOGE-USD|SELL|TREND_CONTINUE|PRICE_ACTION_15M|0.0993,"🔴 Trend Radar | DOGE-USD
DOGE-USD
────────────────
📍 Snapshot: ราคา 0.099350 (+0.00%) | Conf 90%
🧩 Source: Price Action 15m, Price Action 15m
🧭 State: DOWN STRONG | CONTINUE
🧠 Context: 1H DOWN STRONG | Regime TREND_DOWN | ADX 54.4
📌 Plan: Entry 0.099350
⚡ Tags: DIRECTIONAL_FALLBACK | DOWNTREND
🧠 Context: SELL continuation bias จาก forecast_direction | 1H DOWN STRONG | Regime TREND_DOWN
⚠️ Note: trend-following setup ใช้เป็นแผนเฝ้าเข้า ไม่ใช่สัญญาณไล่ราคา
────────────────
🕒 เวลา: 2026-06-01 00:43
📈 TradingView"
3c4ccb0e93faeb46,2026-06-01 01:52:57,CDCVIX15,BTC-USD,SELL,15m,64,A,87.5,เข้าได้ตามแผนหลัก แต่ยังต้องเคารพ SL และจังหวะเข้า,,91.0,110.91999999999999,False,,Trade Plan,,,,,,,,,,,,,,,,,,,,,,,,,,,,,,,,,,,,,,,,,,,,,,,,,,,,73871.1796875,74599.121953125,,,None,SELL,92.0,ถือครบ 24 แท่งของแผน CDC แล้ว จึงปิดรอบเพื่อลดการยืดเยื้อ,89,,,,,,,,,,,,,,,,17.0,False,69.0,66.2224832519319,91.0,,0.0,CDCVIX15|BTC-USD|SELL|2026-05-31 03:45,"🔴 CDC+VixFix 15m SELL | BTC-USD
BTC-USD
────────────────
📍 Snapshot: ราคา 73,496.67 (+0.00%)
🧭 1H Trend: DOWN | STRONG | ActionZone 15m, Price Action 15m
🧪 Edge: Conf 91%
🎯 Action: ถ้ามี BUY/Long เดิม ให้ปิดกำไรหรือปิดลดความเสี่ยงตามแผนนี้
⚠️ Note: ยังไม่ใช่สัญญาณเปิด Short ใหม่ เว้นแต่โครงสร้างลงและระบบอื่นยืนยันซ้ำ
🧠 Context: Forecast SELL 92/100 | Trend ขาลง | R&gt;G 17/100 | flip 65 bars
📌 Plan: Entry 73,871.18 | SL 74,599.12
────────────────
🕒 เวลา: 2026-06-01 01:52
📈 TradingView"
d9edda22f1d1841e,2026-06-01 01:52:58,CDCVIX15,DOGE-USD,SELL,15m,64,A,87.5,เข้าได้ตามแผนหลัก แต่ยังต้องเคารพ SL และจังหวะเข้า,,91.0,110.91999999999999,False,,Trade Plan,,,,,,,,,,,,,,,,,,,,,,,,,,,,,,,,,,,,,,,,,,,,,,,,,,,,0.10092999786138535,0.10078949704766274,,,None,SELL,91.71783450370445,ถือครบ 48 แท่งของแผน CDC แล้ว จึงปิดรอบเพื่อลดการยืดเยื้อ,151,,,,,,,,,,,,,,,,25.0,False,69.0,66.2224832519319,91.0,,0.0,CDCVIX15|DOGE-USD|SELL|2026-05-30 12:15,"🔴 CDC+VixFix 15m SELL | DOGE-USD
DOGE-USD
────────────────
📍 Snapshot: ราคา 0.099300 (+0.00%)
🧭 1H Trend: DOWN | STRONG | ActionZone 15m, Price Action 15m
🧪 Edge: Conf 91%
🎯 Action: ถ้ามี BUY/Long เดิม ให้ปิดกำไรหรือปิดลดความเสี่ยงตามแผนนี้
⚠️ Note: ยังไม่ใช่สัญญาณเปิด Short ใหม่ เว้นแต่โครงสร้างลงและระบบอื่นยืนยันซ้ำ
🧠 Context: Forecast SELL 92/100 | Trend ขาลง | R&gt;G 25/100 | flip 26 bars
📌 Plan: Entry 0.100930 | SL 0.100789
────────────────
🕒 เวลา: 2026-06-01 01:52
📈 TradingView"
cc558b21e5654d0f,2026-06-01 01:52:58,TRADAR15,LINK-USD,SELL,15m,64,A,100.0,เข้าได้ตามแผนหลัก แต่ยังต้องเคารพ SL และจังหวะเข้า,,93.5376,93.5376,False,1,Trade Plan,Trend Radar 15m,,,,,,,,,,,,,,,,,,,,,,,,,,,,,,,,,,,,,,,,,,,,,,,,,,,9.034000396728516,,,,,,,,,,,,,,,,,,,,,,,,,,69.0,66.2224832519319,,,,TRADAR15|LINK-USD|SELL|TREND_CONTINUE|TREND_BREAKOUT_15M|9.034,"🔴 Trend Radar | LINK-USD
LINK-USD
────────────────
📍 Snapshot: ราคา 9.03 (+0.00%) | Conf 94%
🧩 Source: Trend Breakout 15m, Trend Breakout 15m
🧭 State: DOWN STRONG | CONTINUE
🧠 Context: 1H DOWN STRONG | Regime TREND_DOWN | ADX 41.8
📌 Plan: Entry 9.03
⚡ Tags: DIRECTIONAL_FALLBACK | BREAKOUT_READY
🧠 Context: SELL breakout bias จาก forecast_direction | 1H DOWN STRONG | Regime TREND_DOWN
⚠️ Note: trend-following setup ใช้เป็นแผนเฝ้าเข้า ไม่ใช่สัญญาณไล่ราคา
────────────────
🕒 เวลา: 2026-06-01 01:52
📈 TradingView"
246afeef8563d813,2026-06-01 03:04:22,CDCVIX15,PAXG-USD,SELL,15m,64,A,87.5,เข้าได้ตามแผนหลัก แต่ยังต้องเคารพ SL และจังหวะเข้า,,91.0,110.91999999999999,False,,Trade Plan,,,,,,,,,,,,,,,,,,,,,,,,,,,,,,,,,,,,,,,,,,,,,,,,,,,,4525.72021484375,4592.2559887695315,,,None,SELL,92.0,ถือครบ 24 แท่งของแผน CDC แล้ว จึงปิดรอบเพื่อลดการยืดเยื้อ,38,,,,,,,,,,,,,,,,11.0,False,69.0,66.16149003267358,91.0,,0.0,CDCVIX15|PAXG-USD|SELL|2026-05-31 17:45,"🔴 CDC+VixFix 15m SELL | PAXG-USD
PAXG-USD
────────────────
📍 Snapshot: ราคา 4,524.39 (+0.00%)
🧭 1H Trend: UP | STRONG | ActionZone 15m, Price Action 15m
🧪 Edge: Conf 91%
🎯 Action: ถ้ามี BUY/Long เดิม ให้ปิดกำไรหรือปิดลดความเสี่ยงตามแผนนี้
⚠️ Note: ยังไม่ใช่สัญญาณเปิด Short ใหม่ เว้นแต่โครงสร้างลงและระบบอื่นยืนยันซ้ำ
🧠 Context: Forecast SELL 92/100 | Trend ขาลง | R&gt;G 11/100 | flip 7 bars
📌 Plan: Entry 4,525.72 | SL 4,592.26
────────────────
🕒 เวลา: 2026-06-01 03:04
📈 TradingView"
51d9b0c7c2aa0dc5,2026-06-01 03:04:23,CDCVIX15,NEAR-USD,SELL,15m,64,B,81.6,เข้าได้ แต่ควรลดขนาดไม้ลงเล็กน้อยหากราคาเริ่มไล่ห่าง,,84.53238844999218,94.03044514299265,False,,Trade Plan,,,,,,,,,,,,,,,,,,,,,,,,,,,,,,,,,,,,,,,,,,,,,,,,,,,,2.490000009536743,2.2930713381086076,,,None,SELL,75.10796149997395,ถือครบ 24 แท่งของแผน CDC แล้ว จึงปิดรอบเพื่อลดการยืดเยื้อ,254,,,,,,,,,,,,,,,,5.02159229999479,False,69.0,66.16149003267358,84.53238844999218,,0.0,CDCVIX15|NEAR-USD|SELL|2026-05-29 11:45,"🔴 CDC+VixFix 15m SELL | NEAR-USD
NEAR-USD
────────────────
📍 Snapshot: ราคา 2.25 (+0.00%)
🧭 1H Trend: DOWN | STRONG | ActionZone 15m, Price Action 15m
🧪 Edge: Conf 85%
🎯 Action: ถ้ามี BUY/Long เดิม ให้ปิดกำไรหรือปิดลดความเสี่ยงตามแผนนี้
⚠️ Note: ยังไม่ใช่สัญญาณเปิด Short ใหม่ เว้นแต่โครงสร้างลงและระบบอื่นยืนยันซ้ำ
🧠 Context: Forecast SELL 75/100 | Trend ขาลง | R&gt;G 5/100 | flip 21 bars
📌 Plan: Entry 2.49 | SL 2.29
────────────────
🕒 เวลา: 2026-06-01 03:04
📈 TradingView"
c256b09ae4005682,2026-06-01 03:04:23,TRADAR15,DOGE-USD,SELL,15m,64,A,92.9,เข้าได้ตามแผนหลัก แต่ยังต้องเคารพ SL และจังหวะเข้า,,87.52000000000001,87.52000000000001,False,1,Trade Plan,Trend Radar 15m,,,,,,,,,,,,,,,,,,,,,,,,,,,,,,,,,,,,,,,,,,,,,,,,,,,0.09949000179767609,,,,,,,,,,,,,,,,,,,,,,,,,,69.0,66.16149003267358,,,,TRADAR15|DOGE-USD|SELL|TREND_CONTINUE|TREND_BREAKOUT_15M|0.0995,"🔴 Trend Radar | DOGE-USD
DOGE-USD
────────────────
📍 Snapshot: ราคา 0.099490 (+0.00%) | Conf 88%
🧩 Source: Trend Breakout 15m, Trend Breakout 15m
🧭 State: DOWN STRONG | CONTINUE
🧠 Context: 1H DOWN STRONG | Regime TREND_DOWN | ADX 41.6
📌 Plan: Entry 0.099490
⚡ Tags: DIRECTIONAL_FALLBACK | BREAKOUT_READY
🧠 Context: SELL breakout bias จาก forecast_direction | 1H DOWN STRONG | Regime TREND_DOWN
⚠️ Note: trend-following setup ใช้เป็นแผนเฝ้าเข้า ไม่ใช่สัญญาณไล่ราคา
────────────────
🕒 เวลา: 2026-06-01 03:04
📈 TradingView"
cc673a09c1f4b5d8,2026-06-01 04:15:08,CDCVIX15,BNB-USD,SELL,15m,64,A,87.5,เข้าได้ตามแผนหลัก แต่ยังต้องเคารพ SL และจังหวะเข้า,,91.0,110.91999999999999,False,,Trade Plan,,,,,,,,,,,,,,,,,,,,,,,,,,,,,,,,,,,,,,,,,,,,,,,,,,,,714.969970703125,717.6354797363281,,,None,SELL,92.0,ถือครบ 24 แท่งของแผน CDC แล้ว จึงปิดรอบเพื่อลดการยืดเยื้อ,90,,,,,,,,,,,,,,,,11.0,False,69.0,66.11190677258979,91.0,,0.0,CDCVIX15|BNB-USD|SELL|2026-05-31 05:45,"🔴 CDC+VixFix 15m SELL | BNB-USD
BNB-USD
────────────────
📍 Snapshot: ราคา 707.03 (+0.00%)
🧭 1H Trend: UP | STRONG | ActionZone 15m, Price Action 15m
🧪 Edge: Conf 91%
🎯 Action: ถ้ามี BUY/Long เดิม ให้ปิดกำไรหรือปิดลดความเสี่ยงตามแผนนี้
⚠️ Note: ยังไม่ใช่สัญญาณเปิด Short ใหม่ เว้นแต่โครงสร้างลงและระบบอื่นยืนยันซ้ำ
🧠 Context: Forecast SELL 92/100 | Trend ขาลง | R&gt;G 11/100 | flip 31 bars
📌 Plan: Entry 714.97 | SL 717.64
────────────────
🕒 เวลา: 2026-06-01 04:15
📈 TradingView"
a621ea445306cd2b,2026-06-01 04:15:08,CDCVIX15,PAXG-USD,SELL,15m,64,A,87.5,เข้าได้ตามแผนหลัก แต่ยังต้องเคารพ SL และจังหวะเข้า,,91.0,110.91999999999999,False,,Trade Plan,,,,,,,,,,,,,,,,,,,,,,,,,,,,,,,,,,,,,,,,,,,,,,,,,,,,4525.72021484375,4590.225988769531,,,None,SELL,92.0,ถือครบ 24 แท่งของแผน CDC แล้ว จึงปิดรอบเพื่อลดการยืดเยื้อ,42,,,,,,,,,,,,,,,,11.0,False,69.0,66.11190677258979,91.0,,0.0,CDCVIX15|PAXG-USD|SELL|2026-05-31 17:45,"🔴 CDC+VixFix 15m SELL | PAXG-USD
PAXG-USD
────────────────
📍 Snapshot: ราคา 4,522.39 (+0.00%)
🧭 1H Trend: UP | STRONG | ActionZone 15m, Price Action 15m
🧪 Edge: Conf 91%
🎯 Action: ถ้ามี BUY/Long เดิม ให้ปิดกำไรหรือปิดลดความเสี่ยงตามแผนนี้
⚠️ Note: ยังไม่ใช่สัญญาณเปิด Short ใหม่ เว้นแต่โครงสร้างลงและระบบอื่นยืนยันซ้ำ
🧠 Context: Forecast SELL 92/100 | Trend ขาลง | R&gt;G 11/100 | flip 11 bars
📌 Plan: Entry 4,525.72 | SL 4,590.23
────────────────
🕒 เวลา: 2026-06-01 04:15
📈 TradingView"
de9873d77bac6605,2026-06-01 04:15:09,TRADAR15,NEAR-USD,SELL,15m,64,A,92.9,เข้าได้ตามแผนหลัก แต่ยังต้องเคารพ SL และจังหวะเข้า,,87.52000000000001,87.52000000000001,False,1,Trade Plan,Trend Radar 15m,,,,,,,,,,,,,,,,,,,,,,,,,,,,,,,,,,,,,,,,,,,,,,,,,,,2.250999927520752,,,,,,,,,,,,,,,,,,,,,,,,,,69.0,66.11190677258979,,,,TRADAR15|NEAR-USD|SELL|TREND_CONTINUE|TREND_BREAKOUT_15M|2.251,"🔴 Trend Radar | NEAR-USD
NEAR-USD
────────────────
📍 Snapshot: ราคา 2.25 (+0.00%) | Conf 88%
🧩 Source: Trend Breakout 15m, Trend Breakout 15m
🧭 State: DOWN STRONG | CONTINUE
🧠 Context: 1H DOWN STRONG | Regime TREND_DOWN | ADX 40.7
📌 Plan: Entry 2.25
⚡ Tags: DIRECTIONAL_FALLBACK | BREAKOUT_READY
🧠 Context: SELL breakout bias จาก forecast_direction | 1H DOWN STRONG | Regime TREND_DOWN
⚠️ Note: trend-following setup ใช้เป็นแผนเฝ้าเข้า ไม่ใช่สัญญาณไล่ราคา
────────────────
🕒 เวลา: 2026-06-01 04:15
📈 TradingView"
b0d6aecdcc89109d,2026-06-01 05:15:34,CDCVIX15,PAXG-USD,SELL,15m,64,A,87.5,เข้าได้ตามแผนหลัก แต่ยังต้องเคารพ SL และจังหวะเข้า,,91.0,110.91999999999999,False,,Trade Plan,,,,,,,,,,,,,,,,,,,,,,,,,,,,,,,,,,,,,,,,,,,,,,,,,,,,4525.72021484375,4590.641801757813,,,None,SELL,92.0,ถือครบ 24 แท่งของแผน CDC แล้ว จึงปิดรอบเพื่อลดการยืดเยื้อ,46,,,,,,,,,,,,,,,,11.0,False,69.0,66.13416694522942,91.0,,0.0,CDCVIX15|PAXG-USD|SELL|2026-05-31 17:45,"🔴 CDC+VixFix 15m SELL | PAXG-USD
PAXG-USD
────────────────
📍 Snapshot: ราคา 4,522.80 (+0.00%)
🧭 1H Trend: UP | STRONG | ActionZone 15m, Price Action 15m
🧪 Edge: Conf 91%
🎯 Action: ถ้ามี BUY/Long เดิม ให้ปิดกำไรหรือปิดลดความเสี่ยงตามแผนนี้
⚠️ Note: ยังไม่ใช่สัญญาณเปิด Short ใหม่ เว้นแต่โครงสร้างลงและระบบอื่นยืนยันซ้ำ
🧠 Context: Forecast SELL 92/100 | Trend ขาลง | R&gt;G 11/100 | flip 15 bars
📌 Plan: Entry 4,525.72 | SL 4,590.64
────────────────
🕒 เวลา: 2026-06-01 05:15
📈 TradingView"
c4c759934278e722,2026-06-01 06:31:42,CDCVIX15,BNB-USD,SELL,15m,64,A,87.5,เข้าได้ตามแผนหลัก แต่ยังต้องเคารพ SL และจังหวะเข้า,,91.0,119.18,False,,Trade Plan,,,,,,,,,,,,,,,,,,,,,,,,,,,,,,,,,,,,,,,,,,,,,,,,,,,,714.969970703125,718.8534301757812,,,None,SELL,92.0,ถือครบ 24 แท่งของแผน CDC แล้ว จึงปิดรอบเพื่อลดการยืดเยื้อ,100,,,,,,,,,,,,,,,,11.0,False,69.0,66.21383036489547,91.0,,0.0,CDCVIX15|BNB-USD|SELL|2026-05-31 05:45,"🔴 CDC+VixFix 15m SELL | BNB-USD
BNB-USD
────────────────
📍 Snapshot: ราคา 708.23 (+0.00%)
🧭 1H Trend: UP | STRONG | ActionZone 15m, Price Action 15m
🧪 Edge: Conf 91%
🎯 Action: ถ้ามี BUY/Long เดิม ให้ปิดกำไรหรือปิดลดความเสี่ยงตามแผนนี้
⚠️ Note: ยังไม่ใช่สัญญาณเปิด Short ใหม่ เว้นแต่โครงสร้างลงและระบบอื่นยืนยันซ้ำ
🧠 Context: Forecast SELL 92/100 | Trend ขาลง | R&gt;G 11/100 | flip 41 bars
📌 Plan: Entry 714.97 | SL 718.85
────────────────
🕒 เวลา: 2026-06-01 06:31
📈 TradingView"
82554e237c7471c7,2026-06-01 06:31:43,CDCVIX15,ETH-USD,SELL,15m,64,B,81.9,เข้าได้ แต่ควรลดขนาดไม้ลงเล็กน้อยหากราคาเริ่มไล่ห่าง,,84.7980102401683,97.5701296257582,False,,Trade Plan,,,,,,,,,,,,,,,,,,,,,,,,,,,,,,,,,,,,,,,,,,,,,,,,,,,,2118.699951171875,2034.3747094726561,,,None,SELL,69.32670080056099,ถือครบ 24 แท่งของแผน CDC แล้ว จึงปิดรอบเพื่อลดการยืดเยื้อ,534,,,,,,,,,,,,,,,,2.865340160112197,False,69.0,66.21383036489547,84.7980102401683,,0.0,CDCVIX15|ETH-USD|SELL|2026-05-26 17:15,"🔴 CDC+VixFix 15m SELL | ETH-USD
ETH-USD
────────────────
📍 Snapshot: ราคา 2,004.31 (+0.00%)
🧭 1H Trend: DOWN | STRONG | ActionZone 15m, Price Action 15m
🧪 Edge: Conf 85%
🎯 Action: ถ้ามี BUY/Long เดิม ให้ปิดกำไรหรือปิดลดความเสี่ยงตามแผนนี้
⚠️ Note: ยังไม่ใช่สัญญาณเปิด Short ใหม่ เว้นแต่โครงสร้างลงและระบบอื่นยืนยันซ้ำ
🧠 Context: Forecast SELL 69/100 | Trend ขาขึ้น | R&gt;G 3/100 | flip 6 bars
📌 Plan: Entry 2,118.70 | SL 2,034.37
────────────────
🕒 เวลา: 2026-06-01 06:31
📈 TradingView"
23c1ca9d45100ba1,2026-06-01 06:31:43,TRADAR15,ETH-USD,SELL,15m,64,A,92.9,เข้าได้ตามแผนหลัก แต่ยังต้องเคารพ SL และจังหวะเข้า,,87.52000000000001,87.52000000000001,False,1,Trade Plan,Trend Radar 15m,,,,,,,,,,,,,,,,,,,,,,,,,,,,,,,,,,,,,,,,,,,,,,,,,,,2004.31005859375,,,,,,,,,,,,,,,,,,,,,,,,,,69.0,66.21383036489547,,,,TRADAR15|ETH-USD|SELL|TREND_CONTINUE|TREND_BREAKOUT_15M|2004.3101,"🔴 Trend Radar | ETH-USD
ETH-USD
────────────────
📍 Snapshot: ราคา 2,004.31 (+0.00%) | Conf 88%
🧩 Source: Trend Breakout 15m, Trend Breakout 15m
🧭 State: DOWN STRONG | CONTINUE
🧠 Context: 1H DOWN STRONG | Regime TREND_DOWN | ADX 36.0
📌 Plan: Entry 2,004.31
⚡ Tags: DIRECTIONAL_FALLBACK | BREAKOUT_READY
🧠 Context: SELL breakout bias จาก forecast_direction | 1H DOWN STRONG | Regime TREND_DOWN
⚠️ Note: trend-following setup ใช้เป็นแผนเฝ้าเข้า ไม่ใช่สัญญาณไล่ราคา
────────────────
🕒 เวลา: 2026-06-01 06:31
📈 TradingView"
0e5878af1a636b9f,2026-06-01 08:59:58,CDCVIX15,BNB-USD,SELL,15m,64,A,87.5,เข้าได้ตามแผนหลัก แต่ยังต้องเคารพ SL และจังหวะเข้า,,91.0,119.18,False,,Trade Plan,,,,,,,,,,,,,,,,,,,,,,,,,,,,,,,,,,,,,,,,,,,,,,,,,,,,714.969970703125,706.6971609933036,,,None,SELL,92.0,ถือครบ 24 แท่งของแผน CDC แล้ว จึงปิดรอบเพื่อลดการยืดเยื้อ,109,,,,,,,,,,,,,,,,1.0,False,69.0,66.39185078435247,91.0,,0.0,CDCVIX15|BNB-USD|SELL|2026-05-31 05:45,"🔴 CDC+VixFix 15m SELL | BNB-USD
BNB-USD
────────────────
📍 Snapshot: ราคา 694.44 (+0.00%)
🧭 1H Trend: DOWN | STRONG | ActionZone 15m, Price Action 15m
🧪 Edge: Conf 91%
🎯 Action: ถ้ามี BUY/Long เดิม ให้ปิดกำไรหรือปิดลดความเสี่ยงตามแผนนี้
⚠️ Note: ยังไม่ใช่สัญญาณเปิด Short ใหม่ เว้นแต่โครงสร้างลงและระบบอื่นยืนยันซ้ำ
🧠 Context: Forecast SELL 92/100 | Trend ขาลง | R&gt;G 1/100 | flip 50 bars
📌 Plan: Entry 714.97 | SL 706.70
────────────────
🕒 เวลา: 2026-06-01 08:59
📈 TradingView"
609537d067ff0b25,2026-06-01 08:59:58,CDCVIX15,PAXG-USD,SELL,15m,64,A,87.5,เข้าได้ตามแผนหลัก แต่ยังต้องเคารพ SL และจังหวะเข้า,,91.0,119.18,False,,Trade Plan,,,,,,,,,,,,,,,,,,,,,,,,,,,,,,,,,,,,,,,,,,,,,,,,,,,,4525.72021484375,4581.811599121093,,,None,SELL,92.0,ถือครบ 24 แท่งของแผน CDC แล้ว จึงปิดรอบเพื่อลดการยืดเยื้อ,61,,,,,,,,,,,,,,,,1.0,False,69.0,66.39185078435247,91.0,,0.0,CDCVIX15|PAXG-USD|SELL|2026-05-31 17:45,"🔴 CDC+VixFix 15m SELL | PAXG-USD
PAXG-USD
────────────────
📍 Snapshot: ราคา 4,514.10 (+0.00%)
🧭 1H Trend: DOWN | STRONG | ActionZone 15m, Price Action 15m
🧪 Edge: Conf 91%
🎯 Action: ถ้ามี BUY/Long เดิม ให้ปิดกำไรหรือปิดลดความเสี่ยงตามแผนนี้
⚠️ Note: ยังไม่ใช่สัญญาณเปิด Short ใหม่ เว้นแต่โครงสร้างลงและระบบอื่นยืนยันซ้ำ
🧠 Context: Forecast SELL 92/100 | Trend ขาลง | R&gt;G 1/100 | flip 5 bars
📌 Plan: Entry 4,525.72 | SL 4,581.81
────────────────
🕒 เวลา: 2026-06-01 08:59
📈 TradingView"
dada5770bdb19075,2026-06-01 08:59:59,TRADAR15,ADA-USD,SELL,15m,64,A,92.9,เข้าได้ตามแผนหลัก แต่ยังต้องเคารพ SL และจังหวะเข้า,,87.52000000000001,87.52000000000001,False,1,Trade Plan,Trend Radar 15m,,,,,,,,,,,,,,,,,,,,,,,,,,,,,,,,,,,,,,,,,,,,,,,,,,,0.2329999953508377,,,,,,,,,,,,,,,,,,,,,,,,,,69.0,66.39185078435247,,,,TRADAR15|ADA-USD|SELL|TREND_CONTINUE|TREND_BREAKOUT_15M|0.233,"🔴 Trend Radar | ADA-USD
ADA-USD
────────────────
📍 Snapshot: ราคา 0.233000 (+0.00%) | Conf 88%
🧩 Source: Trend Breakout 15m, Trend Breakout 15m
🧭 State: DOWN STRONG | CONTINUE
🧠 Context: 1H DOWN STRONG | Regime TREND_DOWN | ADX 44.2
📌 Plan: Entry 0.233000
⚡ Tags: DIRECTIONAL_FALLBACK | BREAKOUT_READY
🧠 Context: SELL breakout bias จาก forecast_direction | 1H DOWN STRONG | Regime TREND_DOWN
⚠️ Note: trend-following setup ใช้เป็นแผนเฝ้าเข้า ไม่ใช่สัญญาณไล่ราคา
────────────────
🕒 เวลา: 2026-06-01 08:59
📈 TradingView"
5b5cb41f986a5ef2,2026-06-01 14:09:16,CDCVIX15,NEAR-USD,BUY,15m,64,A,87.5,เข้าได้ตามแผนหลัก แต่ยังต้องเคารพ SL และจังหวะเข้า,,95.0,103.04,False,,Trade Plan,,,,,,,,,,,,,,,,,,,,,,,,,,,,,,,,,,,,,,,,,,,,,,,,,,,,2.3350000381469727,2.2531427996499196,,,None,BUY,92.0,"CDC ยังหนุนขาขึ้น, เพิ่งมี VixFix spike ฝั่ง panic low และโมเมนตัมเริ่มฟื้น",0,,,,,,,,,,,,,,,,95.0,False,69.0,66.4204004018225,95.0,,0.0,CDCVIX15|NEAR-USD|BUY|2026-06-01 14:09,"🟢 CDC+VixFix 15m BUY | NEAR-USD
NEAR-USD
────────────────
📍 Snapshot: ราคา 2.34 (+0.00%)
🧭 1H Trend: UP | STRONG | ActionZone 15m, Price Action 15m
🧪 Edge: Conf 95%
🎯 Action: ถ้ายังไม่มีสถานะ สามารถกด BUY/Long ตามแผนได้
⚠️ Note: ถ้ามี Short เดิม ควรปิด Short ก่อนแล้วค่อยเปิด BUY
🧠 Context: Forecast BUY 92/100 | Trend ขาขึ้น | R&gt;G 95/100 | flip 1 bars
📌 Plan: Entry 2.34 | SL 2.25
────────────────
🕒 เวลา: 2026-06-01 14:09
📈 TradingView"
c25578c24e22760b,2026-06-01 14:09:17,TRADAR15,PAXG-USD,SELL,15m,64,A,99.9,เข้าได้ตามแผนหลัก แต่ยังต้องเคารพ SL และจังหวะเข้า,,89.96000000000001,89.96000000000001,False,1,Trade Plan,Trend Radar 15m,,,,,,,,,,,,,,,,,,,,,,,,,,,,,,,,,,,,,,,,,,,,,,,,,,,4499.08984375,,,,,,,,,,,,,,,,,,,,,,,,,,69.0,66.4204004018225,,,,TRADAR15|PAXG-USD|SELL|TREND_CONTINUE|PRICE_ACTION_15M|4499.0898,"🔴 Trend Radar | PAXG-USD
PAXG-USD
────────────────
📍 Snapshot: ราคา 4,499.09 (+0.00%) | Conf 90%
🧩 Source: Price Action 15m, Price Action 15m
🧭 State: DOWN STRONG | CONTINUE
🧠 Context: 1H DOWN STRONG | Regime TREND_DOWN | ADX 48.7
📌 Plan: Entry 4,499.09
⚡ Tags: DIRECTIONAL_FALLBACK | DOWNTREND
🧠 Context: SELL continuation bias จาก forecast_direction | 1H DOWN STRONG | Regime TREND_DOWN
⚠️ Note: trend-following setup ใช้เป็นแผนเฝ้าเข้า ไม่ใช่สัญญาณไล่ราคา
────────────────
🕒 เวลา: 2026-06-01 14:09
📈 TradingView"
3b4309f766145648,2026-06-01 19:49:13,CDCVIX15,PAXG-USD,SELL,15m,64,A,87.5,เข้าได้ตามแผนหลัก แต่ยังต้องเคารพ SL และจังหวะเข้า,,95.0,123.22,False,,Trade Plan,,,,,,,,,,,,,,,,,,,,,,,,,,,,,,,,,,,,,,,,,,,,,,,,,,,,4525.72021484375,4561.9883715820315,,,None,SELL,90.28282370351843,ถือครบ 24 แท่งของแผน CDC แล้ว จึงปิดรอบเพื่อลดการยืดเยื้อ,105,,,,,,,,,,,,,,,,15.0,False,69.0,66.32142617894772,95.0,,0.0,CDCVIX15|PAXG-USD|SELL|2026-05-31 17:45,"🔴 CDC+VixFix 15m SELL | PAXG-USD
PAXG-USD
────────────────
📍 Snapshot: ราคา 4,494.57 (+0.00%)
🧭 1H Trend: DOWN | STRONG | ActionZone 15m, Price Action 15m
🧪 Edge: Conf 95%
🎯 Action: ถ้ามี BUY/Long เดิม ให้ปิดกำไรหรือปิดลดความเสี่ยงตามแผนนี้
⚠️ Note: ยังไม่ใช่สัญญาณเปิด Short ใหม่ เว้นแต่โครงสร้างลงและระบบอื่นยืนยันซ้ำ
🧠 Context: Forecast SELL 90/100 | Trend ขาลง | R&gt;G 15/100 | flip 49 bars
📌 Plan: Entry 4,525.72 | SL 4,561.99
────────────────
🕒 เวลา: 2026-06-01 19:49
📈 TradingView"
8b00ba68e4d0fa46,2026-06-01 19:49:14,CDCVIX15,XRP-USD,SELL,15m,64,A,87.5,เข้าได้ตามแผนหลัก แต่ยังต้องเคารพ SL และจังหวะเข้า,,91.0,119.18,False,,Trade Plan,,,,,,,,,,,,,,,,,,,,,,,,,,,,,,,,,,,,,,,,,,,,,,,,,,,,1.3468999862670898,1.3219359928369523,,,None,SELL,92.0,ถือครบ 48 แท่งของแผน CDC แล้ว จึงปิดรอบเพื่อลดการยืดเยื้อ,164,,,,,,,,,,,,,,,,22.0,False,69.0,66.32142617894772,91.0,,0.0,CDCVIX15|XRP-USD|SELL|2026-05-31 03:00,"🔴 CDC+VixFix 15m SELL | XRP-USD
XRP-USD
────────────────
📍 Snapshot: ราคา 1.30 (+0.00%)
🧭 1H Trend: DOWN | STRONG | ActionZone 15m, Price Action 15m
🧪 Edge: Conf 91%
🎯 Action: ถ้ามี BUY/Long เดิม ให้ปิดกำไรหรือปิดลดความเสี่ยงตามแผนนี้
⚠️ Note: ยังไม่ใช่สัญญาณเปิด Short ใหม่ เว้นแต่โครงสร้างลงและระบบอื่นยืนยันซ้ำ
🧠 Context: Forecast SELL 92/100 | Trend ขาลง | R&gt;G 22/100 | flip 52 bars
📌 Plan: Entry 1.35 | SL 1.32
────────────────
🕒 เวลา: 2026-06-01 19:49
📈 TradingView"
b36c443b4ab408d3,2026-06-01 19:49:14,TRADAR15,BTC-USD,SELL,15m,64,A,92.9,เข้าได้ตามแผนหลัก แต่ยังต้องเคารพ SL และจังหวะเข้า,,87.52000000000001,87.52000000000001,False,1,Trade Plan,Trend Radar 15m,,,,,,,,,,,,,,,,,,,,,,,,,,,,,,,,,,,,,,,,,,,,,,,,,,,72061.9921875,,,,,,,,,,,,,,,,,,,,,,,,,,69.0,66.32142617894772,,,,TRADAR15|BTC-USD|SELL|TREND_CONTINUE|TREND_BREAKOUT_15M|72061.9922,"🔴 Trend Radar | BTC-USD
BTC-USD
────────────────
📍 Snapshot: ราคา 72,061.99 (+0.00%) | Conf 88%
🧩 Source: Trend Breakout 15m, Trend Breakout 15m
🧭 State: DOWN STRONG | CONTINUE
🧠 Context: 1H DOWN STRONG | Regime TREND_DOWN | ADX 61.0
📌 Plan: Entry 72,061.99
⚡ Tags: DIRECTIONAL_FALLBACK | BREAKOUT_READY
🧠 Context: SELL breakout bias จาก forecast_direction | 1H DOWN STRONG | Regime TREND_DOWN
⚠️ Note: trend-following setup ใช้เป็นแผนเฝ้าเข้า ไม่ใช่สัญญาณไล่ราคา
────────────────
🕒 เวลา: 2026-06-01 19:49
📈 TradingView"
bfbff55d4c8dd72b,2026-06-02 01:34:55,TRADAR15,ADA-USD,SELL,15m,64,A,100.0,เข้าได้ตามแผนหลัก แต่ยังต้องเคารพ SL และจังหวะเข้า,,90.9896,90.9896,False,1,Trade Plan,Trend Radar 15m,,,,,,,,,,,,,,,,,,,,,,,,,,,,,,,,,,,,,,,,,,,,,,,,,,,0.23119999468326569,,,,,,,,,,,,,,,,,,,,,,,,,,69.0,66.62419005499967,,,,TRADAR15|ADA-USD|SELL|TREND_CONTINUE|TREND_BREAKOUT_15M|0.2312,"🔴 Trend Radar | ADA-USD
ADA-USD
────────────────
📍 Snapshot: ราคา 0.231200 (+0.00%) | Conf 91%
🧩 Source: Trend Breakout 15m, Trend Breakout 15m
🧭 State: DOWN STRONG | CONTINUE
🧠 Context: 1H DOWN STRONG | Regime TREND_DOWN | ADX 37.7
📌 Plan: Entry 0.231200
⚡ Tags: DIRECTIONAL_FALLBACK | BREAKOUT_READY
🧠 Context: SELL breakout bias จาก forecast_direction | 1H DOWN STRONG | Regime TREND_DOWN
⚠️ Note: trend-following setup ใช้เป็นแผนเฝ้าเข้า ไม่ใช่สัญญาณไล่ราคา
────────────────
🕒 เวลา: 2026-06-02 01:34
📈 TradingView"
cddc687e8e327020,2026-06-02 04:53:19,CDCVIX15,ADA-USD,SELL,15m,64,B,79.6,เข้าได้ แต่ควรลดขนาดไม้ลงเล็กน้อยหากราคาเริ่มไล่ห่าง,,82.65224293939904,92.2631083630351,False,,Trade Plan,,,,,,,,,,,,,,,,,,,,,,,,,,,,,,,,,,,,,,,,,,,,,,,,,,,,0.23600000143051147,0.23304399736225606,,,None,SELL,62.174143131330155,ถือครบ 24 แท่งของแผน CDC แล้ว จึงปิดรอบเพื่อลดการยืดเยื้อ,78,,,,,,,,,,,,,,,,1.4348286262660306,False,69.0,66.38127618418979,82.65224293939904,,0.0,CDCVIX15|ADA-USD|SELL|2026-06-01 09:30,"🔴 CDC+VixFix 15m SELL | ADA-USD
ADA-USD
────────────────
📍 Snapshot: ราคา 0.229600 (+0.00%)
🧭 1H Trend: DOWN | STRONG | ActionZone 15m, Price Action 15m
🧪 Edge: Conf 83%
🎯 Action: ถ้ามี BUY/Long เดิม ให้ปิดกำไรหรือปิดลดความเสี่ยงตามแผนนี้
⚠️ Note: ยังไม่ใช่สัญญาณเปิด Short ใหม่ เว้นแต่โครงสร้างลงและระบบอื่นยืนยันซ้ำ
🧠 Context: Forecast SELL 62/100 | Trend ขาขึ้น | R&gt;G 1/100 | flip 17 bars
📌 Plan: Entry 0.236000 | SL 0.233044
────────────────
🕒 เวลา: 2026-06-02 04:53
📈 TradingView"
4f8a44c240456506,2026-06-02 04:53:20,CDCVIX15,SOL-USD,SELL,15m,64,B,77.6,เข้าได้ แต่ควรลดขนาดไม้ลงเล็กน้อยหากราคาเริ่มไล่ห่าง,,80.8,90.52199999999999,False,,Trade Plan,,,,,,,,,,,,,,,,,,,,,,,,,,,,,,,,,,,,,,,,,,,,,,,,,,,,82.52999877929688,81.89020030975342,,,None,SELL,56.0,ถือครบ 24 แท่งของแผน CDC แล้ว จึงปิดรอบเพื่อลดการยืดเยื้อ,78,,,,,,,,,,,,,,,,4.199999999999999,False,69.0,66.38127618418979,80.8,,0.0,CDCVIX15|SOL-USD|SELL|2026-06-01 09:30,"🔴 CDC+VixFix 15m SELL | SOL-USD
SOL-USD
────────────────
📍 Snapshot: ราคา 80.68 (+0.00%)
🧭 1H Trend: DOWN | STRONG | ActionZone 15m, Price Action 15m
🧪 Edge: Conf 81%
🎯 Action: ถ้ามี BUY/Long เดิม ให้ปิดกำไรหรือปิดลดความเสี่ยงตามแผนนี้
⚠️ Note: ยังไม่ใช่สัญญาณเปิด Short ใหม่ เว้นแต่โครงสร้างลงและระบบอื่นยืนยันซ้ำ
🧠 Context: Forecast SELL 56/100 | Trend ขาขึ้น | R&gt;G 4/100 | flip 17 bars
📌 Plan: Entry 82.53 | SL 81.89
────────────────
🕒 เวลา: 2026-06-02 04:53
📈 TradingView"
ad60f8d35c0c262e,2026-06-02 04:53:21,TRADAR15,BNB-USD,SELL,15m,64,A,92.9,เข้าได้ตามแผนหลัก แต่ยังต้องเคารพ SL และจังหวะเข้า,,87.52000000000001,87.52000000000001,False,1,Trade Plan,Trend Radar 15m,,,,,,,,,,,,,,,,,,,,,,,,,,,,,,,,,,,,,,,,,,,,,,,,,,,689.8099975585938,,,,,,,,,,,,,,,,,,,,,,,,,,69.0,66.38127618418979,,,,TRADAR15|BNB-USD|SELL|TREND_CONTINUE|TREND_BREAKOUT_15M|689.81,"🔴 Trend Radar | BNB-USD
BNB-USD
────────────────
📍 Snapshot: ราคา 689.81 (+0.00%) | Conf 88%
🧩 Source: Trend Breakout 15m, Trend Breakout 15m
🧭 State: DOWN STRONG | CONTINUE
🧠 Context: 1H DOWN STRONG | Regime TREND_DOWN | ADX 43.4
📌 Plan: Entry 689.81
⚡ Tags: DIRECTIONAL_FALLBACK | BREAKOUT_READY
🧠 Context: SELL breakout bias จาก forecast_direction | 1H DOWN STRONG | Regime TREND_DOWN
⚠️ Note: trend-following setup ใช้เป็นแผนเฝ้าเข้า ไม่ใช่สัญญาณไล่ราคา
────────────────
🕒 เวลา: 2026-06-02 04:53
📈 TradingView"
12b4812cd01d3d6b,2026-06-02 06:24:17,CDCVIX15,DOGE-USD,BUY,15m,64,A,87.5,เข้าได้ตามแผนหลัก แต่ยังต้องเคารพ SL และจังหวะเข้า,,95.0,113.12,False,,Trade Plan,,,,,,,,,,,,,,,,,,,,,,,,,,,,,,,,,,,,,,,,,,,,,,,,,,,,0.10014999657869339,0.098647746630013,,,Bullish Pinbar,BUY,92.0,"CDC ยังหนุนขาขึ้น, เพิ่งมี VixFix spike ฝั่ง panic low และโมเมนตัมเริ่มฟื้น",5,,,,,,,,,,,,,,,,79.0,False,69.0,66.43081895285208,95.0,,0.0,CDCVIX15|DOGE-USD|BUY|2026-06-02 05:15,"🟢 CDC+VixFix 15m BUY | DOGE-USD
DOGE-USD
────────────────
📍 Snapshot: ราคา 0.100770 (+0.00%)
🧭 1H Trend: UP | STRONG | ActionZone 15m, Price Action 15m
🧪 Edge: Conf 95%
🎯 Action: ถ้ายังไม่มีสถานะ สามารถกด BUY/Long ตามแผนได้
⚠️ Note: ถ้ามี Short เดิม ควรปิด Short ก่อนแล้วค่อยเปิด BUY
🧠 Context: Forecast BUY 92/100 | Trend ขาขึ้น | R&gt;G 79/100 | flip 3 bars | follow-through
📌 Plan: Entry 0.100150 | SL 0.098648
────────────────
🕒 เวลา: 2026-06-02 06:24
📈 TradingView"
8be51d613de6e48d,2026-06-02 06:24:18,CDCVIX15,TRX-USD,SELL,15m,64,A,87.5,เข้าได้ตามแผนหลัก แต่ยังต้องเคารพ SL และจังหวะเข้า,,91.0,110.91999999999999,False,,Trade Plan,,,,,,,,,,,,,,,,,,,,,,,,,,,,,,,,,,,,,,,,,,,,,,,,,,,,0.3508235216140747,0.348583338111639,,,None,SELL,92.0,ถือครบ 24 แท่งของแผน CDC แล้ว จึงปิดรอบเพื่อลดการยืดเยื้อ,74,,,,,,,,,,,,,,,,16.0,False,69.0,66.43081895285208,91.0,,0.0,CDCVIX15|TRX-USD|SELL|2026-06-01 12:00,"🔴 CDC+VixFix 15m SELL | TRX-USD
TRX-USD
────────────────
📍 Snapshot: ราคา 0.343432 (+0.00%)
🧭 1H Trend: DOWN | STRONG | ActionZone 15m, Price Action 15m
🧪 Edge: Conf 91%
🎯 Action: ถ้ามี BUY/Long เดิม ให้ปิดกำไรหรือปิดลดความเสี่ยงตามแผนนี้
⚠️ Note: ยังไม่ใช่สัญญาณเปิด Short ใหม่ เว้นแต่โครงสร้างลงและระบบอื่นยืนยันซ้ำ
🧠 Context: Forecast SELL 92/100 | Trend ขาลง | R&gt;G 16/100 | flip 54 bars
📌 Plan: Entry 0.350824 | SL 0.348583
────────────────
🕒 เวลา: 2026-06-02 06:24
📈 TradingView"
b2db801c4e3ebc4f,2026-06-02 06:24:18,TRADAR15,TRX-USD,SELL,15m,64,A,92.9,เข้าได้ตามแผนหลัก แต่ยังต้องเคารพ SL และจังหวะเข้า,,87.52000000000001,87.52000000000001,False,1,Trade Plan,Trend Radar 15m,,,,,,,,,,,,,,,,,,,,,,,,,,,,,,,,,,,,,,,,,,,,,,,,,,,0.34343186020851135,,,,,,,,,,,,,,,,,,,,,,,,,,69.0,66.43081895285208,,,,TRADAR15|TRX-USD|SELL|TREND_CONTINUE|TREND_BREAKOUT_15M|0.3434,"🔴 Trend Radar | TRX-USD
TRX-USD
────────────────
📍 Snapshot: ราคา 0.343432 (+0.00%) | Conf 88%
🧩 Source: Trend Breakout 15m, Trend Breakout 15m
🧭 State: DOWN STRONG | CONTINUE
🧠 Context: 1H DOWN STRONG | Regime TREND_DOWN | ADX 39.6
📌 Plan: Entry 0.343432
⚡ Tags: DIRECTIONAL_FALLBACK | BREAKOUT_READY
🧠 Context: SELL breakout bias จาก forecast_direction | 1H DOWN STRONG | Regime TREND_DOWN
⚠️ Note: trend-following setup ใช้เป็นแผนเฝ้าเข้า ไม่ใช่สัญญาณไล่ราคา
────────────────
🕒 เวลา: 2026-06-02 06:24
📈 TradingView"
8a9fc6ca4f279667,2026-06-02 08:44:08,CDCVIX15,BTC-USD,SELL,15m,64,A,87.5,เข้าได้ตามแผนหลัก แต่ยังต้องเคารพ SL และจังหวะเข้า,,91.0,119.18,False,,Trade Plan,,,,,,,,,,,,,,,,,,,,,,,,,,,,,,,,,,,,,,,,,,,,,,,,,,,,73871.1796875,71914.827578125,,,None,SELL,92.0,ถือครบ 24 แท่งของแผน CDC แล้ว จึงปิดรอบเพื่อลดการยืดเยื้อ,202,,,,,,,,,,,,,,,,1.0,False,69.0,66.351622786929,91.0,,0.0,CDCVIX15|BTC-USD|SELL|2026-05-31 03:45,"🔴 CDC+VixFix 15m SELL | BTC-USD
BTC-USD
────────────────
📍 Snapshot: ราคา 70,852.05 (+0.00%)
🧭 1H Trend: DOWN | STRONG | ActionZone 15m, Price Action 15m
🧪 Edge: Conf 91%
🎯 Action: ถ้ามี BUY/Long เดิม ให้ปิดกำไรหรือปิดลดความเสี่ยงตามแผนนี้
⚠️ Note: ยังไม่ใช่สัญญาณเปิด Short ใหม่ เว้นแต่โครงสร้างลงและระบบอื่นยืนยันซ้ำ
🧠 Context: Forecast SELL 92/100 | Trend ขาลง | R&gt;G 1/100 | flip 80 bars
📌 Plan: Entry 73,871.18 | SL 71,914.83
────────────────
🕒 เวลา: 2026-06-02 08:44
📈 TradingView"
9576d7398759d211,2026-06-02 08:44:09,CDCVIX15,SOL-USD,SELL,15m,64,A,87.5,เข้าได้ตามแผนหลัก แต่ยังต้องเคารพ SL และจังหวะเข้า,,95.0,114.67999999999999,False,,Trade Plan,,,,,,,,,,,,,,,,,,,,,,,,,,,,,,,,,,,,,,,,,,,,,,,,,,,,82.52999877929688,81.53495185852051,,,None,SELL,92.0,ถือครบ 24 แท่งของแผน CDC แล้ว จึงปิดรอบเพื่อลดการยืดเยื้อ,83,,,,,,,,,,,,,,,,30.0,False,69.0,66.351622786929,95.0,,0.0,CDCVIX15|SOL-USD|SELL|2026-06-01 09:30,"🔴 CDC+VixFix 15m SELL | SOL-USD
SOL-USD
────────────────
📍 Snapshot: ราคา 80.33 (+0.00%)
🧭 1H Trend: DOWN | STRONG | ActionZone 15m, Price Action 15m
🧪 Edge: Conf 95%
🎯 Action: ถ้ามี BUY/Long เดิม ให้ปิดกำไรหรือปิดลดความเสี่ยงตามแผนนี้
⚠️ Note: ยังไม่ใช่สัญญาณเปิด Short ใหม่ เว้นแต่โครงสร้างลงและระบบอื่นยืนยันซ้ำ
🧠 Context: Forecast SELL 92/100 | Trend ขาลง | R&gt;G 30/100 | flip 7 bars
📌 Plan: Entry 82.53 | SL 81.53
────────────────
🕒 เวลา: 2026-06-02 08:44
📈 TradingView"
614a1d90b37e0a85,2026-06-02 08:44:09,TRADAR15,XRP-USD,SELL,15m,64,A,100.0,เข้าได้ตามแผนหลัก แต่ยังต้องเคารพ SL และจังหวะเข้า,,92.42604706410226,92.42604706410226,False,1,Trade Plan,Trend Radar 15m,,,,,,,,,,,,,,,,,,,,,,,,,,,,,,,,,,,,,,,,,,,,,,,,,,,1.2832000255584717,,,,,,,,,,,,,,,,,,,,,,,,,,69.0,66.351622786929,,,,TRADAR15|XRP-USD|SELL|TREND_CONTINUE|TREND_BREAKOUT_15M|1.2832,"🔴 Trend Radar | XRP-USD
XRP-USD
────────────────
📍 Snapshot: ราคา 1.28 (+0.00%) | Conf 92%
🧩 Source: Trend Breakout 15m, Trend Breakout 15m
🧭 State: DOWN STRONG | CONTINUE
🧠 Context: 1H DOWN STRONG | Regime TREND_DOWN | ADX 33.3
📌 Plan: Entry 1.28
⚡ Tags: DIRECTIONAL_FALLBACK | BREAKOUT_READY
🧠 Context: SELL breakout bias จาก forecast_direction | 1H DOWN STRONG | Regime TREND_DOWN
⚠️ Note: trend-following setup ใช้เป็นแผนเฝ้าเข้า ไม่ใช่สัญญาณไล่ราคา
────────────────
🕒 เวลา: 2026-06-02 08:44
📈 TradingView"
6d8a7ece2c823c77,2026-06-02 13:22:54,CDCVIX15,BNB-USD,SELL,15m,64,A,87.5,เข้าได้ตามแผนหลัก แต่ยังต้องเคารพ SL และจังหวะเข้า,,91.0,119.18,False,,Trade Plan,,,,,,,,,,,,,,,,,,,,,,,,,,,,,,,,,,,,,,,,,,,,,,,,,,,,714.969970703125,691.0526272583007,,,None,SELL,92.0,ถือครบ 24 แท่งของแผน CDC แล้ว จึงปิดรอบเพื่อลดการยืดเยื้อ,223,,,,,,,,,,,,,,,,1.0,False,69.0,66.57721911934988,91.0,,0.0,CDCVIX15|BNB-USD|SELL|2026-05-31 05:45,"🔴 CDC+VixFix 15m SELL | BNB-USD
BNB-USD
────────────────
📍 Snapshot: ราคา 680.84 (+0.00%)
🧭 1H Trend: DOWN | STRONG | ActionZone 15m, Price Action 15m
🧪 Edge: Conf 91%
🎯 Action: ถ้ามี BUY/Long เดิม ให้ปิดกำไรหรือปิดลดความเสี่ยงตามแผนนี้
⚠️ Note: ยังไม่ใช่สัญญาณเปิด Short ใหม่ เว้นแต่โครงสร้างลงและระบบอื่นยืนยันซ้ำ
🧠 Context: Forecast SELL 92/100 | Trend ขาลง | R&gt;G 1/100 | flip 12 bars
📌 Plan: Entry 714.97 | SL 691.05
────────────────
🕒 เวลา: 2026-06-02 13:22
📈 TradingView"
f21caef6613ce46b,2026-06-02 13:22:55,CDCVIX15,LINK-USD,SELL,15m,64,A,87.5,เข้าได้ตามแผนหลัก แต่ยังต้องเคารพ SL และจังหวะเข้า,,91.0,119.18,False,,Trade Plan,,,,,,,,,,,,,,,,,,,,,,,,,,,,,,,,,,,,,,,,,,,,,,,,,,,,9.147000312805176,8.954329543113708,,,None,SELL,92.0,ถือครบ 24 แท่งของแผน CDC แล้ว จึงปิดรอบเพื่อลดการยืดเยื้อ,112,,,,,,,,,,,,,,,,26.0,False,69.0,66.57721911934988,91.0,,0.0,CDCVIX15|LINK-USD|SELL|2026-06-01 09:30,"🔴 CDC+VixFix 15m SELL | LINK-USD
LINK-USD
────────────────
📍 Snapshot: ราคา 8.82 (+0.00%)
🧭 1H Trend: DOWN | STRONG | ActionZone 15m, Price Action 15m
🧪 Edge: Conf 91%
🎯 Action: ถ้ามี BUY/Long เดิม ให้ปิดกำไรหรือปิดลดความเสี่ยงตามแผนนี้
⚠️ Note: ยังไม่ใช่สัญญาณเปิด Short ใหม่ เว้นแต่โครงสร้างลงและระบบอื่นยืนยันซ้ำ
🧠 Context: Forecast SELL 92/100 | Trend ขาลง | R&gt;G 26/100 | flip 31 bars
📌 Plan: Entry 9.15 | SL 8.95
────────────────
🕒 เวลา: 2026-06-02 13:22
📈 TradingView"
2c642d9b10bdf2b7,2026-06-02 13:22:55,TRADAR15,BTC-USD,SELL,15m,64,A,92.9,เข้าได้ตามแผนหลัก แต่ยังต้องเคารพ SL และจังหวะเข้า,,87.52000000000001,87.52000000000001,False,1,Trade Plan,Trend Radar 15m,,,,,,,,,,,,,,,,,,,,,,,,,,,,,,,,,,,,,,,,,,,,,,,,,,,70223.9296875,,,,,,,,,,,,,,,,,,,,,,,,,,69.0,66.57721911934988,,,,TRADAR15|BTC-USD|SELL|TREND_CONTINUE|TREND_BREAKOUT_15M|70223.9297,"🔴 Trend Radar | BTC-USD
BTC-USD
────────────────
📍 Snapshot: ราคา 70,223.93 (+0.00%) | Conf 88%
🧩 Source: Trend Breakout 15m, Trend Breakout 15m
🧭 State: DOWN STRONG | CONTINUE
🧠 Context: 1H DOWN STRONG | Regime TREND_DOWN | ADX 52.0
📌 Plan: Entry 70,223.93
⚡ Tags: DIRECTIONAL_FALLBACK | BREAKOUT_READY
🧠 Context: SELL breakout bias จาก forecast_direction | 1H DOWN STRONG | Regime TREND_DOWN
⚠️ Note: trend-following setup ใช้เป็นแผนเฝ้าเข้า ไม่ใช่สัญญาณไล่ราคา
────────────────
🕒 เวลา: 2026-06-02 13:22
📈 TradingView"
50dbce542d7d97fd,2026-06-02 18:03:41,CDCVIX15,BTC-USD,SELL,15m,64,A,87.5,เข้าได้ตามแผนหลัก แต่ยังต้องเคารพ SL และจังหวะเข้า,,91.0,110.91999999999999,False,,Trade Plan,,,,,,,,,,,,,,,,,,,,,,,,,,,,,,,,,,,,,,,,,,,,,,,,,,,,77420.3203125,70553.5301953125,,,None,SELL,91.11834241344978,ถือครบ 24 แท่งของแผน CDC แล้ว จึงปิดรอบเพื่อลดการยืดเยื้อ,675,,,,,,,,,,,,,,,,1.0,False,69.0,66.3896575748916,91.0,,0.0,CDCVIX15|BTC-USD|SELL|2026-05-26 17:30,"🔴 CDC+VixFix 15m SELL | BTC-USD
BTC-USD
────────────────
📍 Snapshot: ราคา 69,510.87 (+0.00%)
🧭 1H Trend: DOWN | STRONG | ActionZone 15m, Price Action 15m
🧪 Edge: Conf 91%
🎯 Action: ถ้ามี BUY/Long เดิม ให้ปิดกำไรหรือปิดลดความเสี่ยงตามแผนนี้
⚠️ Note: ยังไม่ใช่สัญญาณเปิด Short ใหม่ เว้นแต่โครงสร้างลงและระบบอื่นยืนยันซ้ำ
🧠 Context: Forecast SELL 91/100 | Trend ขาลง | R&gt;G 1/100 | flip 128 bars
📌 Plan: Entry 77,420.32 | SL 70,553.53
────────────────
🕒 เวลา: 2026-06-02 18:03
📈 TradingView"
7edc740ec748537d,2026-06-02 18:03:42,CDCVIX15,SOL-USD,SELL,15m,64,A,87.5,เข้าได้ตามแผนหลัก แต่ยังต้องเคารพ SL และจังหวะเข้า,,91.0,110.91999999999999,False,,Trade Plan,,,,,,,,,,,,,,,,,,,,,,,,,,,,,,,,,,,,,,,,,,,,,,,,,,,,82.52999877929688,80.4184534072876,,,None,SELL,92.0,ถือครบ 24 แท่งของแผน CDC แล้ว จึงปิดรอบเพื่อลดการยืดเยื้อ,131,,,,,,,,,,,,,,,,16.0,False,69.0,66.3896575748916,91.0,,0.0,CDCVIX15|SOL-USD|SELL|2026-06-01 09:30,"🔴 CDC+VixFix 15m SELL | SOL-USD
SOL-USD
────────────────
📍 Snapshot: ราคา 79.23 (+0.00%)
🧭 1H Trend: DOWN | STRONG | ActionZone 15m, Price Action 15m
🧪 Edge: Conf 91%
🎯 Action: ถ้ามี BUY/Long เดิม ให้ปิดกำไรหรือปิดลดความเสี่ยงตามแผนนี้
⚠️ Note: ยังไม่ใช่สัญญาณเปิด Short ใหม่ เว้นแต่โครงสร้างลงและระบบอื่นยืนยันซ้ำ
🧠 Context: Forecast SELL 92/100 | Trend ขาลง | R&gt;G 16/100 | flip 50 bars
📌 Plan: Entry 82.53 | SL 80.42
────────────────
🕒 เวลา: 2026-06-02 18:03
📈 TradingView"
bd34a3c548c60f63,2026-06-02 18:03:43,TRADAR15,BTC-USD,SELL,15m,64,A,92.9,เข้าได้ตามแผนหลัก แต่ยังต้องเคารพ SL และจังหวะเข้า,,87.52000000000001,87.52000000000001,False,1,Trade Plan,Trend Radar 15m,,,,,,,,,,,,,,,,,,,,,,,,,,,,,,,,,,,,,,,,,,,,,,,,,,,69510.8671875,,,,,,,,,,,,,,,,,,,,,,,,,,69.0,66.3896575748916,,,,TRADAR15|BTC-USD|SELL|TREND_CONTINUE|TREND_BREAKOUT_15M|69510.8672,"🔴 Trend Radar | BTC-USD
BTC-USD
────────────────
📍 Snapshot: ราคา 69,510.87 (+0.00%) | Conf 88%
🧩 Source: Trend Breakout 15m, Trend Breakout 15m
🧭 State: DOWN STRONG | CONTINUE
🧠 Context: 1H DOWN STRONG | Regime TREND_DOWN | ADX 68.9
📌 Plan: Entry 69,510.87
⚡ Tags: DIRECTIONAL_FALLBACK | BREAKOUT_READY
🧠 Context: SELL breakout bias จาก forecast_direction | 1H DOWN STRONG | Regime TREND_DOWN
⚠️ Note: trend-following setup ใช้เป็นแผนเฝ้าเข้า ไม่ใช่สัญญาณไล่ราคา
────────────────
🕒 เวลา: 2026-06-02 18:03
📈 TradingView"
7a952ab245fe7607,2026-06-02 22:10:34,CDCVIX15,XRP-USD,SELL,15m,64,B,80.0,เข้าได้ แต่ควรลดขนาดไม้ลงเล็กน้อยหากราคาเริ่มไล่ห่าง,,83.0,92.58999999999999,False,,Trade Plan,,,,,,,,,,,,,,,,,,,,,,,,,,,,,,,,,,,,,,,,,,,,,,,,,,,,1.3468999862670898,1.254928639956883,,,None,SELL,92.0,ถือครบ 48 แท่งของแผน CDC แล้ว จึงปิดรอบเพื่อลดการยืดเยื้อ,269,,,,,,,,,,,,,,,,22.0,False,69.0,66.66670305291656,83.0,,0.0,CDCVIX15|XRP-USD|SELL|2026-05-31 03:00,"🔴 CDC+VixFix 15m SELL | XRP-USD
XRP-USD
────────────────
📍 Snapshot: ราคา 1.23 (+0.00%)
🧭 1H Trend: DOWN | STRONG | ActionZone 15m, Price Action 15m
🧪 Edge: Conf 83%
🎯 Action: ถ้ามี BUY/Long เดิม ให้ปิดกำไรหรือปิดลดความเสี่ยงตามแผนนี้
⚠️ Note: ยังไม่ใช่สัญญาณเปิด Short ใหม่ เว้นแต่โครงสร้างลงและระบบอื่นยืนยันซ้ำ
🧠 Context: Forecast SELL 92/100 | Trend ขาลง | R&gt;G 22/100 | flip 63 bars
📌 Plan: Entry 1.35 | SL 1.25
────────────────
🕒 เวลา: 2026-06-02 22:10
📈 TradingView"
047d0d552eeb2a1e,2026-06-02 22:10:34,CDCVIX15,SOL-USD,SELL,15m,64,B,80.0,เข้าได้ แต่ควรลดขนาดไม้ลงเล็กน้อยหากราคาเริ่มไล่ห่าง,,83.0,92.58999999999999,False,,Trade Plan,,,,,,,,,,,,,,,,,,,,,,,,,,,,,,,,,,,,,,,,,,,,,,,,,,,,82.52999877929688,78.56428364345005,,,None,SELL,92.0,ถือครบ 24 แท่งของแผน CDC แล้ว จึงปิดรอบเพื่อลดการยืดเยื้อ,147,,,,,,,,,,,,,,,,16.0,False,69.0,66.66670305291656,83.0,,0.0,CDCVIX15|SOL-USD|SELL|2026-06-01 09:30,"🔴 CDC+VixFix 15m SELL | SOL-USD
SOL-USD
────────────────
📍 Snapshot: ราคา 77.03 (+0.00%)
🧭 1H Trend: DOWN | STRONG | ActionZone 15m, Price Action 15m
🧪 Edge: Conf 83%
🎯 Action: ถ้ามี BUY/Long เดิม ให้ปิดกำไรหรือปิดลดความเสี่ยงตามแผนนี้
⚠️ Note: ยังไม่ใช่สัญญาณเปิด Short ใหม่ เว้นแต่โครงสร้างลงและระบบอื่นยืนยันซ้ำ
🧠 Context: Forecast SELL 92/100 | Trend ขาลง | R&gt;G 16/100 | flip 66 bars
📌 Plan: Entry 82.53 | SL 78.56
────────────────
🕒 เวลา: 2026-06-02 22:10
📈 TradingView"
13a5da0d390169b3,2026-06-02 22:10:35,TRADAR15,ADA-USD,SELL,15m,64,A,99.9,เข้าได้ตามแผนหลัก แต่ยังต้องเคารพ SL และจังหวะเข้า,,89.96000000000001,89.96000000000001,False,1,Trade Plan,Trend Radar 15m,,,,,,,,,,,,,,,,,,,,,,,,,,,,,,,,,,,,,,,,,,,,,,,,,,,0.21870000660419464,,,,,,,,,,,,,,,,,,,,,,,,,,69.0,66.66670305291656,,,,TRADAR15|ADA-USD|SELL|TREND_CONTINUE|PRICE_ACTION_15M|0.2187,"🔴 Trend Radar | ADA-USD
ADA-USD
────────────────
📍 Snapshot: ราคา 0.218700 (+0.00%) | Conf 90%
🧩 Source: Price Action 15m, Price Action 15m
🧭 State: DOWN STRONG | CONTINUE
🧠 Context: 1H DOWN STRONG | Regime TREND_DOWN | ADX 44.9
📌 Plan: Entry 0.218700
⚡ Tags: DIRECTIONAL_FALLBACK | DOWNTREND
🧠 Context: SELL continuation bias จาก forecast_direction | 1H DOWN STRONG | Regime TREND_DOWN
⚠️ Note: trend-following setup ใช้เป็นแผนเฝ้าเข้า ไม่ใช่สัญญาณไล่ราคา
────────────────
🕒 เวลา: 2026-06-02 22:10
📈 TradingView"
64b75dd48d8b77a7,2026-06-03 01:54:09,CDCVIX15,TRX-USD,SELL,15m,64,A,87.5,เข้าได้ตามแผนหลัก แต่ยังต้องเคารพ SL และจังหวะเข้า,,91.0,110.91999999999999,False,,Trade Plan,,,,,,,,,,,,,,,,,,,,,,,,,,,,,,,,,,,,,,,,,,,,,,,,,,,,0.3508114516735077,0.34172877326607703,,,None,SELL,92.0,ถือครบ 24 แท่งของแผน CDC แล้ว จึงปิดรอบเพื่อลดการยืดเยื้อ,152,,,,,,,,,,,,,,,,1.0,False,69.0,67.01668518592548,91.0,,0.0,CDCVIX15|TRX-USD|SELL|2026-06-01 12:00,"🔴 CDC+VixFix 15m SELL | TRX-USD
TRX-USD
────────────────
📍 Snapshot: ราคา 0.336679 (+0.00%)
🧭 1H Trend: DOWN | STRONG | ActionZone 15m, Price Action 15m
🧪 Edge: Conf 91%
🎯 Action: ถ้ามี BUY/Long เดิม ให้ปิดกำไรหรือปิดลดความเสี่ยงตามแผนนี้
⚠️ Note: ยังไม่ใช่สัญญาณเปิด Short ใหม่ เว้นแต่โครงสร้างลงและระบบอื่นยืนยันซ้ำ
🧠 Context: Forecast SELL 92/100 | Trend ขาลง | R&gt;G 1/100 | flip 28 bars
📌 Plan: Entry 0.350811 | SL 0.341729
────────────────
🕒 เวลา: 2026-06-03 01:54
📈 TradingView"
8cfcca719b1556dc,2026-06-03 01:54:10,CDCVIX15,DOGE-USD,SELL,15m,64,B,80.0,เข้าได้ แต่ควรลดขนาดไม้ลงเล็กน้อยหากราคาเริ่มไล่ห่าง,,83.0,92.58999999999999,False,,Trade Plan,,,,,,,,,,,,,,,,,,,,,,,,,,,,,,,,,,,,,,,,,,,,,,,,,,,,0.10014999657869339,0.09571142973644393,,,None,SELL,92.0,ถือครบ 48 แท่งของแผน CDC แล้ว จึงปิดรอบเพื่อลดการยืดเยื้อ,83,,,,,,,,,,,,,,,,26.0,False,69.0,67.01668518592548,83.0,,0.0,CDCVIX15|DOGE-USD|SELL|2026-06-02 05:15,"🔴 CDC+VixFix 15m SELL | DOGE-USD
DOGE-USD
────────────────
📍 Snapshot: ราคา 0.094100 (+0.00%)
🧭 1H Trend: DOWN | STRONG | ActionZone 15m, Price Action 15m
🧪 Edge: Conf 83%
🎯 Action: ถ้ามี BUY/Long เดิม ให้ปิดกำไรหรือปิดลดความเสี่ยงตามแผนนี้
⚠️ Note: ยังไม่ใช่สัญญาณเปิด Short ใหม่ เว้นแต่โครงสร้างลงและระบบอื่นยืนยันซ้ำ
🧠 Context: Forecast SELL 92/100 | Trend ขาลง | R&gt;G 26/100 | flip 59 bars
📌 Plan: Entry 0.100150 | SL 0.095711
────────────────
🕒 เวลา: 2026-06-03 01:54
📈 TradingView"
16402a1d3b74ee91,2026-06-03 01:54:11,TRADAR15,BTC-USD,SELL,15m,64,A,92.9,เข้าได้ตามแผนหลัก แต่ยังต้องเคารพ SL และจังหวะเข้า,,87.52000000000001,87.52000000000001,False,1,Trade Plan,Trend Radar 15m,,,,,,,,,,,,,,,,,,,,,,,,,,,,,,,,,,,,,,,,,,,,,,,,,,,67067.4765625,,,,,,,,,,,,,,,,,,,,,,,,,,69.0,67.01668518592548,,,,TRADAR15|BTC-USD|SELL|TREND_CONTINUE|TREND_BREAKOUT_15M|67067.4766,"🔴 Trend Radar | BTC-USD
BTC-USD
────────────────
📍 Snapshot: ราคา 67,067.48 (+0.00%) | Conf 88%
🧩 Source: Trend Breakout 15m, Trend Breakout 15m
🧭 State: DOWN STRONG | CONTINUE
🧠 Context: 1H DOWN STRONG | Regime TREND_DOWN | ADX 40.0
📌 Plan: Entry 67,067.48
⚡ Tags: DIRECTIONAL_FALLBACK | BREAKOUT_READY
🧠 Context: SELL breakout bias จาก forecast_direction | 1H DOWN STRONG | Regime TREND_DOWN
⚠️ Note: trend-following setup ใช้เป็นแผนเฝ้าเข้า ไม่ใช่สัญญาณไล่ราคา
────────────────
🕒 เวลา: 2026-06-03 01:54
📈 TradingView"
f84f2bf8843b061b,2026-06-03 04:45:06,CDCVIX15,PAXG-USD,SELL,15m,64,A,87.5,เข้าได้ตามแผนหลัก แต่ยังต้องเคารพ SL และจังหวะเข้า,,91.0,110.91999999999999,False,,Trade Plan,,,,,,,,,,,,,,,,,,,,,,,,,,,,,,,,,,,,,,,,,,,,,,,,,,,,4525.72021484375,4546.7940991210935,,,None,SELL,92.0,ถือครบ 24 แท่งของแผน CDC แล้ว จึงปิดรอบเพื่อลดการยืดเยื้อ,236,,,,,,,,,,,,,,,,12.0,False,69.0,66.75418073793305,91.0,,0.0,CDCVIX15|PAXG-USD|SELL|2026-05-31 17:45,"🔴 CDC+VixFix 15m SELL | PAXG-USD
PAXG-USD
────────────────
📍 Snapshot: ราคา 4,479.60 (+0.00%)
🧭 1H Trend: DOWN | STRONG | ActionZone 15m, Price Action 15m
🧪 Edge: Conf 91%
🎯 Action: ถ้ามี BUY/Long เดิม ให้ปิดกำไรหรือปิดลดความเสี่ยงตามแผนนี้
⚠️ Note: ยังไม่ใช่สัญญาณเปิด Short ใหม่ เว้นแต่โครงสร้างลงและระบบอื่นยืนยันซ้ำ
🧠 Context: Forecast SELL 92/100 | Trend ขาลง | R&gt;G 12/100 | flip 38 bars
📌 Plan: Entry 4,525.72 | SL 4,546.79
────────────────
🕒 เวลา: 2026-06-03 04:45
📈 TradingView"
122af1c46c9078ed,2026-06-03 04:45:07,TRADAR15,DOGE-USD,SELL,15m,64,A,92.9,เข้าได้ตามแผนหลัก แต่ยังต้องเคารพ SL และจังหวะเข้า,,87.52000000000001,87.52000000000001,False,1,Trade Plan,Trend Radar 15m,,,,,,,,,,,,,,,,,,,,,,,,,,,,,,,,,,,,,,,,,,,,,,,,,,,0.0945499986410141,,,,,,,,,,,,,,,,,,,,,,,,,,69.0,66.75418073793305,,,,TRADAR15|DOGE-USD|SELL|TREND_CONTINUE|TREND_BREAKOUT_15M|0.0945,"🔴 Trend Radar | DOGE-USD
DOGE-USD
────────────────
📍 Snapshot: ราคา 0.094550 (+0.00%) | Conf 88%
🧩 Source: Trend Breakout 15m, Trend Breakout 15m
🧭 State: DOWN STRONG | CONTINUE
🧠 Context: 1H DOWN STRONG | Regime TREND_DOWN | ADX 41.1
📌 Plan: Entry 0.094550
⚡ Tags: DIRECTIONAL_FALLBACK | BREAKOUT_READY
🧠 Context: SELL breakout bias จาก forecast_direction | 1H DOWN STRONG | Regime TREND_DOWN
⚠️ Note: trend-following setup ใช้เป็นแผนเฝ้าเข้า ไม่ใช่สัญญาณไล่ราคา
────────────────
🕒 เวลา: 2026-06-03 04:45
📈 TradingView"
3834c7d29b38b581,2026-06-03 06:22:28,CDCVIX15,BTC-USD,SELL,15m,64,A,86.9,เข้าได้ตามแผนหลัก แต่ยังต้องเคารพ SL และจังหวะเข้า,,89.44358911910612,117.60802501029718,False,,Trade Plan,,,,,,,,,,,,,,,,,,,,,,,,,,,,,,,,,,,,,,,,,,,,,,,,,,,,73871.1796875,67591.16908482143,,,None,SELL,84.81196373035372,ถือครบ 24 แท่งของแผน CDC แล้ว จึงปิดรอบเพื่อลดการยืดเยื้อ,299,,,,,,,,,,,,,,,,1.0,False,69.0,66.98689109456573,89.44358911910612,,0.0,CDCVIX15|BTC-USD|SELL|2026-05-31 03:45,"🔴 CDC+VixFix 15m SELL | BTC-USD
BTC-USD
────────────────
📍 Snapshot: ราคา 66,469.54 (+0.00%)
🧭 1H Trend: DOWN | STRONG | ActionZone 15m, Price Action 15m
🧪 Edge: Conf 89%
🎯 Action: ถ้ามี BUY/Long เดิม ให้ปิดกำไรหรือปิดลดความเสี่ยงตามแผนนี้
⚠️ Note: ยังไม่ใช่สัญญาณเปิด Short ใหม่ เว้นแต่โครงสร้างลงและระบบอื่นยืนยันซ้ำ
🧠 Context: Forecast SELL 85/100 | Trend ขาลง | R&gt;G 1/100 | flip 177 bars
📌 Plan: Entry 73,871.18 | SL 67,591.17
────────────────
🕒 เวลา: 2026-06-03 06:22
📈 TradingView"
b94286bd4d6c8355,2026-06-03 06:22:28,CDCVIX15,DOGE-USD,SELL,15m,64,A,87.5,เข้าได้ตามแผนหลัก แต่ยังต้องเคารพ SL และจังหวะเข้า,,91.0,110.91999999999999,False,,Trade Plan,,,,,,,,,,,,,,,,,,,,,,,,,,,,,,,,,,,,,,,,,,,,,,,,,,,,0.10014999657869339,0.09446285452161517,,,None,SELL,92.0,ถือครบ 48 แท่งของแผน CDC แล้ว จึงปิดรอบเพื่อลดการยืดเยื้อ,101,,,,,,,,,,,,,,,,26.0,False,69.0,66.98689109456573,91.0,,0.0,CDCVIX15|DOGE-USD|SELL|2026-06-02 05:15,"🔴 CDC+VixFix 15m SELL | DOGE-USD
DOGE-USD
────────────────
📍 Snapshot: ราคา 0.092350 (+0.00%)
🧭 1H Trend: DOWN | STRONG | ActionZone 15m, Price Action 15m
🧪 Edge: Conf 91%
🎯 Action: ถ้ามี BUY/Long เดิม ให้ปิดกำไรหรือปิดลดความเสี่ยงตามแผนนี้
⚠️ Note: ยังไม่ใช่สัญญาณเปิด Short ใหม่ เว้นแต่โครงสร้างลงและระบบอื่นยืนยันซ้ำ
🧠 Context: Forecast SELL 92/100 | Trend ขาลง | R&gt;G 26/100 | flip 77 bars
📌 Plan: Entry 0.100150 | SL 0.094463
────────────────
🕒 เวลา: 2026-06-03 06:22
📈 TradingView"
71671c9e095ae8ec,2026-06-03 06:22:29,TRADAR15,DOGE-USD,SELL,15m,64,A,92.9,เข้าได้ตามแผนหลัก แต่ยังต้องเคารพ SL และจังหวะเข้า,,87.52000000000001,87.52000000000001,False,1,Trade Plan,Trend Radar 15m,,,,,,,,,,,,,,,,,,,,,,,,,,,,,,,,,,,,,,,,,,,,,,,,,,,0.09234999865293503,,,,,,,,,,,,,,,,,,,,,,,,,,69.0,66.98689109456573,,,,TRADAR15|DOGE-USD|SELL|TREND_CONTINUE|TREND_BREAKOUT_15M|0.0923,"🔴 Trend Radar | DOGE-USD
DOGE-USD
────────────────
📍 Snapshot: ราคา 0.092350 (+0.00%) | Conf 88%
🧩 Source: Trend Breakout 15m, Trend Breakout 15m
🧭 State: DOWN STRONG | CONTINUE
🧠 Context: 1H DOWN STRONG | Regime TREND_DOWN | ADX 41.0
📌 Plan: Entry 0.092350
⚡ Tags: DIRECTIONAL_FALLBACK | BREAKOUT_READY
🧠 Context: SELL breakout bias จาก forecast_direction | 1H DOWN STRONG | Regime TREND_DOWN
⚠️ Note: trend-following setup ใช้เป็นแผนเฝ้าเข้า ไม่ใช่สัญญาณไล่ราคา
────────────────
🕒 เวลา: 2026-06-03 06:22
📈 TradingView"
a8c54a2e0c6e83be,2026-06-03 09:06:35,CDCVIX15,XRP-USD,SELL,15m,64,A,87.5,เข้าได้ตามแผนหลัก แต่ยังต้องเคารพ SL และจังหวะเข้า,,95.0,123.22,False,,Trade Plan,,,,,,,,,,,,,,,,,,,,,,,,,,,,,,,,,,,,,,,,,,,,,,,,,,,,1.3468999862670898,1.2403642620359148,,,None,SELL,85.14667741258711,ถือครบ 48 แท่งของแผน CDC แล้ว จึงปิดรอบเพื่อลดการยืดเยื้อ,308,,,,,,,,,,,,,,,,16.0,False,69.0,66.837652239939,95.0,,0.0,CDCVIX15|XRP-USD|SELL|2026-05-31 03:00,"🔴 CDC+VixFix 15m SELL | XRP-USD
XRP-USD
────────────────
📍 Snapshot: ราคา 1.22 (+0.00%)
🧭 1H Trend: DOWN | STRONG | ActionZone 15m, Price Action 15m
🧪 Edge: Conf 95%
🎯 Action: ถ้ามี BUY/Long เดิม ให้ปิดกำไรหรือปิดลดความเสี่ยงตามแผนนี้
⚠️ Note: ยังไม่ใช่สัญญาณเปิด Short ใหม่ เว้นแต่โครงสร้างลงและระบบอื่นยืนยันซ้ำ
🧠 Context: Forecast SELL 85/100 | Trend ขาลง | R&gt;G 16/100 | flip 102 bars
📌 Plan: Entry 1.35 | SL 1.24
────────────────
🕒 เวลา: 2026-06-03 09:06
📈 TradingView"
371de53eca1ccb76,2026-06-03 09:06:36,CDCVIX15,TRX-USD,SELL,15m,64,A,87.5,เข้าได้ตามแผนหลัก แต่ยังต้องเคารพ SL และจังหวะเข้า,,91.0,110.91999999999999,False,,Trade Plan,,,,,,,,,,,,,,,,,,,,,,,,,,,,,,,,,,,,,,,,,,,,,,,,,,,,0.3508235216140747,0.3373793089389801,,,None,SELL,92.0,ถือครบ 24 แท่งของแผน CDC แล้ว จึงปิดรอบเพื่อลดการยืดเยื้อ,176,,,,,,,,,,,,,,,,1.0,False,69.0,66.837652239939,91.0,,0.0,CDCVIX15|TRX-USD|SELL|2026-06-01 12:00,"🔴 CDC+VixFix 15m SELL | TRX-USD
TRX-USD
────────────────
📍 Snapshot: ราคา 0.332393 (+0.00%)
🧭 1H Trend: DOWN | STRONG | ActionZone 15m, Price Action 15m
🧪 Edge: Conf 91%
🎯 Action: ถ้ามี BUY/Long เดิม ให้ปิดกำไรหรือปิดลดความเสี่ยงตามแผนนี้
⚠️ Note: ยังไม่ใช่สัญญาณเปิด Short ใหม่ เว้นแต่โครงสร้างลงและระบบอื่นยืนยันซ้ำ
🧠 Context: Forecast SELL 92/100 | Trend ขาลง | R&gt;G 1/100 | flip 52 bars
📌 Plan: Entry 0.350824 | SL 0.337379
────────────────
🕒 เวลา: 2026-06-03 09:06
📈 TradingView"
e2a4d16a198a034f,2026-06-03 14:08:56,CDCVIX15,BNB-USD,SELL,15m,64,A,87.5,เข้าได้ตามแผนหลัก แต่ยังต้องเคารพ SL และจังหวะเข้า,,90.20047020518044,110.1684419928696,False,,Trade Plan,,,,,,,,,,,,,,,,,,,,,,,,,,,,,,,,,,,,,,,,,,,,,,,,,,,,714.969970703125,651.7314752197266,,,None,SELL,87.3349006839348,ถือครบ 24 แท่งของแผน CDC แล้ว จึงปิดรอบเพื่อลดการยืดเยื้อ,322,,,,,,,,,,,,,,,,1.0,False,69.0,66.87315003265972,90.20047020518044,,0.0,CDCVIX15|BNB-USD|SELL|2026-05-31 05:45,"🔴 CDC+VixFix 15m SELL | BNB-USD
BNB-USD
────────────────
📍 Snapshot: ราคา 642.10 (+0.00%)
🧭 1H Trend: DOWN | STRONG | ActionZone 15m, Price Action 15m
🧪 Edge: Conf 90%
🎯 Action: ถ้ามี BUY/Long เดิม ให้ปิดกำไรหรือปิดลดความเสี่ยงตามแผนนี้
⚠️ Note: ยังไม่ใช่สัญญาณเปิด Short ใหม่ เว้นแต่โครงสร้างลงและระบบอื่นยืนยันซ้ำ
🧠 Context: Forecast SELL 87/100 | Trend ขาลง | R&gt;G 1/100 | flip 111 bars
📌 Plan: Entry 714.97 | SL 651.73
────────────────
🕒 เวลา: 2026-06-03 14:08
📈 TradingView"
54f530be17a7933d,2026-06-03 14:08:57,TRADAR15,ETH-USD,SELL,15m,64,A,98.8,เข้าได้ตามแผนหลัก แต่ยังต้องเคารพ SL และจังหวะเข้า,,89.57998446979181,89.57998446979181,False,1,Trade Plan,Trend Radar 15m,,,,,,,,,,,,,,,,,,,,,,,,,,,,,,,,,,,,,,,,,,,,,,,,,,,1870.1600341796875,,,,,,,,,,,,,,,,,,,,,,,,,,69.0,66.87315003265972,,,,TRADAR15|ETH-USD|SELL|TREND_CONTINUE|TREND_BREAKOUT_15M|1870.16,"🔴 Trend Radar | ETH-USD
ETH-USD
────────────────
📍 Snapshot: ราคา 1,870.16 (+0.00%) | Conf 90%
🧩 Source: Trend Breakout 15m, Trend Breakout 15m
🧭 State: DOWN STRONG | CONTINUE
🧠 Context: 1H DOWN STRONG | Regime TREND_DOWN | ADX 30.5
📌 Plan: Entry 1,870.16
⚡ Tags: DIRECTIONAL_FALLBACK | BREAKOUT_READY
🧠 Context: SELL breakout bias จาก forecast_direction | 1H DOWN STRONG | Regime TREND_DOWN
⚠️ Note: trend-following setup ใช้เป็นแผนเฝ้าเข้า ไม่ใช่สัญญาณไล่ราคา
────────────────
🕒 เวลา: 2026-06-03 14:08
📈 TradingView"
e94390d767d1b520,2026-06-03 19:09:24,CDCVIX15,BNB-USD,SELL,15m,64,A,87.5,เข้าได้ตามแผนหลัก แต่ยังต้องเคารพ SL และจังหวะเข้า,,91.0,119.18,False,,Trade Plan,,,,,,,,,,,,,,,,,,,,,,,,,,,,,,,,,,,,,,,,,,,,,,,,,,,,714.969970703125,644.77875,,,None,SELL,92.0,ถือครบ 24 แท่งของแผน CDC แล้ว จึงปิดรอบเพื่อลดการยืดเยื้อ,342,,,,,,,,,,,,,,,,1.0,False,69.0,67.33537640681166,91.0,,0.0,CDCVIX15|BNB-USD|SELL|2026-05-31 05:45,"🔴 CDC+VixFix 15m SELL | BNB-USD
BNB-USD
────────────────
📍 Snapshot: ราคา 635.25 (+0.00%)
🧭 1H Trend: DOWN | STRONG | ActionZone 15m, Price Action 15m
🧪 Edge: Conf 91%
🎯 Action: ถ้ามี BUY/Long เดิม ให้ปิดกำไรหรือปิดลดความเสี่ยงตามแผนนี้
⚠️ Note: ยังไม่ใช่สัญญาณเปิด Short ใหม่ เว้นแต่โครงสร้างลงและระบบอื่นยืนยันซ้ำ
🧠 Context: Forecast SELL 92/100 | Trend ขาลง | R&gt;G 1/100 | flip 131 bars
📌 Plan: Entry 714.97 | SL 644.78
────────────────
🕒 เวลา: 2026-06-03 19:09
📈 TradingView"
e9b0f3766cad5a28,2026-06-03 19:09:25,CDCVIX15,DOGE-USD,SELL,15m,64,B,81.7,เข้าได้ แต่ควรลดขนาดไม้ลงเล็กน้อยหากราคาเริ่มไล่ห่าง,,84.5914518655019,101.09236638415692,False,,Trade Plan,,,,,,,,,,,,,,,,,,,,,,,,,,,,,,,,,,,,,,,,,,,,,,,,,,,,0.10014999657869339,0.09527804903686046,,,None,SELL,68.6381728850063,ถือครบ 48 แท่งของแผน CDC แล้ว จึงปิดรอบเพื่อลดการยืดเยื้อ,152,,,,,,,,,,,,,,,,31.72763457700126,False,69.0,67.33537640681166,84.5914518655019,,0.0,CDCVIX15|DOGE-USD|SELL|2026-06-02 05:15,"🔴 CDC+VixFix 15m SELL | DOGE-USD
DOGE-USD
────────────────
📍 Snapshot: ราคา 0.093870 (+0.00%)
🧭 1H Trend: DOWN | STRONG | ActionZone 15m, Price Action 15m
🧪 Edge: Conf 85%
🎯 Action: ถ้ามี BUY/Long เดิม ให้ปิดกำไรหรือปิดลดความเสี่ยงตามแผนนี้
⚠️ Note: ยังไม่ใช่สัญญาณเปิด Short ใหม่ เว้นแต่โครงสร้างลงและระบบอื่นยืนยันซ้ำ
🧠 Context: Forecast SELL 69/100 | Trend ขาขึ้น | R&gt;G 32/100 | flip 9 bars
📌 Plan: Entry 0.100150 | SL 0.095278
────────────────
🕒 เวลา: 2026-06-03 19:09
📈 TradingView"
43d5ff74de9bff9b,2026-06-03 19:09:25,TRADAR15,TRX-USD,SELL,15m,64,A,92.9,เข้าได้ตามแผนหลัก แต่ยังต้องเคารพ SL และจังหวะเข้า,,87.52000000000001,87.52000000000001,False,1,Trade Plan,Trend Radar 15m,,,,,,,,,,,,,,,,,,,,,,,,,,,,,,,,,,,,,,,,,,,,,,,,,,,0.33179667592048645,,,,,,,,,,,,,,,,,,,,,,,,,,69.0,67.33537640681166,,,,TRADAR15|TRX-USD|SELL|TREND_CONTINUE|TREND_BREAKOUT_15M|0.3318,"🔴 Trend Radar | TRX-USD
TRX-USD
────────────────
📍 Snapshot: ราคา 0.331797 (+0.00%) | Conf 88%
🧩 Source: Trend Breakout 15m, Trend Breakout 15m
🧭 State: DOWN STRONG | CONTINUE
🧠 Context: 1H DOWN STRONG | Regime TREND_DOWN | ADX 49.1
📌 Plan: Entry 0.331797
⚡ Tags: DIRECTIONAL_FALLBACK | BREAKOUT_READY
🧠 Context: SELL breakout bias จาก forecast_direction | 1H DOWN STRONG | Regime TREND_DOWN
⚠️ Note: trend-following setup ใช้เป็นแผนเฝ้าเข้า ไม่ใช่สัญญาณไล่ราคา
────────────────
🕒 เวลา: 2026-06-03 19:09
📈 TradingView"
4b472f0e8d6d6241,2026-06-04 00:16:24,CDCVIX15,BTC-USD,SELL,15m,64,A,87.5,เข้าได้ตามแผนหลัก แต่ยังต้องเคารพ SL และจังหวะเข้า,,91.0,110.91999999999999,False,,Trade Plan,,,,,,,,,,,,,,,,,,,,,,,,,,,,,,,,,,,,,,,,,,,,,,,,,,,,73871.1796875,66669.2520703125,,,None,SELL,92.0,ถือครบ 24 แท่งของแผน CDC แล้ว จึงปิดรอบเพื่อลดการยืดเยื้อ,371,,,,,,,,,,,,,,,,1.0,False,69.0,66.80125912423286,91.0,,0.0,CDCVIX15|BTC-USD|SELL|2026-05-31 03:45,"🔴 CDC+VixFix 15m SELL | BTC-USD
BTC-USD
────────────────
📍 Snapshot: ราคา 65,683.99 (+0.00%)
🧭 1H Trend: DOWN | STRONG | ActionZone 15m, Price Action 15m
🧪 Edge: Conf 91%
🎯 Action: ถ้ามี BUY/Long เดิม ให้ปิดกำไรหรือปิดลดความเสี่ยงตามแผนนี้
⚠️ Note: ยังไม่ใช่สัญญาณเปิด Short ใหม่ เว้นแต่โครงสร้างลงและระบบอื่นยืนยันซ้ำ
🧠 Context: Forecast SELL 92/100 | Trend ขาลง | R&gt;G 1/100 | flip 18 bars
📌 Plan: Entry 73,871.18 | SL 66,669.25
────────────────
🕒 เวลา: 2026-06-04 00:16
📈 TradingView"
fb63110dcbfb48c6,2026-06-04 00:16:24,CDCVIX15,DOGE-USD,SELL,15m,64,A,87.5,เข้าได้ตามแผนหลัก แต่ยังต้องเคารพ SL และจังหวะเข้า,,91.0,110.91999999999999,False,,Trade Plan,,,,,,,,,,,,,,,,,,,,,,,,,,,,,,,,,,,,,,,,,,,,,,,,,,,,0.10014999657869339,0.09371000209024974,,,None,SELL,92.0,ถือครบ 48 แท่งของแผน CDC แล้ว จึงปิดรอบเพื่อลดการยืดเยื้อ,173,,,,,,,,,,,,,,,,16.0,False,69.0,66.80125912423286,91.0,,0.0,CDCVIX15|DOGE-USD|SELL|2026-06-02 05:15,"🔴 CDC+VixFix 15m SELL | DOGE-USD
DOGE-USD
────────────────
📍 Snapshot: ราคา 0.091880 (+0.00%)
🧭 1H Trend: DOWN | STRONG | ActionZone 15m, Price Action 15m
🧪 Edge: Conf 91%
🎯 Action: ถ้ามี BUY/Long เดิม ให้ปิดกำไรหรือปิดลดความเสี่ยงตามแผนนี้
⚠️ Note: ยังไม่ใช่สัญญาณเปิด Short ใหม่ เว้นแต่โครงสร้างลงและระบบอื่นยืนยันซ้ำ
🧠 Context: Forecast SELL 92/100 | Trend ขาลง | R&gt;G 16/100 | flip 15 bars
📌 Plan: Entry 0.100150 | SL 0.093710
────────────────
🕒 เวลา: 2026-06-04 00:16
📈 TradingView"
cc07ddbc6a7004c7,2026-06-04 00:16:25,TRADAR15,BTC-USD,SELL,15m,64,A,100.0,เข้าได้ตามแผนหลัก แต่ยังต้องเคารพ SL และจังหวะเข้า,,90.04169489360225,90.04169489360225,False,1,Trade Plan,Trend Radar 15m,,,,,,,,,,,,,,,,,,,,,,,,,,,,,,,,,,,,,,,,,,,,,,,,,,,65683.9921875,,,,,,,,,,,,,,,,,,,,,,,,,,69.0,66.80125912423286,,,,TRADAR15|BTC-USD|SELL|TREND_CONTINUE|PRICE_ACTION_15M|65683.9922,"🔴 Trend Radar | BTC-USD
BTC-USD
────────────────
📍 Snapshot: ราคา 65,683.99 (+0.00%) | Conf 90%
🧩 Source: Price Action 15m, Price Action 15m
🧭 State: DOWN STRONG | CONTINUE
🧠 Context: 1H DOWN STRONG | Regime TREND_DOWN | ADX 69.7
📌 Plan: Entry 65,683.99
⚡ Tags: DIRECTIONAL_FALLBACK | DOWNTREND
🧠 Context: SELL continuation bias จาก forecast_direction | 1H DOWN STRONG | Regime TREND_DOWN
⚠️ Note: trend-following setup ใช้เป็นแผนเฝ้าเข้า ไม่ใช่สัญญาณไล่ราคา
────────────────
🕒 เวลา: 2026-06-04 00:16
📈 TradingView"
40b7d2914f49a46d,2026-06-04 03:35:28,CDCVIX15,TRX-USD,SELL,15m,64,B,83.5,เข้าได้ แต่ควรลดขนาดไม้ลงเล็กน้อยหากราคาเริ่มไล่ห่าง,,86.27290545404117,114.40563450858158,False,,Trade Plan,,,,,,,,,,,,,,,,,,,,,,,,,,,,,,,,,,,,,,,,,,,,,,,,,,,,0.3508235216140747,0.33876067608594895,,,None,SELL,74.24301818013723,ถือครบ 24 แท่งของแผน CDC แล้ว จึงปิดรอบเพื่อลดการยืดเยื้อ,255,,,,,,,,,,,,,,,,29.84860363602745,False,69.0,66.88698615073079,86.27290545404117,,0.0,CDCVIX15|TRX-USD|SELL|2026-06-01 12:00,"🔴 CDC+VixFix 15m SELL | TRX-USD
TRX-USD
────────────────
📍 Snapshot: ราคา 0.333754 (+0.00%)
🧭 1H Trend: DOWN | STRONG | ActionZone 15m, Price Action 15m
🧪 Edge: Conf 86%
🎯 Action: ถ้ามี BUY/Long เดิม ให้ปิดกำไรหรือปิดลดความเสี่ยงตามแผนนี้
⚠️ Note: ยังไม่ใช่สัญญาณเปิด Short ใหม่ เว้นแต่โครงสร้างลงและระบบอื่นยืนยันซ้ำ
🧠 Context: Forecast SELL 74/100 | Trend ขาขึ้น | R&gt;G 30/100 | flip 3 bars
📌 Plan: Entry 0.350824 | SL 0.338761
────────────────
🕒 เวลา: 2026-06-04 03:35
📈 TradingView"
32d0fbfd833522b0,2026-06-04 03:35:28,CDCVIX15,BTC-USD,SELL,15m,64,A,87.5,เข้าได้ตามแผนหลัก แต่ยังต้องเคารพ SL และจังหวะเข้า,,91.0,110.91999999999999,False,,Trade Plan,,,,,,,,,,,,,,,,,,,,,,,,,,,,,,,,,,,,,,,,,,,,,,,,,,,,73871.1796875,66349.6063671875,,,None,SELL,92.0,ถือครบ 24 แท่งของแผน CDC แล้ว จึงปิดรอบเพื่อลดการยืดเยื้อ,384,,,,,,,,,,,,,,,,1.0,False,69.0,66.88698615073079,91.0,,0.0,CDCVIX15|BTC-USD|SELL|2026-05-31 03:45,"🔴 CDC+VixFix 15m SELL | BTC-USD
BTC-USD
────────────────
📍 Snapshot: ราคา 65,369.07 (+0.00%)
🧭 1H Trend: DOWN | STRONG | ActionZone 15m, Price Action 15m
🧪 Edge: Conf 91%
🎯 Action: ถ้ามี BUY/Long เดิม ให้ปิดกำไรหรือปิดลดความเสี่ยงตามแผนนี้
⚠️ Note: ยังไม่ใช่สัญญาณเปิด Short ใหม่ เว้นแต่โครงสร้างลงและระบบอื่นยืนยันซ้ำ
🧠 Context: Forecast SELL 92/100 | Trend ขาลง | R&gt;G 1/100 | flip 31 bars
📌 Plan: Entry 73,871.18 | SL 66,349.61
────────────────
🕒 เวลา: 2026-06-04 03:35
📈 TradingView"
fad4f7e265692d84,2026-06-04 03:35:29,TRADAR15,BTC-USD,SELL,15m,64,A,92.9,เข้าได้ตามแผนหลัก แต่ยังต้องเคารพ SL และจังหวะเข้า,,87.52000000000001,87.52000000000001,False,1,Trade Plan,Trend Radar 15m,,,,,,,,,,,,,,,,,,,,,,,,,,,,,,,,,,,,,,,,,,,,,,,,,,,65369.0703125,,,,,,,,,,,,,,,,,,,,,,,,,,69.0,66.88698615073079,,,,TRADAR15|BTC-USD|SELL|TREND_CONTINUE|TREND_BREAKOUT_15M|65369.0703,"🔴 Trend Radar | BTC-USD
BTC-USD
────────────────
📍 Snapshot: ราคา 65,369.07 (+0.00%) | Conf 88%
🧩 Source: Trend Breakout 15m, Trend Breakout 15m
🧭 State: DOWN STRONG | CONTINUE
🧠 Context: 1H DOWN STRONG | Regime TREND_DOWN | ADX 41.8
📌 Plan: Entry 65,369.07
⚡ Tags: DIRECTIONAL_FALLBACK | BREAKOUT_READY
🧠 Context: SELL breakout bias จาก forecast_direction | 1H DOWN STRONG | Regime TREND_DOWN
⚠️ Note: trend-following setup ใช้เป็นแผนเฝ้าเข้า ไม่ใช่สัญญาณไล่ราคา
────────────────
🕒 เวลา: 2026-06-04 03:35
📈 TradingView"
65695eb5d21c1603,2026-06-04 05:53:04,CDCVIX15,NEAR-USD,SELL,15m,64,A,87.5,เข้าได้ตามแผนหลัก แต่ยังต้องเคารพ SL และจังหวะเข้า,,95.0,123.22,False,,Trade Plan,,,,,,,,,,,,,,,,,,,,,,,,,,,,,,,,,,,,,,,,,,,,,,,,,,,,2.6619999408721924,2.992071407181876,,,None,SELL,92.0,ราคาแตะเป้าปิดทำกำไรตามแผน CDC ที่ 0.20% จากจุดเข้า,177,,,,,,,,,,,,,,,,22.0,False,69.0,67.00197020774414,95.0,,0.0,CDCVIX15|NEAR-USD|SELL|2026-06-02 09:45,"🔴 CDC+VixFix 15m SELL | NEAR-USD
NEAR-USD
────────────────
📍 Snapshot: ราคา 2.85 (+0.00%)
🧭 1H Trend: UP | STRONG | ActionZone 15m, Price Action 15m
🧪 Edge: Conf 95%
🎯 Action: ถ้ามี BUY/Long เดิม ให้ปิดกำไรหรือปิดลดความเสี่ยงตามแผนนี้
⚠️ Note: ยังไม่ใช่สัญญาณเปิด Short ใหม่ เว้นแต่โครงสร้างลงและระบบอื่นยืนยันซ้ำ
🧠 Context: Forecast SELL 92/100 | Trend ขาลง | R&gt;G 22/100 | flip 33 bars
📌 Plan: Entry 2.66 | SL 2.99
────────────────
🕒 เวลา: 2026-06-04 05:53
📈 TradingView"
16984b195b06f780,2026-06-04 05:53:04,CDCVIX15,DOGE-USD,SELL,15m,64,A,87.5,เข้าได้ตามแผนหลัก แต่ยังต้องเคารพ SL และจังหวะเข้า,,91.0,119.18,False,,Trade Plan,,,,,,,,,,,,,,,,,,,,,,,,,,,,,,,,,,,,,,,,,,,,,,,,,,,,0.10014999657869339,0.09396571293473244,,,None,SELL,92.0,ถือครบ 48 แท่งของแผน CDC แล้ว จึงปิดรอบเพื่อลดการยืดเยื้อ,195,,,,,,,,,,,,,,,,16.0,False,69.0,67.00197020774414,91.0,,0.0,CDCVIX15|DOGE-USD|SELL|2026-06-02 05:15,"🔴 CDC+VixFix 15m SELL | DOGE-USD
DOGE-USD
────────────────
📍 Snapshot: ราคา 0.091900 (+0.00%)
🧭 1H Trend: DOWN | STRONG | ActionZone 15m, Price Action 15m
🧪 Edge: Conf 91%
🎯 Action: ถ้ามี BUY/Long เดิม ให้ปิดกำไรหรือปิดลดความเสี่ยงตามแผนนี้
⚠️ Note: ยังไม่ใช่สัญญาณเปิด Short ใหม่ เว้นแต่โครงสร้างลงและระบบอื่นยืนยันซ้ำ
🧠 Context: Forecast SELL 92/100 | Trend ขาลง | R&gt;G 16/100 | flip 37 bars
📌 Plan: Entry 0.100150 | SL 0.093966
────────────────
🕒 เวลา: 2026-06-04 05:53
📈 TradingView"
dc4345f546e1cbfe,2026-06-04 05:53:05,TRADAR15,BTC-USD,SELL,15m,64,A,92.9,เข้าได้ตามแผนหลัก แต่ยังต้องเคารพ SL และจังหวะเข้า,,87.52000000000001,87.52000000000001,False,1,Trade Plan,Trend Radar 15m,,,,,,,,,,,,,,,,,,,,,,,,,,,,,,,,,,,,,,,,,,,,,,,,,,,64872.109375,,,,,,,,,,,,,,,,,,,,,,,,,,69.0,67.00197020774414,,,,TRADAR15|BTC-USD|SELL|TREND_CONTINUE|TREND_BREAKOUT_15M|64872.1094,"🔴 Trend Radar | BTC-USD
BTC-USD
────────────────
📍 Snapshot: ราคา 64,872.11 (+0.00%) | Conf 88%
🧩 Source: Trend Breakout 15m, Trend Breakout 15m
🧭 State: DOWN STRONG | CONTINUE
🧠 Context: 1H DOWN STRONG | Regime TREND_DOWN | ADX 40.6
📌 Plan: Entry 64,872.11
⚡ Tags: DIRECTIONAL_FALLBACK | BREAKOUT_READY
🧠 Context: SELL breakout bias จาก forecast_direction | 1H DOWN STRONG | Regime TREND_DOWN
⚠️ Note: trend-following setup ใช้เป็นแผนเฝ้าเข้า ไม่ใช่สัญญาณไล่ราคา
────────────────
🕒 เวลา: 2026-06-04 05:53
📈 TradingView"
2ede412d948a01e3,2026-06-04 07:28:02,CDCVIX15,DOGE-USD,SELL,15m,64,A,87.5,เข้าได้ตามแผนหลัก แต่ยังต้องเคารพ SL และจังหวะเข้า,,91.0,119.18,False,,Trade Plan,,,,,,,,,,,,,,,,,,,,,,,,,,,,,,,,,,,,,,,,,,,,,,,,,,,,0.10014999657869339,0.09227071063859123,,,None,SELL,92.0,ถือครบ 48 แท่งของแผน CDC แล้ว จึงปิดรอบเพื่อลดการยืดเยื้อ,201,,,,,,,,,,,,,,,,16.0,False,69.0,68.06410279033358,91.0,,0.0,CDCVIX15|DOGE-USD|SELL|2026-06-02 05:15,"🔴 CDC+VixFix 15m SELL | DOGE-USD
DOGE-USD
────────────────
📍 Snapshot: ราคา 0.090670 (+0.00%)
🧭 1H Trend: DOWN | STRONG | ActionZone 15m, Price Action 15m
🧪 Edge: Conf 91%
🎯 Action: ถ้ามี BUY/Long เดิม ให้ปิดกำไรหรือปิดลดความเสี่ยงตามแผนนี้
⚠️ Note: ยังไม่ใช่สัญญาณเปิด Short ใหม่ เว้นแต่โครงสร้างลงและระบบอื่นยืนยันซ้ำ
🧠 Context: Forecast SELL 92/100 | Trend ขาลง | R&gt;G 16/100 | flip 43 bars
📌 Plan: Entry 0.100150 | SL 0.092271
────────────────
🕒 เวลา: 2026-06-04 07:28
📈 TradingView"
be34922697a4619e,2026-06-04 07:28:03,CDCVIX15,ETH-USD,SELL,15m,64,A,87.5,เข้าได้ตามแผนหลัก แต่ยังต้องเคารพ SL และจังหวะเข้า,,91.0,119.18,False,,Trade Plan,,,,,,,,,,,,,,,,,,,,,,,,,,,,,,,,,,,,,,,,,,,,,,,,,,,,2118.699951171875,1834.90283203125,,,None,SELL,92.0,ถือครบ 24 แท่งของแผน CDC แล้ว จึงปิดรอบเพื่อลดการยืดเยื้อ,825,,,,,,,,,,,,,,,,16.0,False,69.0,68.06410279033358,91.0,,0.0,CDCVIX15|ETH-USD|SELL|2026-05-26 17:15,"🔴 CDC+VixFix 15m SELL | ETH-USD
ETH-USD
────────────────
📍 Snapshot: ราคา 1,796.61 (+0.00%)
🧭 1H Trend: DOWN | STRONG | ActionZone 15m, Price Action 15m
🧪 Edge: Conf 91%
🎯 Action: ถ้ามี BUY/Long เดิม ให้ปิดกำไรหรือปิดลดความเสี่ยงตามแผนนี้
⚠️ Note: ยังไม่ใช่สัญญาณเปิด Short ใหม่ เว้นแต่โครงสร้างลงและระบบอื่นยืนยันซ้ำ
🧠 Context: Forecast SELL 92/100 | Trend ขาลง | R&gt;G 16/100 | flip 59 bars
📌 Plan: Entry 2,118.70 | SL 1,834.90
────────────────
🕒 เวลา: 2026-06-04 07:28
📈 TradingView"
188506f9a9bf3842,2026-06-04 07:28:03,TRADAR15,TRX-USD,SELL,15m,64,A,98.7,เข้าได้ตามแผนหลัก แต่ยังต้องเคารพ SL และจังหวะเข้า,,89.55592023154074,89.55592023154074,False,1,Trade Plan,Trend Radar 15m,,,,,,,,,,,,,,,,,,,,,,,,,,,,,,,,,,,,,,,,,,,,,,,,,,,0.33308443427085876,,,,,,,,,,,,,,,,,,,,,,,,,,69.0,68.06410279033358,,,,TRADAR15|TRX-USD|SELL|TREND_CONTINUE|PRICE_ACTION_15M|0.3331,"🔴 Trend Radar | TRX-USD
TRX-USD
────────────────
📍 Snapshot: ราคา 0.333084 (+0.00%) | Conf 90%
🧩 Source: Price Action 15m, Price Action 15m
🧭 State: DOWN STRONG | CONTINUE
🧠 Context: 1H DOWN STRONG | Regime TREND_DOWN | ADX 32.1
📌 Plan: Entry 0.333084
⚡ Tags: DIRECTIONAL_FALLBACK | DOWNTREND
🧠 Context: SELL continuation bias จาก forecast_direction | 1H DOWN STRONG | Regime TREND_DOWN
⚠️ Note: trend-following setup ใช้เป็นแผนเฝ้าเข้า ไม่ใช่สัญญาณไล่ราคา
────────────────
🕒 เวลา: 2026-06-04 07:28
📈 TradingView"
6d75b07c7ff503ad,2026-06-04 12:22:35,CDCVIX15,BTC-USD,SELL,15m,64,A,87.5,เข้าได้ตามแผนหลัก แต่ยังต้องเคารพ SL และจังหวะเข้า,,91.0,110.91999999999999,False,,Trade Plan,,,,,,,,,,,,,,,,,,,,,,,,,,,,,,,,,,,,,,,,,,,,,,,,,,,,73871.1796875,64873.572265625,,,None,SELL,92.0,ถือครบ 24 แท่งของแผน CDC แล้ว จึงปิดรอบเพื่อลดการยืดเยื้อ,419,,,,,,,,,,,,,,,,1.0,False,69.0,67.35799762499184,91.0,,0.0,CDCVIX15|BTC-USD|SELL|2026-05-31 03:45,"🔴 CDC+VixFix 15m SELL | BTC-USD
BTC-USD
────────────────
📍 Snapshot: ราคา 63,625.99 (+0.00%)
🧭 1H Trend: DOWN | STRONG | ActionZone 15m, Price Action 15m
🧪 Edge: Conf 91%
🎯 Action: ถ้ามี BUY/Long เดิม ให้ปิดกำไรหรือปิดลดความเสี่ยงตามแผนนี้
⚠️ Note: ยังไม่ใช่สัญญาณเปิด Short ใหม่ เว้นแต่โครงสร้างลงและระบบอื่นยืนยันซ้ำ
🧠 Context: Forecast SELL 92/100 | Trend ขาลง | R&gt;G 1/100 | flip 66 bars
📌 Plan: Entry 73,871.18 | SL 64,873.57
────────────────
🕒 เวลา: 2026-06-04 12:22
📈 TradingView"
0ffb2e5b4b2ab9d5,2026-06-04 12:22:36,CDCVIX15,ETH-USD,SELL,15m,64,A,87.5,เข้าได้ตามแผนหลัก แต่ยังต้องเคารพ SL และจังหวะเข้า,,91.0,110.91999999999999,False,,Trade Plan,,,,,,,,,,,,,,,,,,,,,,,,,,,,,,,,,,,,,,,,,,,,,,,,,,,,2118.699951171875,1823.1000279017858,,,None,SELL,92.0,ถือครบ 24 แท่งของแผน CDC แล้ว จึงปิดรอบเพื่อลดการยืดเยื้อ,845,,,,,,,,,,,,,,,,16.0,False,69.0,67.35799762499184,91.0,,0.0,CDCVIX15|ETH-USD|SELL|2026-05-26 17:15,"🔴 CDC+VixFix 15m SELL | ETH-USD
ETH-USD
────────────────
📍 Snapshot: ราคา 1,784.49 (+0.00%)
🧭 1H Trend: DOWN | STRONG | ActionZone 15m, Price Action 15m
🧪 Edge: Conf 91%
🎯 Action: ถ้ามี BUY/Long เดิม ให้ปิดกำไรหรือปิดลดความเสี่ยงตามแผนนี้
⚠️ Note: ยังไม่ใช่สัญญาณเปิด Short ใหม่ เว้นแต่โครงสร้างลงและระบบอื่นยืนยันซ้ำ
🧠 Context: Forecast SELL 92/100 | Trend ขาลง | R&gt;G 16/100 | flip 79 bars
📌 Plan: Entry 2,118.70 | SL 1,823.10
────────────────
🕒 เวลา: 2026-06-04 12:22
📈 TradingView"
d9c7c556e7abb263,2026-06-04 12:22:36,TRADAR15,DOGE-USD,SELL,15m,64,A,92.9,เข้าได้ตามแผนหลัก แต่ยังต้องเคารพ SL และจังหวะเข้า,,87.52000000000001,87.52000000000001,False,1,Trade Plan,Trend Radar 15m,,,,,,,,,,,,,,,,,,,,,,,,,,,,,,,,,,,,,,,,,,,,,,,,,,,0.0895799994468689,,,,,,,,,,,,,,,,,,,,,,,,,,69.0,67.35799762499184,,,,TRADAR15|DOGE-USD|SELL|TREND_CONTINUE|TREND_BREAKOUT_15M|0.0896,"🔴 Trend Radar | DOGE-USD
DOGE-USD
────────────────
📍 Snapshot: ราคา 0.089580 (+0.00%) | Conf 88%
🧩 Source: Trend Breakout 15m, Trend Breakout 15m
🧭 State: DOWN STRONG | CONTINUE
🧠 Context: 1H DOWN STRONG | Regime TREND_DOWN | ADX 36.1
📌 Plan: Entry 0.089580
⚡ Tags: DIRECTIONAL_FALLBACK | BREAKOUT_READY
🧠 Context: SELL breakout bias จาก forecast_direction | 1H DOWN STRONG | Regime TREND_DOWN
⚠️ Note: trend-following setup ใช้เป็นแผนเฝ้าเข้า ไม่ใช่สัญญาณไล่ราคา
────────────────
🕒 เวลา: 2026-06-04 12:22
📈 TradingView"
7e08585b0f558787,2026-06-04 16:09:49,CDCVIX15,BTC-USD,SELL,15m,64,A,87.5,เข้าได้ตามแผนหลัก แต่ยังต้องเคารพ SL และจังหวะเข้า,,91.0,110.91999999999999,False,,Trade Plan,,,,,,,,,,,,,,,,,,,,,,,,,,,,,,,,,,,,,,,,,,,,,,,,,,,,77420.3203125,64237.86858258928,,,None,SELL,92.0,ถือครบ 24 แท่งของแผน CDC แล้ว จึงปิดรอบเพื่อลดการยืดเยื้อ,859,,,,,,,,,,,,,,,,1.0,False,69.0,66.99042052029093,91.0,,0.0,CDCVIX15|BTC-USD|SELL|2026-05-26 17:30,"🔴 CDC+VixFix 15m SELL | BTC-USD
BTC-USD
────────────────
📍 Snapshot: ราคา 63,265.58 (+0.00%)
🧭 1H Trend: DOWN | STRONG | ActionZone 15m, Price Action 15m
🧪 Edge: Conf 91%
🎯 Action: ถ้ามี BUY/Long เดิม ให้ปิดกำไรหรือปิดลดความเสี่ยงตามแผนนี้
⚠️ Note: ยังไม่ใช่สัญญาณเปิด Short ใหม่ เว้นแต่โครงสร้างลงและระบบอื่นยืนยันซ้ำ
🧠 Context: Forecast SELL 92/100 | Trend ขาลง | R&gt;G 1/100 | flip 11 bars
📌 Plan: Entry 77,420.32 | SL 64,237.87
────────────────
🕒 เวลา: 2026-06-04 16:09
📈 TradingView"
86f7f5c269ea641a,2026-06-04 16:09:50,CDCVIX15,DOGE-USD,SELL,15m,64,A,87.5,เข้าได้ตามแผนหลัก แต่ยังต้องเคารพ SL และจังหวะเข้า,,91.0,110.91999999999999,False,,Trade Plan,,,,,,,,,,,,,,,,,,,,,,,,,,,,,,,,,,,,,,,,,,,,,,,,,,,,0.10014999657869339,0.0899328642657825,,,None,SELL,92.0,ถือครบ 48 แท่งของแผน CDC แล้ว จึงปิดรอบเพื่อลดการยืดเยื้อ,236,,,,,,,,,,,,,,,,16.0,False,69.0,66.99042052029093,91.0,,0.0,CDCVIX15|DOGE-USD|SELL|2026-06-02 05:15,"🔴 CDC+VixFix 15m SELL | DOGE-USD
DOGE-USD
────────────────
📍 Snapshot: ราคา 0.088030 (+0.00%)
🧭 1H Trend: DOWN | STRONG | ActionZone 15m, Price Action 15m
🧪 Edge: Conf 91%
🎯 Action: ถ้ามี BUY/Long เดิม ให้ปิดกำไรหรือปิดลดความเสี่ยงตามแผนนี้
⚠️ Note: ยังไม่ใช่สัญญาณเปิด Short ใหม่ เว้นแต่โครงสร้างลงและระบบอื่นยืนยันซ้ำ
🧠 Context: Forecast SELL 92/100 | Trend ขาลง | R&gt;G 16/100 | flip 78 bars
📌 Plan: Entry 0.100150 | SL 0.089933
────────────────
🕒 เวลา: 2026-06-04 16:09
📈 TradingView"
02963c39dc078396,2026-06-04 16:09:50,TRADAR15,DOGE-USD,SELL,15m,64,A,92.9,เข้าได้ตามแผนหลัก แต่ยังต้องเคารพ SL และจังหวะเข้า,,87.52000000000001,87.52000000000001,False,1,Trade Plan,Trend Radar 15m,,,,,,,,,,,,,,,,,,,,,,,,,,,,,,,,,,,,,,,,,,,,,,,,,,,0.08803000301122665,,,,,,,,,,,,,,,,,,,,,,,,,,69.0,66.99042052029093,,,,TRADAR15|DOGE-USD|SELL|TREND_CONTINUE|TREND_BREAKOUT_15M|0.088,"🔴 Trend Radar | DOGE-USD
DOGE-USD
────────────────
📍 Snapshot: ราคา 0.088030 (+0.00%) | Conf 88%
🧩 Source: Trend Breakout 15m, Trend Breakout 15m
🧭 State: DOWN STRONG | CONTINUE
🧠 Context: 1H DOWN STRONG | Regime TREND_DOWN | ADX 41.5
📌 Plan: Entry 0.088030
⚡ Tags: DIRECTIONAL_FALLBACK | BREAKOUT_READY
🧠 Context: SELL breakout bias จาก forecast_direction | 1H DOWN STRONG | Regime TREND_DOWN
⚠️ Note: trend-following setup ใช้เป็นแผนเฝ้าเข้า ไม่ใช่สัญญาณไล่ราคา
────────────────
🕒 เวลา: 2026-06-04 16:09
📈 TradingView"
4c4d73e9c485d605,2026-06-04 19:17:40,CDCVIX15,NEAR-USD,SELL,15m,64,B,82.2,เข้าได้ แต่ควรลดขนาดไม้ลงเล็กน้อยหากราคาเริ่มไล่ห่าง,,85.07347048402377,105.34906225498234,False,,Trade Plan,,,,,,,,,,,,,,,,,,,,,,,,,,,,,,,,,,,,,,,,,,,,,,,,,,,,2.6619999408721924,2.5525715351104736,,,None,SELL,70.24490161341255,ถือครบ 24 แท่งของแผน CDC แล้ว จึงปิดรอบเพื่อลดการยืดเยื้อ,231,,,,,,,,,,,,,,,,24.04898032268251,False,69.0,67.14497359611444,85.07347048402377,,0.0,CDCVIX15|NEAR-USD|SELL|2026-06-02 09:45,"🔴 CDC+VixFix 15m SELL | NEAR-USD
NEAR-USD
────────────────
📍 Snapshot: ราคา 2.42 (+0.00%)
🧭 1H Trend: DOWN | STRONG | ActionZone 15m, Price Action 15m
🧪 Edge: Conf 85%
🎯 Action: ถ้ามี BUY/Long เดิม ให้ปิดกำไรหรือปิดลดความเสี่ยงตามแผนนี้
⚠️ Note: ยังไม่ใช่สัญญาณเปิด Short ใหม่ เว้นแต่โครงสร้างลงและระบบอื่นยืนยันซ้ำ
🧠 Context: Forecast SELL 70/100 | Trend ขาลง | R&gt;G 24/100 | flip 87 bars
📌 Plan: Entry 2.66 | SL 2.55
────────────────
🕒 เวลา: 2026-06-04 19:17
📈 TradingView"
ea5dfd37ac184f75,2026-06-04 19:17:41,CDCVIX15,ADA-USD,SELL,15m,64,B,80.0,เข้าได้ แต่ควรลดขนาดไม้ลงเล็กน้อยหากราคาเริ่มไล่ห่าง,,83.0,92.58999999999999,False,,Trade Plan,,,,,,,,,,,,,,,,,,,,,,,,,,,,,,,,,,,,,,,,,,,,,,,,,,,,0.23600000143051147,0.19502857966082437,,,None,SELL,92.0,ถือครบ 24 แท่งของแผน CDC แล้ว จึงปิดรอบเพื่อลดการยืดเยื้อ,328,,,,,,,,,,,,,,,,16.0,False,69.0,67.14497359611444,83.0,,0.0,CDCVIX15|ADA-USD|SELL|2026-06-01 09:30,"🔴 CDC+VixFix 15m SELL | ADA-USD
ADA-USD
────────────────
📍 Snapshot: ราคา 0.189500 (+0.00%)
🧭 1H Trend: DOWN | STRONG | ActionZone 15m, Price Action 15m
🧪 Edge: Conf 83%
🎯 Action: ถ้ามี BUY/Long เดิม ให้ปิดกำไรหรือปิดลดความเสี่ยงตามแผนนี้
⚠️ Note: ยังไม่ใช่สัญญาณเปิด Short ใหม่ เว้นแต่โครงสร้างลงและระบบอื่นยืนยันซ้ำ
🧠 Context: Forecast SELL 92/100 | Trend ขาลง | R&gt;G 16/100 | flip 108 bars
📌 Plan: Entry 0.236000 | SL 0.195029
────────────────
🕒 เวลา: 2026-06-04 19:17
📈 TradingView"
59a23dd72f2e24c9,2026-06-04 19:17:41,TRADAR15,BTC-USD,SELL,15m,64,A,92.9,เข้าได้ตามแผนหลัก แต่ยังต้องเคารพ SL และจังหวะเข้า,,87.52000000000001,87.52000000000001,False,1,Trade Plan,Trend Radar 15m,,,,,,,,,,,,,,,,,,,,,,,,,,,,,,,,,,,,,,,,,,,,,,,,,,,62716.0703125,,,,,,,,,,,,,,,,,,,,,,,,,,69.0,67.14497359611444,,,,TRADAR15|BTC-USD|SELL|TREND_CONTINUE|TREND_BREAKOUT_15M|62716.0703,"🔴 Trend Radar | BTC-USD
BTC-USD
────────────────
📍 Snapshot: ราคา 62,716.07 (+0.00%) | Conf 88%
🧩 Source: Trend Breakout 15m, Trend Breakout 15m
🧭 State: DOWN STRONG | CONTINUE
🧠 Context: 1H DOWN STRONG | Regime TREND_DOWN | ADX 48.2
📌 Plan: Entry 62,716.07
⚡ Tags: DIRECTIONAL_FALLBACK | BREAKOUT_READY
🧠 Context: SELL breakout bias จาก forecast_direction | 1H DOWN STRONG | Regime TREND_DOWN
⚠️ Note: trend-following setup ใช้เป็นแผนเฝ้าเข้า ไม่ใช่สัญญาณไล่ราคา
────────────────
🕒 เวลา: 2026-06-04 19:17
📈 TradingView"
4502d67a41e5ecb0,2026-06-04 22:56:46,CDCVIX15,ADA-USD,SELL,15m,64,A,87.5,เข้าได้ตามแผนหลัก แต่ยังต้องเคารพ SL และจังหวะเข้า,,91.0,119.18,False,,Trade Plan,,,,,,,,,,,,,,,,,,,,,,,,,,,,,,,,,,,,,,,,,,,,,,,,,,,,0.23600000143051147,0.19447141779320581,,,None,SELL,92.0,ถือครบ 24 แท่งของแผน CDC แล้ว จึงปิดรอบเพื่อลดการยืดเยื้อ,342,,,,,,,,,,,,,,,,16.0,False,69.0,67.19127667914529,91.0,,0.0,CDCVIX15|ADA-USD|SELL|2026-06-01 09:30,"🔴 CDC+VixFix 15m SELL | ADA-USD
ADA-USD
────────────────
📍 Snapshot: ราคา 0.188900 (+0.00%)
🧭 1H Trend: DOWN | STRONG | ActionZone 15m, Price Action 15m
🧪 Edge: Conf 91%
🎯 Action: ถ้ามี BUY/Long เดิม ให้ปิดกำไรหรือปิดลดความเสี่ยงตามแผนนี้
⚠️ Note: ยังไม่ใช่สัญญาณเปิด Short ใหม่ เว้นแต่โครงสร้างลงและระบบอื่นยืนยันซ้ำ
🧠 Context: Forecast SELL 92/100 | Trend ขาลง | R&gt;G 16/100 | flip 122 bars
📌 Plan: Entry 0.236000 | SL 0.194471
────────────────
🕒 เวลา: 2026-06-04 22:56
📈 TradingView"
bb6830c3786ed8fc,2026-06-04 22:56:47,CDCVIX15,NEAR-USD,SELL,15m,64,A,87.5,เข้าได้ตามแผนหลัก แต่ยังต้องเคารพ SL และจังหวะเข้า,,91.0,119.18,False,,Trade Plan,,,,,,,,,,,,,,,,,,,,,,,,,,,,,,,,,,,,,,,,,,,,,,,,,,,,2.6619999408721924,2.4865712778908864,,,None,SELL,92.0,ถือครบ 24 แท่งของแผน CDC แล้ว จึงปิดรอบเพื่อลดการยืดเยื้อ,245,,,,,,,,,,,,,,,,12.0,False,69.0,67.19127667914529,91.0,,0.0,CDCVIX15|NEAR-USD|SELL|2026-06-02 09:45,"🔴 CDC+VixFix 15m SELL | NEAR-USD
NEAR-USD
────────────────
📍 Snapshot: ราคา 2.37 (+0.00%)
🧭 1H Trend: DOWN | STRONG | ActionZone 15m, Price Action 15m
🧪 Edge: Conf 91%
🎯 Action: ถ้ามี BUY/Long เดิม ให้ปิดกำไรหรือปิดลดความเสี่ยงตามแผนนี้
⚠️ Note: ยังไม่ใช่สัญญาณเปิด Short ใหม่ เว้นแต่โครงสร้างลงและระบบอื่นยืนยันซ้ำ
🧠 Context: Forecast SELL 92/100 | Trend ขาลง | R&gt;G 12/100 | flip 101 bars
📌 Plan: Entry 2.66 | SL 2.49
────────────────
🕒 เวลา: 2026-06-04 22:56
📈 TradingView"
aeb44a86ceedb893,2026-06-04 22:56:47,TRADAR15,SOL-USD,SELL,15m,64,A,92.8,เข้าได้ตามแผนหลัก แต่ยังต้องเคารพ SL และจังหวะเข้า,,87.48710123159658,87.48710123159658,False,1,Trade Plan,Trend Radar 15m,,,,,,,,,,,,,,,,,,,,,,,,,,,,,,,,,,,,,,,,,,,,,,,,,,,69.43000030517578,,,,,,,,,,,,,,,,,,,,,,,,,,69.0,67.19127667914529,,,,TRADAR15|SOL-USD|SELL|TREND_CONTINUE|TREND_BREAKOUT_15M|69.43,"🔴 Trend Radar | SOL-USD
SOL-USD
────────────────
📍 Snapshot: ราคา 69.43 (+0.00%) | Conf 87%
🧩 Source: Trend Breakout 15m, Trend Breakout 15m
🧭 State: DOWN STRONG | CONTINUE
🧠 Context: 1H DOWN STRONG | Regime TREND_DOWN | ADX 34.1
📌 Plan: Entry 69.43
⚡ Tags: DIRECTIONAL_FALLBACK | BREAKOUT_READY
🧠 Context: SELL breakout bias จาก forecast_direction | 1H DOWN STRONG | Regime TREND_DOWN
⚠️ Note: trend-following setup ใช้เป็นแผนเฝ้าเข้า ไม่ใช่สัญญาณไล่ราคา
────────────────
🕒 เวลา: 2026-06-04 22:56
📈 TradingView"
92988c0c75557b46,2026-06-05 01:13:51,CDCVIX15,ADA-USD,SELL,15m,64,A,87.5,เข้าได้ตามแผนหลัก แต่ยังต้องเคารพ SL และจังหวะเข้า,,91.0,119.18,False,,Trade Plan,,,,,,,,,,,,,,,,,,,,,,,,,,,,,,,,,,,,,,,,,,,,,,,,,,,,0.23600000143051147,0.19222858548164368,,,None,SELL,92.0,ถือครบ 24 แท่งของแผน CDC แล้ว จึงปิดรอบเพื่อลดการยืดเยื้อ,351,,,,,,,,,,,,,,,,16.0,False,69.0,67.97827952442762,91.0,,0.0,CDCVIX15|ADA-USD|SELL|2026-06-01 09:30,"🔴 CDC+VixFix 15m SELL | ADA-USD
ADA-USD
────────────────
📍 Snapshot: ราคา 0.186100 (+0.00%)
🧭 1H Trend: DOWN | STRONG | ActionZone 15m, Price Action 15m
🧪 Edge: Conf 91%
🎯 Action: ถ้ามี BUY/Long เดิม ให้ปิดกำไรหรือปิดลดความเสี่ยงตามแผนนี้
⚠️ Note: ยังไม่ใช่สัญญาณเปิด Short ใหม่ เว้นแต่โครงสร้างลงและระบบอื่นยืนยันซ้ำ
🧠 Context: Forecast SELL 92/100 | Trend ขาลง | R&gt;G 16/100 | flip 131 bars
📌 Plan: Entry 0.236000 | SL 0.192229
────────────────
🕒 เวลา: 2026-06-05 01:13
📈 TradingView"
2528b044b425af81,2026-06-05 01:13:51,CDCVIX15,NEAR-USD,SELL,15m,64,A,87.5,เข้าได้ตามแผนหลัก แต่ยังต้องเคารพ SL และจังหวะเข้า,,91.0,110.91999999999999,False,,Trade Plan,,,,,,,,,,,,,,,,,,,,,,,,,,,,,,,,,,,,,,,,,,,,,,,,,,,,2.6619999408721924,2.5008571999413625,,,None,SELL,92.0,ถือครบ 24 แท่งของแผน CDC แล้ว จึงปิดรอบเพื่อลดการยืดเยื้อ,254,,,,,,,,,,,,,,,,16.0,False,69.0,67.97827952442762,91.0,,0.0,CDCVIX15|NEAR-USD|SELL|2026-06-02 09:45,"🔴 CDC+VixFix 15m SELL | NEAR-USD
NEAR-USD
────────────────
📍 Snapshot: ราคา 2.37 (+0.00%)
🧭 1H Trend: DOWN | STRONG | ActionZone 15m, Price Action 15m
🧪 Edge: Conf 91%
🎯 Action: ถ้ามี BUY/Long เดิม ให้ปิดกำไรหรือปิดลดความเสี่ยงตามแผนนี้
⚠️ Note: ยังไม่ใช่สัญญาณเปิด Short ใหม่ เว้นแต่โครงสร้างลงและระบบอื่นยืนยันซ้ำ
🧠 Context: Forecast SELL 92/100 | Trend ขาลง | R&gt;G 16/100 | flip 7 bars
📌 Plan: Entry 2.66 | SL 2.50
────────────────
🕒 เวลา: 2026-06-05 01:13
📈 TradingView"
9898609f247ef8cb,2026-06-05 01:13:52,TRADAR15,BTC-USD,SELL,15m,64,A,85.6,เข้าได้ตามแผนหลัก แต่ยังต้องเคารพ SL และจังหวะเข้า,,84.94959290079193,84.94959290079193,False,1,Trade Plan,Trend Radar 15m,,,,,,,,,,,,,,,,,,,,,,,,,,,,,,,,,,,,,,,,,,,,,,,,,,,63166.87890625,,,,,,,,,,,,,,,,,,,,,,,,,,69.0,67.97827952442762,,,,TRADAR15|BTC-USD|SELL|TREND_CONTINUE|TREND_BREAKOUT_15M|63166.8789,"🔴 Trend Radar | BTC-USD
BTC-USD
────────────────
📍 Snapshot: ราคา 63,166.88 (+0.00%) | Conf 85%
🧩 Source: Trend Breakout 15m, Trend Breakout 15m
🧭 State: DOWN STRONG | CONTINUE
🧠 Context: 1H DOWN STRONG | Regime TREND_DOWN | ADX 28.2
📌 Plan: Entry 63,166.88
⚡ Tags: DIRECTIONAL_FALLBACK | BREAKOUT_READY
🧠 Context: SELL breakout bias จาก forecast_direction | 1H DOWN STRONG | Regime TREND_DOWN
⚠️ Note: trend-following setup ใช้เป็นแผนเฝ้าเข้า ไม่ใช่สัญญาณไล่ราคา
────────────────
🕒 เวลา: 2026-06-05 01:13
📈 TradingView"
5b45751442fa8fc3,2026-06-05 03:25:34,CDCVIX15,BTC-USD,SELL,15m,64,A,87.5,เข้าได้ตามแผนหลัก แต่ยังต้องเคารพ SL และจังหวะเข้า,,95.0,123.22,False,,Trade Plan,,,,,,,,,,,,,,,,,,,,,,,,,,,,,,,,,,,,,,,,,,,,,,,,,,,,73871.1796875,64347.11077008928,,,None,SELL,92.0,ถือครบ 24 แท่งของแผน CDC แล้ว จึงปิดรอบเพื่อลดการยืดเยื้อ,479,,,,,,,,,,,,,,,,16.0,False,69.0,67.84250513380258,95.0,,0.0,CDCVIX15|BTC-USD|SELL|2026-05-31 03:45,"🔴 CDC+VixFix 15m SELL | BTC-USD
BTC-USD
────────────────
📍 Snapshot: ราคา 63,273.98 (+0.00%)
🧭 1H Trend: DOWN | STRONG | ActionZone 15m, Price Action 15m
🧪 Edge: Conf 95%
🎯 Action: ถ้ามี BUY/Long เดิม ให้ปิดกำไรหรือปิดลดความเสี่ยงตามแผนนี้
⚠️ Note: ยังไม่ใช่สัญญาณเปิด Short ใหม่ เว้นแต่โครงสร้างลงและระบบอื่นยืนยันซ้ำ
🧠 Context: Forecast SELL 92/100 | Trend ขาลง | R&gt;G 16/100 | flip 8 bars
📌 Plan: Entry 73,871.18 | SL 64,347.11
────────────────
🕒 เวลา: 2026-06-05 03:25
📈 TradingView"
8f1335b41adb8481,2026-06-05 03:25:35,CDCVIX15,ADA-USD,SELL,15m,64,A,87.5,เข้าได้ตามแผนหลัก แต่ยังต้องเคารพ SL และจังหวะเข้า,,91.0,119.18,False,,Trade Plan,,,,,,,,,,,,,,,,,,,,,,,,,,,,,,,,,,,,,,,,,,,,,,,,,,,,0.23600000143051147,0.1915714368224144,,,None,SELL,92.0,ถือครบ 24 แท่งของแผน CDC แล้ว จึงปิดรอบเพื่อลดการยืดเยื้อ,360,,,,,,,,,,,,,,,,16.0,False,69.0,67.84250513380258,91.0,,0.0,CDCVIX15|ADA-USD|SELL|2026-06-01 09:30,"🔴 CDC+VixFix 15m SELL | ADA-USD
ADA-USD
────────────────
📍 Snapshot: ราคา 0.185100 (+0.00%)
🧭 1H Trend: DOWN | STRONG | ActionZone 15m, Price Action 15m
🧪 Edge: Conf 91%
🎯 Action: ถ้ามี BUY/Long เดิม ให้ปิดกำไรหรือปิดลดความเสี่ยงตามแผนนี้
⚠️ Note: ยังไม่ใช่สัญญาณเปิด Short ใหม่ เว้นแต่โครงสร้างลงและระบบอื่นยืนยันซ้ำ
🧠 Context: Forecast SELL 92/100 | Trend ขาลง | R&gt;G 16/100 | flip 140 bars
📌 Plan: Entry 0.236000 | SL 0.191571
────────────────
🕒 เวลา: 2026-06-05 03:25
📈 TradingView"
2a1458f46ac084a6,2026-06-05 03:25:35,TRADAR15,NEAR-USD,SELL,15m,64,A,92.9,เข้าได้ตามแผนหลัก แต่ยังต้องเคารพ SL และจังหวะเข้า,,87.52000000000001,87.52000000000001,False,1,Trade Plan,Trend Radar 15m,,,,,,,,,,,,,,,,,,,,,,,,,,,,,,,,,,,,,,,,,,,,,,,,,,,2.325000047683716,,,,,,,,,,,,,,,,,,,,,,,,,,69.0,67.84250513380258,,,,TRADAR15|NEAR-USD|SELL|TREND_CONTINUE|TREND_BREAKOUT_15M|2.325,"🔴 Trend Radar | NEAR-USD
NEAR-USD
────────────────
📍 Snapshot: ราคา 2.33 (+0.00%) | Conf 88%
🧩 Source: Trend Breakout 15m, Trend Breakout 15m
🧭 State: DOWN STRONG | CONTINUE
🧠 Context: 1H DOWN STRONG | Regime TREND_DOWN | ADX 36.1
📌 Plan: Entry 2.33
⚡ Tags: DIRECTIONAL_FALLBACK | BREAKOUT_READY
🧠 Context: SELL breakout bias จาก forecast_direction | 1H DOWN STRONG | Regime TREND_DOWN
⚠️ Note: trend-following setup ใช้เป็นแผนเฝ้าเข้า ไม่ใช่สัญญาณไล่ราคา
────────────────
🕒 เวลา: 2026-06-05 03:25
📈 TradingView"
1f55370d50c18913,2026-06-05 04:59:35,CDCVIX15,BTC-USD,SELL,15m,64,A,87.5,เข้าได้ตามแผนหลัก แต่ยังต้องเคารพ SL และจังหวะเข้า,,91.0,119.18,False,,Trade Plan,,,,,,,,,,,,,,,,,,,,,,,,,,,,,,,,,,,,,,,,,,,,,,,,,,,,73871.1796875,64146.67177734375,,,None,SELL,92.0,ถือครบ 24 แท่งของแผน CDC แล้ว จึงปิดรอบเพื่อลดการยืดเยื้อ,485,,,,,,,,,,,,,,,,15.0,False,69.0,66.8462864810448,91.0,,0.0,CDCVIX15|BTC-USD|SELL|2026-05-31 03:45,"🔴 CDC+VixFix 15m SELL | BTC-USD
BTC-USD
────────────────
📍 Snapshot: ราคา 63,198.69 (+0.00%)
🧭 1H Trend: DOWN | STRONG | ActionZone 15m, Price Action 15m
🧪 Edge: Conf 91%
🎯 Action: ถ้ามี BUY/Long เดิม ให้ปิดกำไรหรือปิดลดความเสี่ยงตามแผนนี้
⚠️ Note: ยังไม่ใช่สัญญาณเปิด Short ใหม่ เว้นแต่โครงสร้างลงและระบบอื่นยืนยันซ้ำ
🧠 Context: Forecast SELL 92/100 | Trend ขาลง | R&gt;G 15/100 | flip 5 bars
📌 Plan: Entry 73,871.18 | SL 64,146.67
────────────────
🕒 เวลา: 2026-06-05 04:59
📈 TradingView"
949ced3e5a42ca1a,2026-06-05 04:59:35,CDCVIX15,ETH-USD,SELL,15m,64,A,87.5,เข้าได้ตามแผนหลัก แต่ยังต้องเคารพ SL และจังหวะเข้า,,91.0,119.18,False,,Trade Plan,,,,,,,,,,,,,,,,,,,,,,,,,,,,,,,,,,,,,,,,,,,,,,,,,,,,2118.699951171875,1786.4304797363282,,,None,SELL,92.0,ถือครบ 24 แท่งของแผน CDC แล้ว จึงปิดรอบเพื่อลดการยืดเยื้อ,911,,,,,,,,,,,,,,,,15.0,False,69.0,66.8462864810448,91.0,,0.0,CDCVIX15|ETH-USD|SELL|2026-05-26 17:15,"🔴 CDC+VixFix 15m SELL | ETH-USD
ETH-USD
────────────────
📍 Snapshot: ราคา 1,760.03 (+0.00%)
🧭 1H Trend: DOWN | STRONG | ActionZone 15m, Price Action 15m
🧪 Edge: Conf 91%
🎯 Action: ถ้ามี BUY/Long เดิม ให้ปิดกำไรหรือปิดลดความเสี่ยงตามแผนนี้
⚠️ Note: ยังไม่ใช่สัญญาณเปิด Short ใหม่ เว้นแต่โครงสร้างลงและระบบอื่นยืนยันซ้ำ
🧠 Context: Forecast SELL 92/100 | Trend ขาลง | R&gt;G 15/100 | flip 5 bars
📌 Plan: Entry 2,118.70 | SL 1,786.43
────────────────
🕒 เวลา: 2026-06-05 04:59
📈 TradingView"
cfc83b4b3cccbb6a,2026-06-05 04:59:36,TRADAR15,PAXG-USD,SELL,15m,64,A,93.1,เข้าได้ตามแผนหลัก แต่ยังต้องเคารพ SL และจังหวะเข้า,,87.57251617243293,87.57251617243293,False,1,Trade Plan,Trend Radar 15m,,,,,,,,,,,,,,,,,,,,,,,,,,,,,,,,,,,,,,,,,,,,,,,,,,,4459.490234375,,,,,,,,,,,,,,,,,,,,,,,,,,69.0,66.8462864810448,,,,TRADAR15|PAXG-USD|SELL|TREND_CONTINUE|PRICE_ACTION_15M|4459.4902,"🔴 Trend Radar | PAXG-USD
PAXG-USD
────────────────
📍 Snapshot: ราคา 4,459.49 (+0.00%) | Conf 88%
🧩 Source: Price Action 15m, Price Action 15m
🧭 State: DOWN STRONG | CONTINUE
🧠 Context: 1H DOWN STRONG | Regime TREND_DOWN | ADX 28.5
📌 Plan: Entry 4,459.49
⚡ Tags: DIRECTIONAL_FALLBACK | DOWNTREND
🧠 Context: SELL continuation bias จาก forecast_direction | 1H DOWN STRONG | Regime TREND_DOWN
⚠️ Note: trend-following setup ใช้เป็นแผนเฝ้าเข้า ไม่ใช่สัญญาณไล่ราคา
────────────────
🕒 เวลา: 2026-06-05 04:59
📈 TradingView"
91db148d1ddf6a91,2026-06-05 06:14:23,CDCVIX15,PAXG-USD,SELL,15m,64,A,87.5,เข้าได้ตามแผนหลัก แต่ยังต้องเคารพ SL และจังหวะเข้า,,91.0,110.91999999999999,False,,Trade Plan,,,,,,,,,,,,,,,,,,,,,,,,,,,,,,,,,,,,,,,,,,,,,,,,,,,,4525.72021484375,4527.15375,,,None,SELL,92.0,ถือครบ 24 แท่งของแผน CDC แล้ว จึงปิดรอบเพื่อลดการยืดเยื้อ,434,,,,,,,,,,,,,,,,16.0,False,69.0,66.73469519349648,91.0,,0.0,CDCVIX15|PAXG-USD|SELL|2026-05-31 17:45,"🔴 CDC+VixFix 15m SELL | PAXG-USD
PAXG-USD
────────────────
📍 Snapshot: ราคา 4,460.25 (+0.00%)
🧭 1H Trend: DOWN | STRONG | ActionZone 15m, Price Action 15m
🧪 Edge: Conf 91%
🎯 Action: ถ้ามี BUY/Long เดิม ให้ปิดกำไรหรือปิดลดความเสี่ยงตามแผนนี้
⚠️ Note: ยังไม่ใช่สัญญาณเปิด Short ใหม่ เว้นแต่โครงสร้างลงและระบบอื่นยืนยันซ้ำ
🧠 Context: Forecast SELL 92/100 | Trend ขาลง | R&gt;G 16/100 | flip 28 bars
📌 Plan: Entry 4,525.72 | SL 4,527.15
────────────────
🕒 เวลา: 2026-06-05 06:14
📈 TradingView"
d9ec6c69242c3889,2026-06-05 06:14:24,TRADAR15,PAXG-USD,SELL,15m,64,A,95.2,เข้าได้ตามแผนหลัก แต่ยังต้องเคารพ SL และจังหวะเข้า,,88.3156163684662,88.3156163684662,False,1,Trade Plan,Trend Radar 15m,,,,,,,,,,,,,,,,,,,,,,,,,,,,,,,,,,,,,,,,,,,,,,,,,,,4460.25,,,,,,,,,,,,,,,,,,,,,,,,,,69.0,66.73469519349648,,,,TRADAR15|PAXG-USD|SELL|TREND_CONTINUE|PRICE_ACTION_15M|4460.25,"🔴 Trend Radar | PAXG-USD
PAXG-USD
────────────────
📍 Snapshot: ราคา 4,460.25 (+0.00%) | Conf 88%
🧩 Source: Price Action 15m, Price Action 15m
🧭 State: DOWN STRONG | CONTINUE
🧠 Context: 1H DOWN STRONG | Regime TREND_DOWN | ADX 29.5
📌 Plan: Entry 4,460.25
⚡ Tags: DIRECTIONAL_FALLBACK | DOWNTREND
🧠 Context: SELL continuation bias จาก forecast_direction | 1H DOWN STRONG | Regime TREND_DOWN
⚠️ Note: trend-following setup ใช้เป็นแผนเฝ้าเข้า ไม่ใช่สัญญาณไล่ราคา
────────────────
🕒 เวลา: 2026-06-05 06:14
📈 TradingView"
5584250cafd05f5e,2026-06-05 08:31:26,CDCVIX15,PAXG-USD,SELL,15m,64,A,87.5,เข้าได้ตามแผนหลัก แต่ยังต้องเคารพ SL และจังหวะเข้า,,91.0,110.91999999999999,False,,Trade Plan,,,,,,,,,,,,,,,,,,,,,,,,,,,,,,,,,,,,,,,,,,,,,,,,,,,,4525.72021484375,4513.95875,,,None,SELL,92.0,ถือครบ 24 แท่งของแผน CDC แล้ว จึงปิดรอบเพื่อลดการยืดเยื้อ,432,,,,,,,,,,,,,,,,16.0,False,69.0,66.82821507923953,91.0,,0.0,CDCVIX15|PAXG-USD|SELL|2026-05-31 17:45,"🔴 CDC+VixFix 15m SELL | PAXG-USD
PAXG-USD
────────────────
📍 Snapshot: ราคา 4,447.25 (+0.00%)
🧭 1H Trend: DOWN | STRONG | ActionZone 15m, Price Action 15m
🧪 Edge: Conf 91%
🎯 Action: ถ้ามี BUY/Long เดิม ให้ปิดกำไรหรือปิดลดความเสี่ยงตามแผนนี้
⚠️ Note: ยังไม่ใช่สัญญาณเปิด Short ใหม่ เว้นแต่โครงสร้างลงและระบบอื่นยืนยันซ้ำ
🧠 Context: Forecast SELL 92/100 | Trend ขาลง | R&gt;G 16/100 | flip 26 bars
📌 Plan: Entry 4,525.72 | SL 4,513.96
────────────────
🕒 เวลา: 2026-06-05 08:31
📈 TradingView"
4c6e7df3240a9140,2026-06-05 08:31:27,CDCVIX15,NEAR-USD,SELL,15m,64,B,80.0,เข้าได้ แต่ควรลดขนาดไม้ลงเล็กน้อยหากราคาเริ่มไล่ห่าง,,83.0,92.58999999999999,False,,Trade Plan,,,,,,,,,,,,,,,,,,,,,,,,,,,,,,,,,,,,,,,,,,,,,,,,,,,,2.6619999408721924,2.3900000027247836,,,None,SELL,70.0,ถือครบ 24 แท่งของแผน CDC แล้ว จึงปิดรอบเพื่อลดการยืดเยื้อ,272,,,,,,,,,,,,,,,,14.0,False,69.0,66.82821507923953,83.0,,0.0,CDCVIX15|NEAR-USD|SELL|2026-06-02 09:45,"🔴 CDC+VixFix 15m SELL | NEAR-USD
NEAR-USD
────────────────
📍 Snapshot: ราคา 2.28 (+0.00%)
🧭 1H Trend: DOWN | STRONG | ActionZone 15m, Price Action 15m
🧪 Edge: Conf 83%
🎯 Action: ถ้ามี BUY/Long เดิม ให้ปิดกำไรหรือปิดลดความเสี่ยงตามแผนนี้
⚠️ Note: ยังไม่ใช่สัญญาณเปิด Short ใหม่ เว้นแต่โครงสร้างลงและระบบอื่นยืนยันซ้ำ
🧠 Context: Forecast SELL 70/100 | Trend ขาลง | R&gt;G 14/100 | flip 25 bars
📌 Plan: Entry 2.66 | SL 2.39
────────────────
🕒 เวลา: 2026-06-05 08:31
📈 TradingView"
a270d91dcdab5c7c,2026-06-05 08:31:27,TRADAR15,PAXG-USD,SELL,15m,64,A,99.9,เข้าได้ตามแผนหลัก แต่ยังต้องเคารพ SL และจังหวะเข้า,,89.96000000000001,89.96000000000001,False,1,Trade Plan,Trend Radar 15m,,,,,,,,,,,,,,,,,,,,,,,,,,,,,,,,,,,,,,,,,,,,,,,,,,,4447.25,,,,,,,,,,,,,,,,,,,,,,,,,,69.0,66.82821507923953,,,,TRADAR15|PAXG-USD|SELL|TREND_CONTINUE|PRICE_ACTION_15M|4447.25,"🔴 Trend Radar | PAXG-USD
PAXG-USD
────────────────
📍 Snapshot: ราคา 4,447.25 (+0.00%) | Conf 90%
🧩 Source: Price Action 15m, Price Action 15m
🧭 State: DOWN STRONG | CONTINUE
🧠 Context: 1H DOWN STRONG | Regime TREND_DOWN | ADX 45.6
📌 Plan: Entry 4,447.25
⚡ Tags: DIRECTIONAL_FALLBACK | DOWNTREND
🧠 Context: SELL continuation bias จาก forecast_direction | 1H DOWN STRONG | Regime TREND_DOWN
⚠️ Note: trend-following setup ใช้เป็นแผนเฝ้าเข้า ไม่ใช่สัญญาณไล่ราคา
────────────────
🕒 เวลา: 2026-06-05 08:31
📈 TradingView"
9c7c3e6fb51e7bb8,2026-06-05 13:07:10,CDCVIX15,BTC-USD,SELL,15m,64,A,87.5,เข้าได้ตามแผนหลัก แต่ยังต้องเคารพ SL และจังหวะเข้า,,91.0,110.91999999999999,False,,Trade Plan,,,,,,,,,,,,,,,,,,,,,,,,,,,,,,,,,,,,,,,,,,,,,,,,,,,,73871.1796875,63748.23493303572,,,None,SELL,92.0,ถือครบ 24 แท่งของแผน CDC แล้ว จึงปิดรอบเพื่อลดการยืดเยื้อ,518,,,,,,,,,,,,,,,,6.0,False,69.0,67.17143397734611,91.0,,0.0,CDCVIX15|BTC-USD|SELL|2026-05-31 03:45,"🔴 CDC+VixFix 15m SELL | BTC-USD
BTC-USD
────────────────
📍 Snapshot: ราคา 62,491.11 (+0.00%)
🧭 1H Trend: DOWN | STRONG | ActionZone 15m, Price Action 15m
🧪 Edge: Conf 91%
🎯 Action: ถ้ามี BUY/Long เดิม ให้ปิดกำไรหรือปิดลดความเสี่ยงตามแผนนี้
⚠️ Note: ยังไม่ใช่สัญญาณเปิด Short ใหม่ เว้นแต่โครงสร้างลงและระบบอื่นยืนยันซ้ำ
🧠 Context: Forecast SELL 92/100 | Trend ขาลง | R&gt;G 6/100 | flip 26 bars
📌 Plan: Entry 73,871.18 | SL 63,748.23
────────────────
🕒 เวลา: 2026-06-05 13:07
📈 TradingView"
f3e084f440693ae8,2026-06-05 13:07:10,CDCVIX15,ETH-USD,SELL,15m,64,A,87.5,เข้าได้ตามแผนหลัก แต่ยังต้องเคารพ SL และจังหวะเข้า,,91.0,110.91999999999999,False,,Trade Plan,,,,,,,,,,,,,,,,,,,,,,,,,,,,,,,,,,,,,,,,,,,,,,,,,,,,2118.699951171875,1729.0857107979912,,,None,SELL,92.0,ถือครบ 24 แท่งของแผน CDC แล้ว จึงปิดรอบเพื่อลดการยืดเยื้อ,944,,,,,,,,,,,,,,,,15.0,False,69.0,67.17143397734611,91.0,,0.0,CDCVIX15|ETH-USD|SELL|2026-05-26 17:15,"🔴 CDC+VixFix 15m SELL | ETH-USD
ETH-USD
────────────────
📍 Snapshot: ราคา 1,684.24 (+0.00%)
🧭 1H Trend: DOWN | STRONG | ActionZone 15m, Price Action 15m
🧪 Edge: Conf 91%
🎯 Action: ถ้ามี BUY/Long เดิม ให้ปิดกำไรหรือปิดลดความเสี่ยงตามแผนนี้
⚠️ Note: ยังไม่ใช่สัญญาณเปิด Short ใหม่ เว้นแต่โครงสร้างลงและระบบอื่นยืนยันซ้ำ
🧠 Context: Forecast SELL 92/100 | Trend ขาลง | R&gt;G 15/100 | flip 38 bars
📌 Plan: Entry 2,118.70 | SL 1,729.09
────────────────
🕒 เวลา: 2026-06-05 13:07
📈 TradingView"
867aea3ce2857df5,2026-06-05 13:07:11,TRADAR15,ETH-USD,SELL,15m,64,A,92.9,เข้าได้ตามแผนหลัก แต่ยังต้องเคารพ SL และจังหวะเข้า,,87.52000000000001,87.52000000000001,False,1,Trade Plan,Trend Radar 15m,,,,,,,,,,,,,,,,,,,,,,,,,,,,,,,,,,,,,,,,,,,,,,,,,,,1684.239990234375,,,,,,,,,,,,,,,,,,,,,,,,,,69.0,67.17143397734611,,,,TRADAR15|ETH-USD|SELL|TREND_CONTINUE|TREND_BREAKOUT_15M|1684.24,"🔴 Trend Radar | ETH-USD
ETH-USD
────────────────
📍 Snapshot: ราคา 1,684.24 (+0.00%) | Conf 88%
🧩 Source: Trend Breakout 15m, Trend Breakout 15m
🧭 State: DOWN STRONG | CONTINUE
🧠 Context: 1H DOWN STRONG | Regime TREND_DOWN | ADX 53.0
📌 Plan: Entry 1,684.24
⚡ Tags: DIRECTIONAL_FALLBACK | BREAKOUT_READY
🧠 Context: SELL breakout bias จาก forecast_direction | 1H DOWN STRONG | Regime TREND_DOWN
⚠️ Note: trend-following setup ใช้เป็นแผนเฝ้าเข้า ไม่ใช่สัญญาณไล่ราคา
────────────────
🕒 เวลา: 2026-06-05 13:07
📈 TradingView"
00f7f4473d7f1d3b,2026-06-05 17:15:38,CDCVIX15,BTC-USD,SELL,15m,64,A,87.5,เข้าได้ตามแผนหลัก แต่ยังต้องเคารพ SL และจังหวะเข้า,,95.0,114.67999999999999,False,,Trade Plan,,,,,,,,,,,,,,,,,,,,,,,,,,,,,,,,,,,,,,,,,,,,,,,,,,,,73871.1796875,63845.60044642857,,,None,SELL,90.71044915265577,ถือครบ 24 แท่งของแผน CDC แล้ว จึงปิดรอบเพื่อลดการยืดเยื้อ,534,,,,,,,,,,,,,,,,24.0,False,69.0,67.61284523679059,95.0,,0.0,CDCVIX15|BTC-USD|SELL|2026-05-31 03:45,"🔴 CDC+VixFix 15m SELL | BTC-USD
BTC-USD
────────────────
📍 Snapshot: ราคา 62,654.71 (+0.00%)
🧭 1H Trend: DOWN | STRONG | ActionZone 15m, Price Action 15m
🧪 Edge: Conf 95%
🎯 Action: ถ้ามี BUY/Long เดิม ให้ปิดกำไรหรือปิดลดความเสี่ยงตามแผนนี้
⚠️ Note: ยังไม่ใช่สัญญาณเปิด Short ใหม่ เว้นแต่โครงสร้างลงและระบบอื่นยืนยันซ้ำ
🧠 Context: Forecast SELL 91/100 | Trend ขาลง | R&gt;G 24/100 | flip 42 bars
📌 Plan: Entry 73,871.18 | SL 63,845.60
────────────────
🕒 เวลา: 2026-06-05 17:15
📈 TradingView"
0ec398eca9b3efd4,2026-06-05 17:15:38,CDCVIX15,ETH-USD,SELL,15m,64,A,87.5,เข้าได้ตามแผนหลัก แต่ยังต้องเคารพ SL และจังหวะเข้า,,95.0,114.67999999999999,False,,Trade Plan,,,,,,,,,,,,,,,,,,,,,,,,,,,,,,,,,,,,,,,,,,,,,,,,,,,,2118.699951171875,1713.711460658482,,,None,SELL,90.44834342040528,ถือครบ 24 แท่งของแผน CDC แล้ว จึงปิดรอบเพื่อลดการยืดเยื้อ,960,,,,,,,,,,,,,,,,29.0,False,69.0,67.61284523679059,95.0,,0.0,CDCVIX15|ETH-USD|SELL|2026-05-26 17:15,"🔴 CDC+VixFix 15m SELL | ETH-USD
ETH-USD
────────────────
📍 Snapshot: ราคา 1,675.41 (+0.00%)
🧭 1H Trend: DOWN | STRONG | ActionZone 15m, Price Action 15m
🧪 Edge: Conf 95%
🎯 Action: ถ้ามี BUY/Long เดิม ให้ปิดกำไรหรือปิดลดความเสี่ยงตามแผนนี้
⚠️ Note: ยังไม่ใช่สัญญาณเปิด Short ใหม่ เว้นแต่โครงสร้างลงและระบบอื่นยืนยันซ้ำ
🧠 Context: Forecast SELL 90/100 | Trend ขาลง | R&gt;G 29/100 | flip 54 bars
📌 Plan: Entry 2,118.70 | SL 1,713.71
────────────────
🕒 เวลา: 2026-06-05 17:15
📈 TradingView"
d3c77630dc9f6b36,2026-06-05 17:15:39,TRADAR15,ETH-USD,SELL,15m,64,A,92.9,เข้าได้ตามแผนหลัก แต่ยังต้องเคารพ SL และจังหวะเข้า,,87.52000000000001,87.52000000000001,False,1,Trade Plan,Trend Radar 15m,,,,,,,,,,,,,,,,,,,,,,,,,,,,,,,,,,,,,,,,,,,,,,,,,,,1675.4100341796875,,,,,,,,,,,,,,,,,,,,,,,,,,69.0,67.61284523679059,,,,TRADAR15|ETH-USD|SELL|TREND_CONTINUE|TREND_BREAKOUT_15M|1675.41,"🔴 Trend Radar | ETH-USD
ETH-USD
────────────────
📍 Snapshot: ราคา 1,675.41 (+0.00%) | Conf 88%
🧩 Source: Trend Breakout 15m, Trend Breakout 15m
🧭 State: DOWN STRONG | CONTINUE
🧠 Context: 1H DOWN STRONG | Regime TREND_DOWN | ADX 48.3
📌 Plan: Entry 1,675.41
⚡ Tags: DIRECTIONAL_FALLBACK | BREAKOUT_READY
🧠 Context: SELL breakout bias จาก forecast_direction | 1H DOWN STRONG | Regime TREND_DOWN
⚠️ Note: trend-following setup ใช้เป็นแผนเฝ้าเข้า ไม่ใช่สัญญาณไล่ราคา
────────────────
🕒 เวลา: 2026-06-05 17:15
📈 TradingView"
e242960138a616bf,2026-06-05 20:32:51,TRADAR15,BTC-USD,SELL,15m,64,A,92.9,เข้าได้ตามแผนหลัก แต่ยังต้องเคารพ SL และจังหวะเข้า,,87.52000000000001,87.52000000000001,False,1,Trade Plan,Trend Radar 15m,,,,,,,,,,,,,,,,,,,,,,,,,,,,,,,,,,,,,,,,,,,,,,,,,,,62084.9609375,,,,,,,,,,,,,,,,,,,,,,,,,,69.0,68.04060391873602,,,,TRADAR15|BTC-USD|SELL|TREND_CONTINUE|TREND_BREAKOUT_15M|62084.9609,"🔴 Trend Radar | BTC-USD
BTC-USD
────────────────
📍 Snapshot: ราคา 62,096.38 (+0.00%) | Conf 88%
🧩 Source: Trend Breakout 15m, Trend Breakout 15m
🧭 State: DOWN STRONG | CONTINUE
🧠 Context: 1H DOWN STRONG | Regime TREND_DOWN | ADX 42.4
📌 Plan: Entry 62,084.96
⚡ Tags: DIRECTIONAL_FALLBACK | BREAKOUT_READY
🧠 Context: SELL breakout bias จาก forecast_direction | 1H DOWN STRONG | Regime TREND_DOWN
⚠️ Note: trend-following setup ใช้เป็นแผนเฝ้าเข้า ไม่ใช่สัญญาณไล่ราคา
────────────────
🕒 เวลา: 2026-06-05 20:32
📈 TradingView"
eed34a4005102d07,2026-06-05 23:17:19,CDCVIX15,XRP-USD,SELL,15m,64,B,81.2,เข้าได้ แต่ควรลดขนาดไม้ลงเล็กน้อยหากราคาเริ่มไล่ห่าง,,84.12327207258473,93.64587574822964,False,,Trade Plan,,,,,,,,,,,,,,,,,,,,,,,,,,,,,,,,,,,,,,,,,,,,,,,,,,,,1.3468999862670898,1.1461856535502843,,,None,SELL,73.74424024194909,ถือครบ 48 แท่งของแผน CDC แล้ว จึงปิดรอบเพื่อลดการยืดเยื้อ,562,,,,,,,,,,,,,,,,9.748848048389817,False,69.0,67.81091395132651,84.12327207258473,,0.0,CDCVIX15|XRP-USD|SELL|2026-05-31 03:00,"🔴 CDC+VixFix 15m SELL | XRP-USD
XRP-USD
────────────────
📍 Snapshot: ราคา 1.11 (+0.00%)
🧭 1H Trend: DOWN | STRONG | ActionZone 15m, Price Action 15m
🧪 Edge: Conf 84%
🎯 Action: ถ้ามี BUY/Long เดิม ให้ปิดกำไรหรือปิดลดความเสี่ยงตามแผนนี้
⚠️ Note: ยังไม่ใช่สัญญาณเปิด Short ใหม่ เว้นแต่โครงสร้างลงและระบบอื่นยืนยันซ้ำ
🧠 Context: Forecast SELL 74/100 | Trend ขาลง | R&gt;G 10/100 | flip 80 bars
📌 Plan: Entry 1.35 | SL 1.15 | TP1 1.15 | TP2 0.985614
📏 Risk: Risk 10.00% | RR TP1 1.00R / TP2 1.80R
🧭 Level Source: actual+fallback
────────────────
🕒 เวลา: 2026-06-05 23:17
📈 TradingView"
bb692ef63e172fd4,2026-06-05 23:17:19,CDCVIX15,NEAR-USD,SELL,15m,64,B,78.4,เข้าได้ แต่ควรลดขนาดไม้ลงเล็กน้อยหากราคาเริ่มไล่ห่าง,,81.53798762670957,91.21570836910699,False,,Trade Plan,,,,,,,,,,,,,,,,,,,,,,,,,,,,,,,,,,,,,,,,,,,,,,,,,,,,2.6619999408721924,2.0293572459902083,,,None,SELL,85.12662542236521,ถือครบ 24 แท่งของแผน CDC แล้ว จึงปิดรอบเพื่อลดการยืดเยื้อ,343,,,,,,,,,,,,,,,,16.0,False,69.0,67.81091395132651,81.53798762670957,,0.0,CDCVIX15|NEAR-USD|SELL|2026-06-02 09:45,"🔴 CDC+VixFix 15m SELL | NEAR-USD
NEAR-USD
────────────────
📍 Snapshot: ราคา 1.90 (+0.00%)
🧭 1H Trend: DOWN | STRONG | ActionZone 15m, Price Action 15m
🧪 Edge: Conf 82%
🎯 Action: ถ้ามี BUY/Long เดิม ให้ปิดกำไรหรือปิดลดความเสี่ยงตามแผนนี้
⚠️ Note: ยังไม่ใช่สัญญาณเปิด Short ใหม่ เว้นแต่โครงสร้างลงและระบบอื่นยืนยันซ้ำ
🧠 Context: Forecast SELL 85/100 | Trend ขาลง | R&gt;G 16/100 | flip 96 bars
📌 Plan: Entry 2.66 | SL 2.03 | TP1 2.03 | TP2 1.52
📏 Risk: Risk 10.00% | RR TP1 1.00R / TP2 1.80R
🧭 Level Source: actual+fallback
────────────────
🕒 เวลา: 2026-06-05 23:17
📈 TradingView"
6f9fe600183c06f2,2026-06-05 23:17:20,TRADAR15,BTC-USD,SELL,15m,64,A,92.9,เข้าได้ตามแผนหลัก แต่ยังต้องเคารพ SL และจังหวะเข้า,,87.52000000000001,87.52000000000001,False,1,Trade Plan,Trend Radar 15m,,,,,,,,,,,,,,,,,,,,,,,,,,,,,,,,,,,,,,,,,,,,,,,,,,,60843.16015625,,,,,,,,,,,,,,,,,,,,,,,,,,69.0,67.81091395132651,,,,TRADAR15|BTC-USD|SELL|TREND_CONTINUE|TREND_BREAKOUT_15M|60843.1602,"🔴 Trend Radar | BTC-USD
BTC-USD
────────────────
📍 Snapshot: ราคา 60,843.16 (+0.00%) | Conf 88%
🧩 Source: Trend Breakout 15m, Trend Breakout 15m
🧭 State: DOWN STRONG | CONTINUE
🧠 Context: 1H DOWN STRONG | Regime TREND_DOWN | ADX 61.1
📌 Plan: Entry 60,843.16
🧭 Level Source: actual plan
⚡ Tags: DIRECTIONAL_FALLBACK | BREAKOUT_READY
🧠 Context: SELL breakout bias จาก forecast_direction | 1H DOWN STRONG | Regime TREND_DOWN
⚠️ Note: trend-following setup ใช้เป็นแผนเฝ้าเข้า ไม่ใช่สัญญาณไล่ราคา
────────────────
🕒 เวลา: 2026-06-05 23:17
📈 TradingView"
be87b377758307ea,2026-06-06 01:21:13,CDCVIX15,BTC-USD,SELL,15m,64,A,87.5,เข้าได้ตามแผนหลัก แต่ยังต้องเคารพ SL และจังหวะเข้า,,91.0,110.91999999999999,False,,Trade Plan,,,,,,,,,,,,,,,,,,,,,,,,,,,,,,,,,,,,,,,,,,,,,,,,,,,,77420.3203125,61923.001953125,,,None,SELL,92.0,ถือครบ 24 แท่งของแผน CDC แล้ว จึงปิดรอบเพื่อลดการยืดเยื้อ,992,,,,,,,,,,,,,,,,6.0,False,69.0,67.89062715885115,91.0,,0.0,CDCVIX15|BTC-USD|SELL|2026-05-26 17:30,"🔴 CDC+VixFix 15m SELL | BTC-USD
BTC-USD
────────────────
📍 Snapshot: ราคา 60,427.18 (+0.00%)
🧭 1H Trend: DOWN | STRONG | ActionZone 15m, Price Action 15m
🧪 Edge: Conf 91%
🎯 Action: ถ้ามี BUY/Long เดิม ให้ปิดกำไรหรือปิดลดความเสี่ยงตามแผนนี้
⚠️ Note: ยังไม่ใช่สัญญาณเปิด Short ใหม่ เว้นแต่โครงสร้างลงและระบบอื่นยืนยันซ้ำ
🧠 Context: Forecast SELL 92/100 | Trend ขาลง | R&gt;G 6/100 | flip 75 bars
📌 Plan: Entry 77,420.32 | SL 61,923.00 | TP1 61,923.00 | TP2 49,525.15
📏 Risk: Risk 10.00% | RR TP1 1.00R / TP2 1.80R
🧭 Level Source: actual+fallback
────────────────
🕒 เวลา: 2026-06-06 01:21
📈 TradingView"
9978b850b578fc66,2026-06-06 01:21:14,CDCVIX15,ETH-USD,SELL,15m,64,A,87.5,เข้าได้ตามแผนหลัก แต่ยังต้องเคารพ SL และจังหวะเข้า,,91.0,110.91999999999999,False,,Trade Plan,,,,,,,,,,,,,,,,,,,,,,,,,,,,,,,,,,,,,,,,,,,,,,,,,,,,2118.5,1634.875,,,None,SELL,92.0,ถือครบ 24 แท่งของแผน CDC แล้ว จึงปิดรอบเพื่อลดการยืดเยื้อ,993,,,,,,,,,,,,,,,,15.0,False,69.0,67.89062715885115,91.0,,0.0,CDCVIX15|ETH-USD|SELL|2026-05-26 17:15,"🔴 CDC+VixFix 15m SELL | ETH-USD
ETH-USD
────────────────
📍 Snapshot: ราคา 1,582.81 (+0.00%)
🧭 1H Trend: DOWN | STRONG | ActionZone 15m, Price Action 15m
🧪 Edge: Conf 91%
🎯 Action: ถ้ามี BUY/Long เดิม ให้ปิดกำไรหรือปิดลดความเสี่ยงตามแผนนี้
⚠️ Note: ยังไม่ใช่สัญญาณเปิด Short ใหม่ เว้นแต่โครงสร้างลงและระบบอื่นยืนยันซ้ำ
🧠 Context: Forecast SELL 92/100 | Trend ขาลง | R&gt;G 15/100 | flip 87 bars
📌 Plan: Entry 2,118.50 | SL 1,634.88 | TP1 1,634.88 | TP2 1,247.97
📏 Risk: Risk 10.00% | RR TP1 1.00R / TP2 1.80R
🧭 Level Source: actual+fallback
────────────────
🕒 เวลา: 2026-06-06 01:21
📈 TradingView"
b300e48316163ccb,2026-06-06 01:21:15,TRADAR15,ETH-USD,SELL,15m,64,A,92.9,เข้าได้ตามแผนหลัก แต่ยังต้องเคารพ SL และจังหวะเข้า,,87.52000000000001,87.52000000000001,False,1,Trade Plan,Trend Radar 15m,,,,,,,,,,,,,,,,,,,,,,,,,,,,,,,,,,,,,,,,,,,,,,,,,,,1582.81005859375,,,,,,,,,,,,,,,,,,,,,,,,,,69.0,67.89062715885115,,,,TRADAR15|ETH-USD|SELL|TREND_CONTINUE|TREND_BREAKOUT_15M|1582.8101,"🔴 Trend Radar | ETH-USD
ETH-USD
────────────────
📍 Snapshot: ราคา 1,582.81 (+0.00%) | Conf 88%
🧩 Source: Trend Breakout 15m, Trend Breakout 15m
🧭 State: DOWN STRONG | CONTINUE
🧠 Context: 1H DOWN STRONG | Regime TREND_DOWN | ADX 50.4
📌 Plan: Entry 1,582.81
🧭 Level Source: actual plan
⚡ Tags: DIRECTIONAL_FALLBACK | BREAKOUT_READY
🧠 Context: SELL breakout bias จาก forecast_direction | 1H DOWN STRONG | Regime TREND_DOWN
⚠️ Note: trend-following setup ใช้เป็นแผนเฝ้าเข้า ไม่ใช่สัญญาณไล่ราคา
────────────────
🕒 เวลา: 2026-06-06 01:21
📈 TradingView"
a46812ccdd8f8598,2026-06-06 03:22:57,CDCVIX15,PAXG-USD,SELL,15m,64,A,87.5,เข้าได้ตามแผนหลัก แต่ยังต้องเคารพ SL และจังหวะเข้า,,91.0,110.91999999999999,False,,Trade Plan,,,,,,,,,,,,,,,,,,,,,,,,,,,,,,,,,,,,,,,,,,,,,,,,,,,,4525.72021484375,4379.715087890625,,,None,SELL,92.0,ถือครบ 24 แท่งของแผน CDC แล้ว จึงปิดรอบเพื่อลดการยืดเยื้อ,519,,,,,,,,,,,,,,,,16.0,False,69.0,68.89095010899429,91.0,,0.0,CDCVIX15|PAXG-USD|SELL|2026-05-31 17:45,"🔴 CDC+VixFix 15m SELL | PAXG-USD
PAXG-USD
────────────────
📍 Snapshot: ราคา 4,314.99 (+0.00%)
🧭 1H Trend: DOWN | STRONG | ActionZone 15m, Price Action 15m
🧪 Edge: Conf 91%
🎯 Action: ถ้ามี BUY/Long เดิม ให้ปิดกำไรหรือปิดลดความเสี่ยงตามแผนนี้
⚠️ Note: ยังไม่ใช่สัญญาณเปิด Short ใหม่ เว้นแต่โครงสร้างลงและระบบอื่นยืนยันซ้ำ
🧠 Context: Forecast SELL 92/100 | Trend ขาลง | R&gt;G 16/100 | flip 37 bars
📌 Plan: Entry 4,525.72 | SL 4,379.72 | TP1 4,379.72 | TP2 4,262.91
📏 Risk: Risk 3.19% | RR TP1 1.00R / TP2 1.80R
🧭 Level Source: actual+fallback
────────────────
🕒 เวลา: 2026-06-06 03:22
📈 TradingView"
30f5b8586f72e308,2026-06-06 03:22:57,TRADAR15,PAXG-USD,SELL,15m,64,A,91.3,เข้าได้ตามแผนหลัก แต่ยังต้องเคารพ SL และจังหวะเข้า,,86.93878725730431,86.93878725730431,False,1,Trade Plan,Trend Radar 15m,,,,,,,,,,,,,,,,,,,,,,,,,,,,,,,,,,,,,,,,,,,,,,,,,,,4314.990234375,,,,,,,,,,,,,,,,,,,,,,,,,,69.0,68.89095010899429,,,,TRADAR15|PAXG-USD|SELL|TREND_CONTINUE|TREND_BREAKOUT_15M|4314.9902,"🔴 Trend Radar | PAXG-USD
PAXG-USD
────────────────
📍 Snapshot: ราคา 4,314.99 (+0.00%) | Conf 87%
🧩 Source: Trend Breakout 15m, Trend Breakout 15m
🧭 State: DOWN STRONG | CONTINUE
🧠 Context: 1H DOWN STRONG | Regime TREND_DOWN | ADX 31.1
📌 Plan: Entry 4,314.99
🧭 Level Source: actual plan
⚡ Tags: DIRECTIONAL_FALLBACK | BREAKOUT_READY
🧠 Context: SELL breakout bias จาก forecast_direction | 1H DOWN STRONG | Regime TREND_DOWN
⚠️ Note: trend-following setup ใช้เป็นแผนเฝ้าเข้า ไม่ใช่สัญญาณไล่ราคา
────────────────
🕒 เวลา: 2026-06-06 03:22
📈 TradingView"
e92cf6b097fe103b,2026-06-06 04:55:13,TRADAR15,PAXG-USD,SELL,15m,64,B,81.1,เข้าได้ แต่ควรลดขนาดไม้ลงเล็กน้อยหากราคาเริ่มไล่ห่าง,,83.38600952838448,83.38600952838448,False,1,Trade Plan,Trend Radar 15m,,,,,,,,,,,,,,,,,,,,,,,,,,,,,,,,,,,,,,,,,,,,,,,,,,,4333.990234375,,,,,,,,,,,,,,,,,,,,,,,,,,69.0,68.44194446248889,,,,TRADAR15|PAXG-USD|SELL|TREND_CONTINUE|TREND_BREAKOUT_15M|4333.9902,"🔴 Trend Radar | PAXG-USD
PAXG-USD
────────────────
📍 Snapshot: ราคา 4,333.99 (+0.00%) | Conf 83%
🧩 Source: Trend Breakout 15m, Trend Breakout 15m
🧭 State: DOWN STRONG | CONTINUE
🧠 Context: 1H DOWN STRONG | Regime TREND_DOWN | ADX 28.9
📌 Plan: Entry 4,333.99
🧭 Level Source: actual plan
⚡ Tags: DIRECTIONAL_FALLBACK | BREAKOUT_READY
🧠 Context: SELL breakout bias จาก forecast_direction | 1H DOWN STRONG | Regime TREND_DOWN
⚠️ Note: trend-following setup ใช้เป็นแผนเฝ้าเข้า ไม่ใช่สัญญาณไล่ราคา
────────────────
🕒 เวลา: 2026-06-06 04:55
📈 TradingView"
d155e769bc6d0995,2026-06-06 06:03:28,CDCVIX15,ADA-USD,SELL,15m,64,A,87.5,เข้าได้ตามแผนหลัก แต่ยังต้องเคารพ SL และจังหวะเข้า,,91.0,119.18,False,,Trade Plan,,,,,,,,,,,,,,,,,,,,,,,,,,,,,,,,,,,,,,,,,,,,,,,,,,,,0.23600000143051147,0.16432143641369684,,,None,SELL,92.0,ถือครบ 24 แท่งของแผน CDC แล้ว จึงปิดรอบเพื่อลดการยืดเยื้อ,467,,,,,,,,,,,,,,,,1.0,False,69.0,68.44551285315481,91.0,,0.0,CDCVIX15|ADA-USD|SELL|2026-06-01 09:30,"🔴 CDC+VixFix 15m SELL | ADA-USD
ADA-USD
────────────────
📍 Snapshot: ราคา 0.159500 (+0.00%)
🧭 1H Trend: DOWN | STRONG | ActionZone 15m, Price Action 15m
🧪 Edge: Conf 91%
🎯 Action: ถ้ามี BUY/Long เดิม ให้ปิดกำไรหรือปิดลดความเสี่ยงตามแผนนี้
⚠️ Note: ยังไม่ใช่สัญญาณเปิด Short ใหม่ เว้นแต่โครงสร้างลงและระบบอื่นยืนยันซ้ำ
🧠 Context: Forecast SELL 92/100 | Trend ขาลง | R&gt;G 1/100 | flip 10 bars
📌 Plan: Entry 0.236000 | SL 0.164321 | TP1 0.164321 | TP2 0.106979
📏 Risk: Risk 10.00% | RR TP1 1.00R / TP2 1.80R
🧭 Level Source: actual+fallback
────────────────
🕒 เวลา: 2026-06-06 06:03
📈 TradingView"
f13f05d026f20ea7,2026-06-06 06:03:29,CDCVIX15,TRX-USD,SELL,15m,64,A,87.5,เข้าได้ตามแผนหลัก แต่ยังต้องเคารพ SL และจังหวะเข้า,,91.0,119.18,False,,Trade Plan,,,,,,,,,,,,,,,,,,,,,,,,,,,,,,,,,,,,,,,,,,,,,,,,,,,,0.3508235216140747,0.32625311136245727,,,None,SELL,92.0,ถือครบ 24 แท่งของแผน CDC แล้ว จึงปิดรอบเพื่อลดการยืดเยื้อ,454,,,,,,,,,,,,,,,,32.0,False,69.0,68.44551285315481,91.0,,0.0,CDCVIX15|TRX-USD|SELL|2026-06-01 12:00,"🔴 CDC+VixFix 15m SELL | TRX-USD
TRX-USD
────────────────
📍 Snapshot: ราคา 0.321432 (+0.00%)
🧭 1H Trend: DOWN | STRONG | ActionZone 15m, Price Action 15m
🧪 Edge: Conf 91%
🎯 Action: ถ้ามี BUY/Long เดิม ให้ปิดกำไรหรือปิดลดความเสี่ยงตามแผนนี้
⚠️ Note: ยังไม่ใช่สัญญาณเปิด Short ใหม่ เว้นแต่โครงสร้างลงและระบบอื่นยืนยันซ้ำ
🧠 Context: Forecast SELL 92/100 | Trend ขาลง | R&gt;G 32/100 | flip 97 bars
📌 Plan: Entry 0.350824 | SL 0.326253 | TP1 0.326253 | TP2 0.306597
📏 Risk: Risk 6.93% | RR TP1 1.00R / TP2 1.80R
🧭 Level Source: actual+fallback
────────────────
🕒 เวลา: 2026-06-06 06:03
📈 TradingView"
c8c13a244c28066b,2026-06-06 06:03:30,TRADAR15,PAXG-USD,SELL,15m,64,A,92.9,เข้าได้ตามแผนหลัก แต่ยังต้องเคารพ SL และจังหวะเข้า,,87.52000000000001,87.52000000000001,False,1,Trade Plan,Trend Radar 15m,,,,,,,,,,,,,,,,,,,,,,,,,,,,,,,,,,,,,,,,,,,,,,,,,,,4324.93017578125,,,,,,,,,,,,,,,,,,,,,,,,,,69.0,68.44551285315481,,,,TRADAR15|PAXG-USD|SELL|TREND_CONTINUE|TREND_BREAKOUT_15M|4324.9302,"🔴 Trend Radar | PAXG-USD
PAXG-USD
────────────────
📍 Snapshot: ราคา 4,324.93 (+0.00%) | Conf 88%
🧩 Source: Trend Breakout 15m, Trend Breakout 15m
🧭 State: DOWN STRONG | CONTINUE
🧠 Context: 1H DOWN STRONG | Regime TREND_DOWN | ADX 35.7
📌 Plan: Entry 4,324.93
🧭 Level Source: actual plan
⚡ Tags: DIRECTIONAL_FALLBACK | BREAKOUT_READY
🧠 Context: SELL breakout bias จาก forecast_direction | 1H DOWN STRONG | Regime TREND_DOWN
⚠️ Note: trend-following setup ใช้เป็นแผนเฝ้าเข้า ไม่ใช่สัญญาณไล่ราคา
────────────────
🕒 เวลา: 2026-06-06 06:03
📈 TradingView"
334ee0f92b401c64,2026-06-06 07:18:56,CDCVIX15,ADA-USD,SELL,15m,64,A,87.5,เข้าได้ตามแผนหลัก แต่ยังต้องเคารพ SL และจังหวะเข้า,,91.0,119.18,False,,Trade Plan,,,,,,,,,,,,,,,,,,,,,,,,,,,,,,,,,,,,,,,,,,,,,,,,,,,,0.23600000143051147,0.16410714281456812,,,None,SELL,92.0,ถือครบ 24 แท่งของแผน CDC แล้ว จึงปิดรอบเพื่อลดการยืดเยื้อ,464,,,,,,,,,,,,,,,,1.0,False,69.0,68.37127464328655,91.0,,0.0,CDCVIX15|ADA-USD|SELL|2026-06-01 09:30,"🔴 CDC+VixFix 15m SELL | ADA-USD
ADA-USD
────────────────
📍 Snapshot: ราคา 0.158300 (+0.00%)
🧭 1H Trend: DOWN | STRONG | ActionZone 15m, Price Action 15m
🧪 Edge: Conf 91%
🎯 Action: ถ้ามี BUY/Long เดิม ให้ปิดกำไรหรือปิดลดความเสี่ยงตามแผนนี้
⚠️ Note: ยังไม่ใช่สัญญาณเปิด Short ใหม่ เว้นแต่โครงสร้างลงและระบบอื่นยืนยันซ้ำ
🧠 Context: Forecast SELL 92/100 | Trend ขาลง | R&gt;G 1/100 | flip 7 bars
📌 Plan: Entry 0.236000 | SL 0.164107 | TP1 0.164107 | TP2 0.106593
📏 Risk: Risk 10.00% | RR TP1 1.00R / TP2 1.80R
🧭 Level Source: actual+fallback
────────────────
🕒 เวลา: 2026-06-06 07:18
📈 TradingView"
ff40623d489733e1,2026-06-06 07:18:57,CDCVIX15,TRX-USD,SELL,15m,64,A,87.5,เข้าได้ตามแผนหลัก แต่ยังต้องเคารพ SL และจังหวะเข้า,,91.0,119.18,False,,Trade Plan,,,,,,,,,,,,,,,,,,,,,,,,,,,,,,,,,,,,,,,,,,,,,,,,,,,,0.3508235216140747,0.3255113063752651,,,None,SELL,92.0,ถือครบ 24 แท่งของแผน CDC แล้ว จึงปิดรอบเพื่อลดการยืดเยื้อ,451,,,,,,,,,,,,,,,,32.0,False,69.0,68.37127464328655,91.0,,0.0,CDCVIX15|TRX-USD|SELL|2026-06-01 12:00,"🔴 CDC+VixFix 15m SELL | TRX-USD
TRX-USD
────────────────
📍 Snapshot: ราคา 0.320701 (+0.00%)
🧭 1H Trend: DOWN | STRONG | ActionZone 15m, Price Action 15m
🧪 Edge: Conf 91%
🎯 Action: ถ้ามี BUY/Long เดิม ให้ปิดกำไรหรือปิดลดความเสี่ยงตามแผนนี้
⚠️ Note: ยังไม่ใช่สัญญาณเปิด Short ใหม่ เว้นแต่โครงสร้างลงและระบบอื่นยืนยันซ้ำ
🧠 Context: Forecast SELL 92/100 | Trend ขาลง | R&gt;G 32/100 | flip 94 bars
📌 Plan: Entry 0.350824 | SL 0.325511 | TP1 0.325511 | TP2 0.305262
📏 Risk: Risk 7.14% | RR TP1 1.00R / TP2 1.80R
🧭 Level Source: actual+fallback
────────────────
🕒 เวลา: 2026-06-06 07:18
📈 TradingView"
0a576f499d1ee6cd,2026-06-06 07:18:57,TRADAR15,BTC-USD,SELL,15m,64,B,78.4,เข้าได้ แต่ควรลดขนาดไม้ลงเล็กน้อยหากราคาเริ่มไล่ห่าง,,82.45525578537048,82.45525578537048,False,1,Trade Plan,Trend Radar 15m,,,,,,,,,,,,,,,,,,,,,,,,,,,,,,,,,,,,,,,,,,,,,,,,,,,61339.23046875,,,,,,,,,,,,,,,,,,,,,,,,,,69.0,68.37127464328655,,,,TRADAR15|BTC-USD|SELL|TREND_CONTINUE|TREND_BREAKOUT_15M|61339.2305,"🔴 Trend Radar | BTC-USD
BTC-USD
────────────────
📍 Snapshot: ราคา 61,339.23 (+0.00%) | Conf 82%
🧩 Source: Trend Breakout 15m, Trend Breakout 15m
🧭 State: DOWN STRONG | CONTINUE
🧠 Context: 1H DOWN STRONG | Regime TREND_DOWN | ADX 27.7
📌 Plan: Entry 61,339.23
🧭 Level Source: actual plan
⚡ Tags: DIRECTIONAL_FALLBACK | BREAKOUT_READY
🧠 Context: SELL breakout bias จาก forecast_direction | 1H DOWN STRONG | Regime TREND_DOWN
⚠️ Note: trend-following setup ใช้เป็นแผนเฝ้าเข้า ไม่ใช่สัญญาณไล่ราคา
────────────────
🕒 เวลา: 2026-06-06 07:18
📈 TradingView"
e1b2b9749b5deeed,2026-06-07 08:46:33,CDCVIX15,TRX-USD,BUY,15m,64,A,85.4,เข้าได้ตามแผนหลัก แต่ยังต้องเคารพ SL และจังหวะเข้า,,88.0,96.60000000000001,False,,Trade Plan,,entry,cdc_fresh_signal,,,,,,,,,,,,,,,,,,,,,,,,,,,,,,,,,,,,,,,,,,,,,,,,,0.3240944743156433,0.31923305720090867,,,Bullish Pinbar,BUY,92.0,"CDC ยังหนุนขาขึ้น, เพิ่งมี VixFix spike ฝั่ง panic low และโมเมนตัมเริ่มฟื้น",2,,,,,,,,,,,,,,,,95.0,True,69.0,66.57325348357475,88.0,,0.0,CDCVIX15|TRX-USD|BUY|2026-06-07 08:15,"🟢 CDC+VixFix 15m BUY | TRX-USD
TRX-USD
────────────────
📍 Snapshot: ราคา 0.324028 (+0.00%)
🧭 1H Trend: UP | STRONG | ActionZone 15m, Price Action 15m
🧪 Edge: Conf 88%
🎯 Action: ถ้ายังไม่มีสถานะ สามารถกด BUY/Long ตามแผนได้
⚠️ Note: ถ้ามี Short เดิม ควรปิด Short ก่อนแล้วค่อยเปิด BUY
🧠 Context: Forecast BUY 92/100 | Trend ขาขึ้น | R&gt;G 95/100 | flip 3 bars | reclaim
📌 Plan: Entry 0.324094 | SL 0.319233 | TP1 0.329928 | TP2 0.334303
📏 Risk: Risk 1.18% | RR TP1 1.20R / TP2 2.10R
🧭 Level Source: actual+fallback
────────────────
🕒 เวลา: 2026-06-07 08:46
📈 TradingView"
b0de4e11184efe6e,2026-06-07 18:25:58,CDCVIX15,BTC-USD,BUY,15m,64,A,87.5,เข้าได้ตามแผนหลัก แต่ยังต้องเคารพ SL และจังหวะเข้า,,95.0,103.04,False,,Trade Plan,,entry,cdc_fresh_signal,,,,,,,,,,,,,,,,,,,,,,,,,,,,,,,,,,,,Premium Entry,premium_entry,"เทรนด์ตรง, RR ดี, สัญญาณสด และคุณภาพเข้าเด่น",5.0,True,,,,,,,,,62530.69921875,61592.73873046875,,,None,BUY,92.0,"CDC ยังหนุนขาขึ้น, เพิ่งมี VixFix spike ฝั่ง panic low และโมเมนตัมเริ่มฟื้น",0,,,,,,,,,,,,,,,,95.0,True,69.0,66.56282043716539,95.0,,0.0,CDCVIX15|BTC-USD|BUY|2026-06-07 18:25,"🟢 CDC+VixFix 15m BUY | BTC-USD
BTC-USD
────────────────
📍 Snapshot: ราคา 62,530.70 (+0.00%)
🧭 1H Trend: UP | STRONG | ActionZone 15m, Price Action 15m
🧪 Edge: Conf 95%
🚦 สถานะ: 🟢 เข้าได้
📝 Decision: แผนยังใกล้จุดเข้าและมี SL/TP พร้อมใช้งาน
🎯 Action: ถ้ายังไม่มีสถานะ สามารถกด BUY/Long ตามแผนได้
⚠️ Note: ถ้ามี Short เดิม ควรปิด Short ก่อนแล้วค่อยเปิด BUY
🧠 Context: Forecast BUY 92/100 | Trend ขาขึ้น | R&gt;G 95/100 | flip 2 bars | reclaim
📌 Plan: Entry 62,530.70 | SL 61,592.74 | TP1 63,656.25 | TP2 64,500.42
📏 Risk: Risk 1.11% | RR TP1 1.20R / TP2 2.10R
🧭 Level Source: actual+fallback
────────────────
🕒 เวลา: 2026-06-07 18:25
📈 TradingView"
707f7d56f9345d89,2026-06-07 18:25:58,CDCVIX15,BNB-USD,BUY,15m,64,A,87.5,เข้าได้ตามแผนหลัก แต่ยังต้องเคารพ SL และจังหวะเข้า,,95.0,103.04,False,,Trade Plan,,entry,cdc_fresh_signal,,,,,,,,,,,,,,,,,,,,,,,,,,,,,,,,,,,,Premium Entry,premium_entry,"เทรนด์ตรง, RR ดี, สัญญาณสด และคุณภาพเข้าเด่น",5.0,True,,,,,,,,,592.5,583.6125,,,Bullish Pinbar,BUY,92.0,"CDC ยังหนุนขาขึ้น, เพิ่งมี VixFix spike ฝั่ง panic low และโมเมนตัมเริ่มฟื้น",3,,,,,,,,,,,,,,,,90.0,True,69.0,66.56282043716539,95.0,,0.0,CDCVIX15|BNB-USD|BUY|2026-06-07 17:45,"🟢 CDC+VixFix 15m BUY | BNB-USD
BNB-USD
────────────────
📍 Snapshot: ราคา 593.74 (+0.00%)
🧭 1H Trend: UP | STRONG | ActionZone 15m, Price Action 15m
🧪 Edge: Conf 95%
🚦 สถานะ: 🟢 เข้าได้
📝 Decision: แผนยังใกล้จุดเข้าและมี SL/TP พร้อมใช้งาน
🎯 Action: ถ้ายังไม่มีสถานะ สามารถกด BUY/Long ตามแผนได้
⚠️ Note: ถ้ามี Short เดิม ควรปิด Short ก่อนแล้วค่อยเปิด BUY
🧠 Context: Forecast BUY 92/100 | Trend ขาขึ้น | R&gt;G 90/100 | flip 5 bars | reclaim
📌 Plan: Entry 592.50 | SL 583.61 | TP1 601.39 | TP2 608.50
📏 Risk: Risk 1.11% | RR TP1 1.00R / TP2 1.80R
🧭 Level Source: actual+fallback
────────────────
🕒 เวลา: 2026-06-07 18:25
📈 TradingView"
94ee52eeceac400d,2026-06-07 19:59:22,CDCVIX15,BTC-USD,BUY,15m,64,A,87.5,เข้าได้ตามแผนหลัก แต่ยังต้องเคารพ SL และจังหวะเข้า,,95.0,113.12,False,,Trade Plan,,watch,short_trade_watch:คุณภาพจังหวะเข้าไม่ครบสำหรับ short trade,,,,,,,,,,,,,,,,,,,,,,,,,,,,,,,,,,,,Watch Only,watch,คุณภาพจังหวะเข้าไม่ครบสำหรับ short trade,-2.0,True,,,,,,,,,62653.19921875,61713.40123046875,,,None,SELL,82.03255560146567,"CDC ยังหนุนขาขึ้น, เพิ่งมี VixFix spike ฝั่ง panic low และโมเมนตัมเริ่มฟื้น",6,,,,,,,,,,,,,,,,42.0,False,69.0,66.71461986105174,95.0,,0.0,CDCVIX15|BTC-USD|BUY|2026-06-07 18:30,"🟢 CDC+VixFix 15m BUY | BTC-USD
BTC-USD
────────────────
📍 Snapshot: ราคา 61,908.27 (+0.00%)
🧭 1H Trend: UP | STRONG | ActionZone 15m, Price Action 15m
🧪 Edge: Conf 95%
🚦 สถานะ: 🟢 เข้าได้
📝 Decision: แผนยังใกล้จุดเข้าและมี SL/TP พร้อมใช้งาน
🎯 Action: ถ้ายังไม่มีสถานะ สามารถกด BUY/Long ตามแผนได้
⚠️ Note: แต่ Forecast ยังสวนทาง ควรรอแท่งยืนยันเพิ่มหรือใช้ขนาดไม้เล็กลง
🧠 Context: Forecast SELL 82/100 | Trend ขาลง | R&gt;G 42/100 | flip 8 bars
📌 Plan: Entry 62,653.20 | SL 61,713.40 | TP1 63,593.00 | TP2 64,344.84
📏 Risk: Risk 1.11% | RR TP1 1.00R / TP2 1.80R
🧭 Level Source: actual+fallback
────────────────
🕒 เวลา: 2026-06-07 19:59
📈 TradingView"
51489b5a2c3d931a,2026-06-07 19:59:23,CDCVIX15,LINK-USD,BUY,15m,64,A,87.5,เข้าได้ตามแผนหลัก แต่ยังต้องเคารพ SL และจังหวะเข้า,,95.0,113.12,False,,Trade Plan,,watch,short_trade_watch:คุณภาพจังหวะเข้าไม่ครบสำหรับ short trade,,,,,,,,,,,,,,,,,,,,,,,,,,,,,,,,,,,,Watch Only,watch,คุณภาพจังหวะเข้าไม่ครบสำหรับ short trade,-2.0,True,,,,,,,,,7.763999938964844,7.624928780964443,,,None,BUY,68.24896561622413,"CDC ยังหนุนขาขึ้น, เพิ่งมี VixFix spike ฝั่ง panic low และโมเมนตัมเริ่มฟื้น",6,,,,,,,,,,,,,,,,67.64979312324482,False,69.0,66.71461986105174,95.0,,0.0,CDCVIX15|LINK-USD|BUY|2026-06-07 18:30,"🟢 CDC+VixFix 15m BUY | LINK-USD
LINK-USD
────────────────
📍 Snapshot: ราคา 7.69 (+0.00%)
🧭 1H Trend: UP | STRONG | ActionZone 15m, Price Action 15m
🧪 Edge: Conf 95%
🚦 สถานะ: 🟢 เข้าได้
📝 Decision: แผนยังใกล้จุดเข้าและมี SL/TP พร้อมใช้งาน
🎯 Action: ถ้ายังไม่มีสถานะ สามารถกด BUY/Long ตามแผนได้
⚠️ Note: ถ้ามี Short เดิม ควรปิด Short ก่อนแล้วค่อยเปิด BUY
🧠 Context: Forecast BUY 68/100 | Trend ขาขึ้น | R&gt;G 68/100 | flip 7 bars
📌 Plan: Entry 7.76 | SL 7.62 | TP1 7.90 | TP2 8.01
📏 Risk: Risk 1.33% | RR TP1 1.00R / TP2 1.80R
🧭 Level Source: actual+fallback
────────────────
🕒 เวลา: 2026-06-07 19:59
📈 TradingView"
4d51cec0d138a3cf,2026-06-07 21:55:33,CDCVIX15,TRX-USD,BUY,15m,64,B,80.8,เข้าได้ แต่ควรลดขนาดไม้ลงเล็กน้อยหากราคาเริ่มไล่ห่าง,,83.76113045326306,98.2337417577957,False,,Trade Plan,,entry,cdc_fresh_signal,,,,,,,,,,,,,,,,,,,,,,,,,,,,,,,,,,,,Premium Entry,premium_entry,"เทรนด์ตรง, RR ดี, สัญญาณสด และคุณภาพเข้าเด่น",5.0,True,,,,,,,,,0.3285577595233917,0.32362939313054084,,,Bullish Engulfing,BUY,75.87043484421024,"CDC ยังหนุนขาขึ้น, เพิ่งมี VixFix spike ฝั่ง panic low และโมเมนตัมเริ่มฟื้น",3,,,,,,,,,,,,,,,,95.0,False,69.0,66.62336938539705,83.76113045326306,,0.0,CDCVIX15|TRX-USD|BUY|2026-06-07 21:15,"🟢 CDC+VixFix 15m BUY | TRX-USD
TRX-USD
────────────────
📍 Snapshot: ราคา 0.328451 (+0.00%)
🧭 1H Trend: UP | STRONG | ActionZone 15m, Price Action 15m
🧪 Edge: Conf 84%
🚦 สถานะ: 🟢 เข้าได้
📝 Decision: แผนยังใกล้จุดเข้าและมี SL/TP พร้อมใช้งาน
🎯 Action: ถ้ายังไม่มีสถานะ สามารถกด BUY/Long ตามแผนได้
⚠️ Note: ถ้ามี Short เดิม ควรปิด Short ก่อนแล้วค่อยเปิด BUY
🧠 Context: Forecast BUY 76/100 | Trend ขาขึ้น | R&gt;G 95/100 | flip 4 bars
📌 Plan: Entry 0.328558 | SL 0.323629 | TP1 0.333486 | TP2 0.337429
📏 Risk: Risk 1.23% | RR TP1 1.00R / TP2 1.80R
🧭 Level Source: actual+fallback
────────────────
🕒 เวลา: 2026-06-07 21:55
📈 TradingView"
55ed91eefd60406c,2026-06-08 05:45:08,CDCVIX15,BTC-USD,BUY,15m,64,A,87.5,เข้าได้ตามแผนหลัก แต่ยังต้องเคารพ SL และจังหวะเข้า,,95.0,103.04,False,,Trade Plan,,entry,cdc_fresh_signal,,,,,,,,,,,,,,,,,,,,,,,,,,,,,,,,,,,,Premium Entry,premium_entry,"เทรนด์ตรง, RR ดี, สัญญาณสด และคุณภาพเข้าเด่น",5.0,True,,,,,,,,,63527.73046875,61553.21555524554,,,Bullish Pinbar,BUY,83.44311954320636,"CDC ยังหนุนขาขึ้น, เพิ่งมี VixFix spike ฝั่ง panic low และโมเมนตัมเริ่มฟื้น",3,,,,,,,,,,,,,,,,95.0,False,69.0,67.12932821510583,95.0,,0.0,CDCVIX15|BTC-USD|BUY|2026-06-08 05:00,"🟢 CDC+VixFix 15m BUY | BTC-USD
BTC-USD
────────────────
📍 Snapshot: ราคา 63,121.65 (+0.00%)
🧭 1H Trend: UP | STRONG | ActionZone 15m, Price Action 15m
🧪 Edge: Conf 95%
🚦 สถานะ: 🟢 เข้าได้
📝 Decision: แผนยังใกล้จุดเข้าและมี SL/TP พร้อมใช้งาน
🎯 Action: ถ้ายังไม่มีสถานะ สามารถกด BUY/Long ตามแผนได้
⚠️ Note: ถ้ามี Short เดิม ควรปิด Short ก่อนแล้วค่อยเปิด BUY
🧠 Context: Forecast BUY 83/100 | Trend ขาขึ้น | R&gt;G 95/100 | flip 3 bars
📌 Plan: Entry 63,527.73 | SL 61,553.22 | TP1 65,502.25 | TP2 67,081.86
📏 Risk: Risk 2.55% | RR TP1 1.00R / TP2 1.80R
🧭 Level Source: actual+fallback
────────────────
🕒 เวลา: 2026-06-08 05:45
📈 TradingView"
9300a5a9f9952c0f,2026-06-08 05:45:09,CDCVIX15,BNB-USD,BUY,15m,64,A,87.5,เข้าได้ตามแผนหลัก แต่ยังต้องเคารพ SL และจังหวะเข้า,,95.0,103.04,False,,Trade Plan,,entry,cdc_fresh_signal,,,,,,,,,,,,,,,,,,,,,,,,,,,,,,,,,,,,Premium Entry,premium_entry,"เทรนด์ตรง, RR ดี, สัญญาณสด และคุณภาพเข้าเด่น",5.0,True,,,,,,,,,603.2899780273438,592.219970703125,,,None,BUY,84.61107497955233,"CDC ยังหนุนขาขึ้น, เพิ่งมี VixFix spike ฝั่ง panic low และโมเมนตัมเริ่มฟื้น",2,,,,,,,,,,,,,,,,74.0,True,69.0,67.12932821510583,95.0,,0.0,CDCVIX15|BNB-USD|BUY|2026-06-08 05:15,"🟢 CDC+VixFix 15m BUY | BNB-USD
BNB-USD
────────────────
📍 Snapshot: ราคา 605.55 (+0.00%)
🧭 1H Trend: UP | STRONG | ActionZone 15m, Price Action 15m
🧪 Edge: Conf 95%
🚦 สถานะ: 🟢 เข้าได้
📝 Decision: แผนยังใกล้จุดเข้าและมี SL/TP พร้อมใช้งาน
🎯 Action: ถ้ายังไม่มีสถานะ สามารถกด BUY/Long ตามแผนได้
⚠️ Note: ถ้ามี Short เดิม ควรปิด Short ก่อนแล้วค่อยเปิด BUY
🧠 Context: Forecast BUY 85/100 | Trend ขาขึ้น | R&gt;G 74/100 | flip 4 bars | reclaim
📌 Plan: Entry 603.29 | SL 592.22 | TP1 614.36 | TP2 623.22
📏 Risk: Risk 1.36% | RR TP1 1.00R / TP2 1.80R
🧭 Level Source: actual+fallback
────────────────
🕒 เวลา: 2026-06-08 05:45
📈 TradingView"
c7f07e0da7a3dcf6,2026-06-08 19:48:45,CDCVIX15,BTC-USD,BUY,15m,64,A,87.5,เข้าได้ตามแผนหลัก แต่ยังต้องเคารพ SL และจังหวะเข้า,,95.0,113.12,False,,Trade Plan,,entry,cdc_fresh_signal,,,,,,,,,,,,,,,,,,,,,,,,,,,,,,,,,,,,Premium Entry,premium_entry,"เทรนด์ตรง, RR ดี, สัญญาณสด และคุณภาพเข้าเด่น",5.0,True,,,,,,,,,63535.859375,62582.821484375,,,None,BUY,92.0,"CDC ยังหนุนขาขึ้น, เพิ่งมี VixFix spike ฝั่ง panic low และโมเมนตัมเริ่มฟื้น",1,,,,,,,,,,,,,,,,93.0,False,69.0,67.70819051155857,95.0,,0.0,CDCVIX15|BTC-USD|BUY|2026-06-08 19:45,"🟢 CDC+VixFix 15m BUY | BTC-USD
BTC-USD
────────────────
📍 Snapshot: ราคา 63,542.24 (+0.00%)
🧭 1H Trend: UP | STRONG | ActionZone 15m, Price Action 15m
🧪 Edge: Conf 95%
🚦 สถานะ: 🟢 เข้าได้
📝 Decision: แผนยังใกล้จุดเข้าและมี SL/TP พร้อมใช้งาน
🎯 Action: ถ้ายังไม่มีสถานะ สามารถกด BUY/Long ตามแผนได้
⚠️ Note: ถ้ามี Short เดิม ควรปิด Short ก่อนแล้วค่อยเปิด BUY
🧠 Context: Forecast BUY 92/100 | Trend ขาขึ้น | R&gt;G 93/100 | flip 2 bars
📌 Plan: Entry 63,535.86 | SL 62,582.82 | TP1 64,679.50 | TP2 65,537.24
📏 Risk: Risk 1.11% | RR TP1 1.20R / TP2 2.10R
🧭 Level Source: actual+fallback
────────────────
🕒 เวลา: 2026-06-08 19:48
📈 TradingView"
feddf92889657a9d,2026-06-08 19:48:46,CDCVIX15,NEAR-USD,BUY,15m,64,A,87.5,เข้าได้ตามแผนหลัก แต่ยังต้องเคารพ SL และจังหวะเข้า,,95.0,113.12,False,,Trade Plan,,entry,cdc_fresh_signal,,,,,,,,,,,,,,,,,,,,,,,,,,,,,,,,,,,,Premium Entry,premium_entry,"เทรนด์ตรง, RR ดี, สัญญาณสด และคุณภาพเข้าเด่น",5.0,True,,,,,,,,,2.1700000762939453,2.0907142843518938,,,Bullish Pinbar,BUY,92.0,"CDC ยังหนุนขาขึ้น, เพิ่งมี VixFix spike ฝั่ง panic low และโมเมนตัมเริ่มฟื้น",2,,,,,,,,,,,,,,,,95.0,True,69.0,67.70819051155857,95.0,,0.0,CDCVIX15|NEAR-USD|BUY|2026-06-08 19:30,"🟢 CDC+VixFix 15m BUY | NEAR-USD
NEAR-USD
────────────────
📍 Snapshot: ราคา 2.17 (+0.00%)
🧭 1H Trend: UP | STRONG | ActionZone 15m, Price Action 15m
🧪 Edge: Conf 95%
🚦 สถานะ: 🟢 เข้าได้
📝 Decision: แผนยังใกล้จุดเข้าและมี SL/TP พร้อมใช้งาน
🎯 Action: ถ้ายังไม่มีสถานะ สามารถกด BUY/Long ตามแผนได้
⚠️ Note: ถ้ามี Short เดิม ควรปิด Short ก่อนแล้วค่อยเปิด BUY
🧠 Context: Forecast BUY 92/100 | Trend ขาขึ้น | R&gt;G 95/100 | flip 3 bars | reclaim
📌 Plan: Entry 2.17 | SL 2.09 | TP1 2.25 | TP2 2.31
📏 Risk: Risk 2.70% | RR TP1 1.00R / TP2 1.80R
🧭 Level Source: actual+fallback
────────────────
🕒 เวลา: 2026-06-08 19:48
📈 TradingView"
3cb9dce163377276,2026-06-08 23:31:32,CDCVIX15,ADA-USD,BUY,15m,64,A,87.5,เข้าได้ตามแผนหลัก แต่ยังต้องเคารพ SL และจังหวะเข้า,,95.0,103.04,False,,Trade Plan,,watch,short_trade_watch:คุณภาพจังหวะเข้าไม่ครบสำหรับ short trade,,,,,,,,,,,,,,,,,,,,,,,,,,,,,,,,,,,,Watch Only,watch,คุณภาพจังหวะเข้าไม่ครบสำหรับ short trade,-2.0,True,,,,,,,,,0.1695999950170517,0.16574285392250335,,,Bullish Pinbar,BUY,92.0,"CDC ยังหนุนขาขึ้น, เพิ่งมี VixFix spike ฝั่ง panic low และโมเมนตัมเริ่มฟื้น",5,,,,,,,,,,,,,,,,71.0,True,69.0,66.78409756429613,95.0,,0.0,CDCVIX15|ADA-USD|BUY|2026-06-08 22:30,"🟢 CDC+VixFix 15m BUY | ADA-USD
ADA-USD
────────────────
📍 Snapshot: ราคา 0.171000 (+0.00%)
🧭 1H Trend: UP | STRONG | ActionZone 15m, Price Action 15m
🧪 Edge: Conf 95%
🚦 สถานะ: 🟢 เข้าได้
📝 Decision: แผนยังใกล้จุดเข้าและมี SL/TP พร้อมใช้งาน
🎯 Action: ถ้ายังไม่มีสถานะ สามารถกด BUY/Long ตามแผนได้
⚠️ Note: ถ้ามี Short เดิม ควรปิด Short ก่อนแล้วค่อยเปิด BUY
🧠 Context: Forecast BUY 92/100 | Trend ขาขึ้น | R&gt;G 71/100 | flip 11 bars | reclaim
📌 Plan: Entry 0.169600 | SL 0.165743 | TP1 0.173457 | TP2 0.176543
📏 Risk: Risk 1.68% | RR TP1 1.00R / TP2 1.80R
🧭 Level Source: actual+fallback
────────────────
🕒 เวลา: 2026-06-08 23:31
📈 TradingView"
80ecd25b3cbe4244,2026-06-08 23:46:06,CDCVIX15,ADA-USD,BUY,15m,64,A,87.5,เข้าได้ตามแผนหลัก แต่ยังต้องเคารพ SL และจังหวะเข้า,,95.0,103.04,False,,Trade Plan,,watch,short_trade_watch:คุณภาพจังหวะเข้าไม่ครบสำหรับ short trade,,,,,,,,,,,,,,,,,,,,,,,,,,,,,,,,,,,,Watch Only,watch,คุณภาพจังหวะเข้าไม่ครบสำหรับ short trade,-2.0,True,,,,,,,,,0.1695999950170517,0.16539999736206873,,,Bullish Pinbar,BUY,90.59069845580927,"CDC ยังหนุนขาขึ้น, เพิ่งมี VixFix spike ฝั่ง panic low และโมเมนตัมเริ่มฟื้น",5,,,,,,,,,,,,,,,,71.0,True,69.0,66.81689274738699,95.0,,0.0,CDCVIX15|ADA-USD|BUY|2026-06-08 22:30,"🟢 CDC+VixFix 15m BUY | ADA-USD
ADA-USD
────────────────
📍 Snapshot: ราคา 0.169700 (+0.00%)
🧭 1H Trend: UP | STRONG | ActionZone 15m, Price Action 15m
🧪 Edge: Conf 95%
🚦 สถานะ: 🟢 เข้าได้
📝 Decision: แผนยังใกล้จุดเข้าและมี SL/TP พร้อมใช้งาน
🎯 Action: ถ้ายังไม่มีสถานะ สามารถกด BUY/Long ตามแผนได้
⚠️ Note: ถ้ามี Short เดิม ควรปิด Short ก่อนแล้วค่อยเปิด BUY
🧠 Context: Forecast BUY 91/100 | Trend ขาขึ้น | R&gt;G 71/100 | flip 11 bars | reclaim
📌 Plan: Entry 0.169600 | SL 0.165400 | TP1 0.173800 | TP2 0.177160
📏 Risk: Risk 1.83% | RR TP1 1.00R / TP2 1.80R
🧭 Level Source: actual+fallback
────────────────
🕒 เวลา: 2026-06-08 23:46
📈 TradingView"
d41f70d7f637ec45,2026-06-09 04:20:40,CDCVIX15,ETH-USD,BUY,15m,64,B,84.2,เข้าได้ แต่ควรลดขนาดไม้ลงเล็กน้อยหากราคาเริ่มไล่ห่าง,,86.93123309326253,95.61673444580154,False,,Trade Plan,,entry,cdc_fresh_signal,,,,,,,,,,,,,,,,,,,,,,,,,,,,,,,,,,,,Premium Entry,premium_entry,"เทรนด์ตรง, RR ดี, สัญญาณสด และคุณภาพเข้าเด่น",5.0,True,,,,,,,,,1686.8599853515625,1661.557085571289,,,None,BUY,86.43744364420846,"CDC ยังหนุนขาขึ้น, เพิ่งมี VixFix spike ฝั่ง panic low และโมเมนตัมเริ่มฟื้น",4,,,,,,,,,,,,,,,,95.0,True,69.0,67.50460848463594,86.93123309326253,,0.0,CDCVIX15|ETH-USD|BUY|2026-06-09 03:30,"🟢 CDC+VixFix 15m BUY | ETH-USD
ETH-USD
────────────────
📍 Snapshot: ราคา 1,708.00 (+0.00%)
🧭 1H Trend: UP | STRONG | ActionZone 15m, Price Action 15m
🧪 Edge: Conf 87%
🚦 สถานะ: 🟢 เข้าได้
📝 Decision: แผนยังใกล้จุดเข้าและมี SL/TP พร้อมใช้งาน
🎯 Action: ถ้ายังไม่มีสถานะ สามารถกด BUY/Long ตามแผนได้
⚠️ Note: ถ้ามี Short เดิม ควรปิด Short ก่อนแล้วค่อยเปิด BUY
🧠 Context: Forecast BUY 86/100 | Trend ขาขึ้น | R&gt;G 95/100 | flip 4 bars | reclaim
📌 Plan: Entry 1,686.86 | SL 1,661.56 | TP1 1,712.16 | TP2 1,732.41
📏 Risk: Risk 1.11% | RR TP1 1.00R / TP2 1.80R
🧭 Level Source: actual+fallback
────────────────
🕒 เวลา: 2026-06-09 04:20
📈 TradingView"
da22e4893b10c413,2026-06-09 07:01:47,CDCVIX15,ETH-USD,BUY,15m,64,B,80.8,เข้าได้ แต่ควรลดขนาดไม้ลงเล็กน้อยหากราคาเริ่มไล่ห่าง,,83.74175552422521,98.21417307946747,False,,Trade Plan,,entry,cdc_fresh_signal,,,,,,,,,,,,,,,,,,,,,,,,,,,,,,,,,,,,Premium Entry,premium_entry,"เทรนด์ตรง, RR ดี, สัญญาณสด และคุณภาพเข้าเด่น",5.0,True,,,,,,,,,1686.8699951171875,1661.5669451904296,,,Bullish Engulfing,BUY,75.80585174741736,"CDC ยังหนุนขาขึ้น, เพิ่งมี VixFix spike ฝั่ง panic low และโมเมนตัมเริ่มฟื้น",4,,,,,,,,,,,,,,,,91.16117034948347,False,69.0,67.42493442304696,83.74175552422521,,0.0,CDCVIX15|ETH-USD|BUY|2026-06-09 03:30,"🟢 CDC+VixFix 15m BUY | ETH-USD
ETH-USD
────────────────
📍 Snapshot: ราคา 1,688.50 (+0.00%)
🧭 1H Trend: UP | STRONG | ActionZone 15m, Price Action 15m
🧪 Edge: Conf 84%
🚦 สถานะ: 🟢 เข้าได้
📝 Decision: แผนยังใกล้จุดเข้าและมี SL/TP พร้อมใช้งาน
🎯 Action: ถ้ายังไม่มีสถานะ สามารถกด BUY/Long ตามแผนได้
⚠️ Note: ถ้ามี Short เดิม ควรปิด Short ก่อนแล้วค่อยเปิด BUY
🧠 Context: Forecast BUY 76/100 | Trend ขาขึ้น | R&gt;G 91/100 | flip 4 bars | follow-through
📌 Plan: Entry 1,686.87 | SL 1,661.57 | TP1 1,712.17 | TP2 1,732.42
📏 Risk: Risk 1.11% | RR TP1 1.00R / TP2 1.80R
🧭 Level Source: actual+fallback
────────────────
🕒 เวลา: 2026-06-09 07:01
📈 TradingView"
fbe438207e785f8a,2026-06-09 11:33:19,CDCVIX15,LINK-USD,SELL,15m,64,A,87.5,เข้าได้ตามแผนหลัก แต่ยังต้องเคารพ SL และจังหวะเข้า,,91.0,110.91999999999999,False,,Trade Plan,,watch,"cdc_stretched:d_pct=2.5151786168993073,d_r=2.3887962547944706",,,,,,,,,,,,,,,,,,,,,,,,,,,,,,,,,,,,Watch Only,watch,เป็นแผนเฝ้ารอจังหวะ ไม่ใช่ entry ทันที,-2.0,True,,,,,,,,,8.071000099182129,7.986020030975342,,,None,SELL,92.0,"แนวโน้มสั้นอ่อนแรง, โซน CDC กลับเป็นลบ และโมเมนตัมเอนลง",23,,,,,,,,,,,,,,,,56.0,False,69.0,66.56183735388474,91.0,,0.0,CDCVIX15|LINK-USD|SELL|2026-06-09 06:00,"🔴 CDC+VixFix 15m SELL | LINK-USD
LINK-USD
────────────────
📍 Snapshot: ราคา 7.87 (+0.00%)
🧭 1H Trend: UP | STRONG | ActionZone 15m, Price Action 15m
🧪 Edge: Conf 91%
🚦 สถานะ: 🟡 รอ
📝 Decision: ราคาห่างจากจุดเข้า 2.52% แล้ว ไม่ควรไล่ราคา
🎯 Action: สามารถกด SELL/Short ตามแผนได้ หรือใช้เป็นสัญญาณปิด BUY เดิมก่อน
⚠️ Note: ไม่ควรไล่ Short ถ้าราคายังไม่หลุดจุดยืนยันหรือระยะห่างจากจุดเข้าเริ่มกว้าง
🧠 Context: Forecast SELL 92/100 | Trend ขาลง | R&gt;G 56/100 | flip 23 bars
📌 Plan: Entry 8.07 | SL 7.99 | TP1 7.97 | TP2 7.89
📏 Risk: Risk 0.78% | RR TP1 1.20R / TP2 2.10R
🧭 Level Source: actual+fallback
────────────────
🕒 เวลา: 2026-06-09 11:33
📈 TradingView"
d9fce2bf9b4e2bf6,2026-06-11 16:20:32,CDCVIX15,BNB-USD,BUY,15m,64,A,87.5,เข้าได้ตามแผนหลัก แต่ยังต้องเคารพ SL และจังหวะเข้า,,91.38824752971087,99.71718772733401,False,,Trade Plan,,watch,short_trade_watch:คุณภาพจังหวะเข้าไม่ครบสำหรับ short trade,Neutral,neutral,AI มองเป็นตัวกลาง ใช้ประกอบการตัดสินใจกับ score เดิม ไม่ใช่คำสั่งเข้าเอง,0.5155422261271299,0.05076123370448904,0.0,scored,ok,,,,,,,,,,,,,,,,,,,,,,,,,,,,Watch Only,watch,คุณภาพจังหวะเข้าไม่ครบสำหรับ short trade,-1.0,True,,,,,,,,,600.6900024414062,591.6796524047852,,,None,BUY,74.62749176570291,"CDC ยังหนุนขาขึ้น, เพิ่งมี VixFix spike ฝั่ง panic low และโมเมนตัมเริ่มฟื้น",6,,,,,,,,,,,,,,,,61.92549835314058,True,66.0,63.25505657487869,91.38824752971087,,0.0,CDCVIX15|BNB-USD|BUY|2026-06-11 15:00,"🟢 CDC+VixFix 15m BUY | BNB-USD
BNB-USD
────────────────
📍 Snapshot: ราคา 598.30 (+0.00%)
🧭 1H Trend: UP | STRONG | ActionZone 15m, Price Action 15m
🧪 Edge: Conf 91%
🚦 สถานะ: 🟢 เข้าได้
📝 Decision: แผนยังใกล้จุดเข้าและมี SL/TP พร้อมใช้งาน
🎯 Action: ถ้ายังไม่มีสถานะ สามารถกด BUY/Long ตามแผนได้
⚠️ Note: ถ้ามี Short เดิม ควรปิด Short ก่อนแล้วค่อยเปิด BUY
🧠 Context: Forecast BUY 75/100 | Trend ขาขึ้น | R&gt;G 62/100 | flip 34 bars | reclaim
📌 Plan: Entry 600.69 | SL 591.68 | TP1 611.50 | TP2 619.61
📏 Risk: Risk 1.68% | RR TP1 1.20R / TP2 2.10R
🧭 Level Source: actual+fallback
────────────────
🕒 เวลา: 2026-06-11 16:20
📈 TradingView
🤖 AI: Neutral | ใช้ประกอบการตัดสินใจร่วมกับแผนหลัก | pWin 52% | Exp +0.05%"
9c3babf2451c857d,2026-06-11 20:00:06,CDCVIX15,BTC-USD,BUY,15m,64,A,87.5,เข้าได้ตามแผนหลัก แต่ยังต้องเคารพ SL และจังหวะเข้า,,95.0,103.04,False,,Trade Plan,,entry,cdc_fresh_signal,Neutral,neutral,AI มองเป็นตัวกลาง ใช้ประกอบการตัดสินใจกับ score เดิม ไม่ใช่คำสั่งเข้าเอง,0.4865071956498869,-0.6971628802763667,0.0,scored,ok,,,,,,,,,,,,,,,,,,,,,,,,,,,,Premium Entry,premium_entry,"เทรนด์ตรง, RR ดี, สัญญาณสด และคุณภาพเข้าเด่น",5.0,True,,,,,,,,,62948.26171875,62004.03779296875,,,None,BUY,92.0,"CDC ยังหนุนขาขึ้น, เพิ่งมี VixFix spike ฝั่ง panic low และโมเมนตัมเริ่มฟื้น",0,,,,,,,,,,,,,,,,95.0,False,66.0,64.34535772334328,95.0,,0.0,CDCVIX15|BTC-USD|BUY|2026-06-11 19:59,"🟢 CDC+VixFix 15m BUY | BTC-USD
BTC-USD
────────────────
📍 Snapshot: ราคา 62,948.26 (+0.00%)
🧭 1H Trend: UP | STRONG | ActionZone 15m, Price Action 15m
🧪 Edge: Conf 95%
🚦 สถานะ: 🟢 เข้าได้
📝 Decision: แผนยังใกล้จุดเข้าและมี SL/TP พร้อมใช้งาน
🎯 Action: ถ้ายังไม่มีสถานะ สามารถกด BUY/Long ตามแผนได้
⚠️ Note: ถ้ามี Short เดิม ควรปิด Short ก่อนแล้วค่อยเปิด BUY
🧠 Context: Forecast BUY 92/100 | Trend ขาขึ้น | R&gt;G 95/100 | flip 1 bars
📌 Plan: Entry 62,948.26 | SL 62,004.04 | TP1 64,081.33 | TP2 64,931.13
📏 Risk: Risk 1.23% | RR TP1 1.20R / TP2 2.10R
🧭 Level Source: actual+fallback
────────────────
🕒 เวลา: 2026-06-11 20:00
📈 TradingView
🤖 AI: Neutral | ใช้ประกอบการตัดสินใจร่วมกับแผนหลัก | pWin 49% | Exp -0.70%"
66b6db78fbeddabc,2026-06-11 21:44:25,CDCVIX15,SOL-USD,BUY,15m,64,A,87.5,เข้าได้ตามแผนหลัก แต่ยังต้องเคารพ SL และจังหวะเข้า,,95.0,113.12,False,,Trade Plan,,watch,short_trade_watch:AI ยังไม่มั่นใจพอสำหรับ short entry,Low-Conviction,low_conviction,AI ยังไม่มั่นใจพอ ควรลดอันดับและรอการยืนยันเพิ่ม ไม่ได้แปลว่าต้องเข้าทันที,0.39602611220878664,-1.8960240811455409,-2.5,scored,ok,ยังไม่มีผล,error,The truth value of an array with more than one element is ambiguous. Use a.any() or a.all(),,,,,,,,,,,,,,,,,,,,,,0.0,score_failed,The truth value of an array with more than one element is ambiguous. Use a.any() or a.all(),Watch Only,watch,AI ยังไม่มั่นใจพอสำหรับ short entry,-1.0,True,,,,,,,,,65.5199966430664,64.4507064819336,,,None,BUY,92.0,"CDC ยังหนุนขาขึ้น, เพิ่งมี VixFix spike ฝั่ง panic low และโมเมนตัมเริ่มฟื้น",0,,,,,,,,,,,,,,,,95.0,True,66.0,64.50402515203584,95.0,,0.0,CDCVIX15|SOL-USD|BUY|2026-06-11 21:44,"🟢 CDC+VixFix 15m BUY | SOL-USD
SOL-USD
────────────────
📍 Snapshot: ราคา 65.52 (+0.00%)
🧭 1H Trend: UP | STRONG | ActionZone 15m, Price Action 15m
🧪 Edge: Conf 95%
🚦 สถานะ: 🟢 เข้าได้
📝 Decision: แผนยังใกล้จุดเข้าและมี SL/TP พร้อมใช้งาน
🎯 Action: ถ้ายังไม่มีสถานะ สามารถกด BUY/Long ตามแผนได้
⚠️ Note: ถ้ามี Short เดิม ควรปิด Short ก่อนแล้วค่อยเปิด BUY
🧠 Context: Forecast BUY 92/100 | Trend ขาขึ้น | R&gt;G 95/100 | flip 2 bars | reclaim
📌 Plan: Entry 65.52 | SL 64.45 | TP1 66.59 | TP2 67.44
📏 Risk: Risk 1.34% | RR TP1 1.00R / TP2 1.80R
🧭 Level Source: actual+fallback
────────────────
🕒 เวลา: 2026-06-11 21:44
📈 TradingView
🤖 AI: Low-Conviction | เตือนว่าความมั่นใจยังต่ำ ควรรอยืนยันเพิ่ม | pWin 40% | Exp -1.90%
🧠 Entry AI: ยังไม่มีผล | The truth value of an array with more than one element is ambiguous. Use a.any() or a.all()"
bf338e4bfafd2b67,2026-06-11 21:44:26,CDCVIX15,LINK-USD,BUY,15m,64,A,86.0,เข้าได้ตามแผนหลัก แต่ยังต้องเคารพ SL และจังหวะเข้า,,88.59904658366723,106.6550370495039,False,,Trade Plan,,watch,short_trade_watch:AI ยังไม่มั่นใจพอสำหรับ short entry,Low-Conviction,low_conviction,AI ยังไม่มั่นใจพอ ควรลดอันดับและรอการยืนยันเพิ่ม ไม่ได้แปลว่าต้องเข้าทันที,0.34278195066418377,-0.6637487701588587,-2.5,scored,ok,ยังไม่มีผล,error,The truth value of an array with more than one element is ambiguous. Use a.any() or a.all(),,,,,,,,,,,,,,,,,,,,,,0.0,score_failed,The truth value of an array with more than one element is ambiguous. Use a.any() or a.all(),Watch Only,watch,AI ยังไม่มั่นใจพอสำหรับ short entry,-1.0,True,,,,,,,,,7.804999828338623,7.686714104243687,,,Bullish Engulfing,SELL,85.33015527889077,"CDC ยังหนุนขาขึ้น, เพิ่งมี VixFix spike ฝั่ง panic low และโมเมนตัมเริ่มฟื้น",4,,,,,,,,,,,,,,,,56.0,False,66.0,64.50402515203584,88.59904658366723,,0.0,CDCVIX15|LINK-USD|BUY|2026-06-11 20:45,"🟢 CDC+VixFix 15m BUY | LINK-USD
LINK-USD
────────────────
📍 Snapshot: ราคา 7.78 (+0.00%)
🧭 1H Trend: UP | STRONG | ActionZone 15m, Price Action 15m
🧪 Edge: Conf 89%
🚦 สถานะ: 🟢 เข้าได้
📝 Decision: แผนยังใกล้จุดเข้าและมี SL/TP พร้อมใช้งาน
🎯 Action: ถ้ายังไม่มีสถานะ สามารถกด BUY/Long ตามแผนได้
⚠️ Note: แต่ Forecast ยังสวนทาง ควรรอแท่งยืนยันเพิ่มหรือใช้ขนาดไม้เล็กลง
🧠 Context: Forecast SELL 85/100 | Trend ขาลง | R&gt;G 56/100 | flip 4 bars
📌 Plan: Entry 7.80 | SL 7.69 | TP1 7.92 | TP2 8.02
📏 Risk: Risk 1.24% | RR TP1 1.00R / TP2 1.80R
🧭 Level Source: actual+fallback
────────────────
🕒 เวลา: 2026-06-11 21:44
📈 TradingView
🤖 AI: Low-Conviction | เตือนว่าความมั่นใจยังต่ำ ควรรอยืนยันเพิ่ม | pWin 34% | Exp -0.66%
🧠 Entry AI: ยังไม่มีผล | The truth value of an array with more than one element is ambiguous. Use a.any() or a.all()"
08463a44e7fa4c1b,2026-06-11 21:55:14,CDCVIX15,SOL-USD,BUY,15m,64,A,87.5,เข้าได้ตามแผนหลัก แต่ยังต้องเคารพ SL และจังหวะเข้า,,95.0,113.12,False,,Trade Plan,,watch,short_trade_watch:AI ยังไม่มั่นใจพอสำหรับ short entry,Low-Conviction,low_conviction,AI ยังไม่มั่นใจพอ ควรลดอันดับและรอการยืนยันเพิ่ม ไม่ได้แปลว่าต้องเข้าทันที,0.39604392830163565,-1.8962480996470725,-2.5,scored,ok,รอ,watch,Entry AI มองว่า setup นี้ใช้เป็นแผนอ้างอิงได้ แต่ควรรอความชัดเพิ่ม,,,,,,,0.39187254243117675,0.5931506637661931,0.014976793802630138,,,,,,,,,,,,,0.0,scored,ok,Watch Only,watch,AI ยังไม่มั่นใจพอสำหรับ short entry,-1.0,True,,,,,,,,,65.55000305175781,64.48071452549526,,,None,BUY,92.0,"CDC ยังหนุนขาขึ้น, เพิ่งมี VixFix spike ฝั่ง panic low และโมเมนตัมเริ่มฟื้น",1,,,,,,,,,,,,,,,,95.0,True,66.0,64.51737261209973,95.0,,0.0,CDCVIX15|SOL-USD|BUY|2026-06-11 21:45,"🟢 CDC+VixFix 15m BUY | SOL-USD
SOL-USD
────────────────
📍 Snapshot: ราคา 65.54 (+0.00%)
🧭 1H Trend: UP | STRONG | ActionZone 15m, Price Action 15m
🧪 Edge: Conf 95%
🚦 สถานะ: 🟢 เข้าได้
📝 Decision: แผนยังใกล้จุดเข้าและมี SL/TP พร้อมใช้งาน
🎯 Action: ถ้ายังไม่มีสถานะ สามารถกด BUY/Long ตามแผนได้
⚠️ Note: ถ้ามี Short เดิม ควรปิด Short ก่อนแล้วค่อยเปิด BUY
🧠 Context: Forecast BUY 92/100 | Trend ขาขึ้น | R&gt;G 95/100 | flip 3 bars | reclaim
📌 Plan: Entry 65.55 | SL 64.48 | TP1 66.62 | TP2 67.47
📏 Risk: Risk 1.34% | RR TP1 1.00R / TP2 1.80R
🧭 Level Source: actual+fallback
────────────────
🕒 เวลา: 2026-06-11 21:55
📈 TradingView
🤖 AI: Low-Conviction | เตือนว่าความมั่นใจยังต่ำ ควรรอยืนยันเพิ่ม | pWin 40% | Exp -1.90%
🧠 Entry AI: รอ | เข้าได้ 39% | รอ 59% | ห้ามเข้า 1% | Entry AI มองว่า setup นี้ใช้เป็นแผนอ้างอิงได้ แต่ควรรอความชัดเพิ่ม"
a7aebeb8ebf99fc7,2026-06-11 21:55:14,CDCVIX15,LINK-USD,BUY,15m,64,B,78.9,เข้าได้ แต่ควรลดขนาดไม้ลงเล็กน้อยหากราคาเริ่มไล่ห่าง,,82.0,96.455,False,,Trade Plan,,watch,short_trade_watch:AI ยังไม่มั่นใจพอสำหรับ short entry,Low-Conviction,low_conviction,AI ยังไม่มั่นใจพอ ควรลดอันดับและรอการยืนยันเพิ่ม ไม่ได้แปลว่าต้องเข้าทันที,0.2807946750095875,-1.7278479152893678,-2.5,scored,ok,รอ,watch,Entry AI มองว่า setup นี้ใช้เป็นแผนอ้างอิงได้ แต่ควรรอความชัดเพิ่ม,,,,,,,0.03264771771961668,0.8385279583681724,0.12882432391221094,,,,,,,,,,,,,0.0,scored,ok,Watch Only,watch,AI ยังไม่มั่นใจพอสำหรับ short entry,-1.0,True,,,,,,,,,7.804999828338623,7.687924830913544,,,Bullish Engulfing,SELL,92.0,"CDC ยังหนุนขาขึ้น, เพิ่งมี VixFix spike ฝั่ง panic low และโมเมนตัมเริ่มฟื้น",5,,,,,,,,,,,,,,,,56.0,False,66.0,64.51737261209973,82.0,,0.0,CDCVIX15|LINK-USD|BUY|2026-06-11 20:45,"🟢 CDC+VixFix 15m BUY | LINK-USD
LINK-USD
────────────────
📍 Snapshot: ราคา 7.78 (+0.00%)
🧭 1H Trend: UP | STRONG | ActionZone 15m, Price Action 15m
🧪 Edge: Conf 82%
🚦 สถานะ: 🟢 เข้าได้
📝 Decision: แผนยังใกล้จุดเข้าและมี SL/TP พร้อมใช้งาน
🎯 Action: ถ้ายังไม่มีสถานะ สามารถกด BUY/Long ตามแผนได้
⚠️ Note: แต่ Forecast ยังสวนทาง ควรรอแท่งยืนยันเพิ่มหรือใช้ขนาดไม้เล็กลง
🧠 Context: Forecast SELL 92/100 | Trend ขาลง | R&gt;G 56/100 | flip 5 bars
📌 Plan: Entry 7.80 | SL 7.69 | TP1 7.95 | TP2 8.05
📏 Risk: Risk 1.23% | RR TP1 1.20R / TP2 2.10R
🧭 Level Source: actual+fallback
────────────────
🕒 เวลา: 2026-06-11 21:55
📈 TradingView
🤖 AI: Low-Conviction | เตือนว่าความมั่นใจยังต่ำ ควรรอยืนยันเพิ่ม | pWin 28% | Exp -1.73%
🧠 Entry AI: รอ | เข้าได้ 3% | รอ 84% | ห้ามเข้า 13% | Entry AI มองว่า setup นี้ใช้เป็นแผนอ้างอิงได้ แต่ควรรอความชัดเพิ่ม"
2690ece00904d31d,2026-06-12 08:44:17,CDCVIX15,TRX-USD,SELL,15m,64,A,87.5,เข้าได้ตามแผนหลัก แต่ยังต้องเคารพ SL และจังหวะเข้า,,91.0,110.91999999999999,False,,Trade Plan,,watch,ครบอายุ CDC เดิม แต่ตลาดยังลงต่อ ให้รอราคาใกล้จุดเข้าใหม่ก่อน,AI-Confirmed,confirmed,AI ช่วยยืนยันมุมมองของสัญญาณนี้ ใช้เพิ่มน้ำหนักการจัดอันดับได้ แต่ไม่ใช่คำสั่งเข้าเอง,0.6634540024248392,1.112444490100021,6.0,scored,ok,เข้าได้,entry,Entry AI มองว่าจุดเข้าเริ่มพร้อม ใช้เพิ่มน้ำหนักการจัดอันดับได้ แต่ยังไม่ block เอง,,,,,,,0.5102506624679535,0.48773432680596945,0.0020150107260770273,,,,,,,,,,,,,4.0,scored,ok,Watch Only,watch,เป็นแผนเฝ้ารอจังหวะ ไม่ใช่ entry ทันที,-1.0,True,,,,,,,,,0.3285577595233917,0.3199533802270889,,,None,SELL,92.0,ถือครบ 24 แท่งของแผน CDC แล้ว จึงปิดรอบเพื่อลดการยืดเยื้อ,355,,,,,,,,,,,,,,,,1.0,False,66.0,63.31794479833446,91.0,,0.0,CDCVIX15|TRX-USD|SELL|2026-06-07 21:15,"🔴 CDC+VixFix 15m SELL | TRX-USD
TRX-USD
────────────────
📍 Snapshot: ราคา 0.315225 (+0.00%)
🧭 1H Trend: DOWN | STRONG | ActionZone 15m, Price Action 15m
🧪 Edge: Conf 91%
🚦 สถานะ: 🟡 รอ
📝 Decision: ราคาห่างจากจุดเข้า 4.06% แล้ว ไม่ควรไล่ราคา
🎯 Action: ยังไม่เข้า รอราคาเข้าใกล้จุดเข้า หรือรอแท่งยืนยันก่อนค่อยเปิด SELL/Short
⚠️ Note: ครบอายุ CDC เดิม แต่ตลาดยังลงต่อ ให้รอราคาใกล้จุดเข้าใหม่ก่อน
🧠 Context: Forecast SELL 92/100 | Trend ขาลง | R&gt;G 1/100 | flip 10 bars
📌 Plan: Entry 0.328558 | SL 0.319953 | TP1 0.319953 | TP2 0.313070
📏 Risk: Risk 2.59% | RR TP1 1.00R / TP2 1.80R
🧭 Level Source: actual+fallback
────────────────
🕒 เวลา: 2026-06-12 08:44
📈 TradingView
🤖 AI: AI-Confirmed | ช่วยยืนยันมุมมอง ไม่ใช่คำสั่งเข้าเอง | pWin 66% | Exp +1.11%
🧠 Entry AI: เข้าได้ | เข้าได้ 51% | รอ 49% | ห้ามเข้า 0% | Entry AI มองว่าจุดเข้าเริ่มพร้อม ใช้เพิ่มน้ำหนักการจัดอันดับได้ แต่ยังไม่ block เอง"
98f9fc08017f53cf,2026-06-12 08:44:18,CDCVIX15,PAXG-USD,BUY,15m,64,B,83.2,เข้าได้ แต่ควรลดขนาดไม้ลงเล็กน้อยหากราคาเริ่มไล่ห่าง,,85.96879561297744,94.73129196393926,False,,Trade Plan,,watch,short_trade_watch:คุณภาพจังหวะเข้าไม่ครบสำหรับ short trade,AI-Confirmed,confirmed,AI ช่วยยืนยันมุมมองของสัญญาณนี้ ใช้เพิ่มน้ำหนักการจัดอันดับได้ แต่ไม่ใช่คำสั่งเข้าเอง,0.676629697089031,-0.5373861330134857,6.0,scored,ok,เข้าได้,entry,Entry AI มองว่าจุดเข้าเริ่มพร้อม ใช้เพิ่มน้ำหนักการจัดอันดับได้ แต่ยังไม่ block เอง,,,,,,,0.964930715338592,0.011455626809908094,0.023613657851499933,,,,,,,,,,,,,4.0,scored,ok,Watch Only,watch,คุณภาพจังหวะเข้าไม่ครบสำหรับ short trade,-1.0,True,,,,,,,,,4213.14013671875,4149.943034667969,,,Bullish Engulfing,SELL,76.56265204325814,"CDC ยังหนุนขาขึ้น, เพิ่งมี VixFix spike ฝั่ง panic low และโมเมนตัมเริ่มฟื้น",6,,,,,,,,,,,,,,,,32.312530408651625,False,66.0,63.31794479833446,85.96879561297744,,0.0,CDCVIX15|PAXG-USD|BUY|2026-06-12 07:15,"🟢 CDC+VixFix 15m BUY | PAXG-USD
PAXG-USD
────────────────
📍 Snapshot: ราคา 4,174.24 (+0.00%)
🧭 1H Trend: UP | STRONG | ActionZone 15m, Price Action 15m
🧪 Edge: Conf 86%
🚦 สถานะ: 🟢 เข้าได้
📝 Decision: แผนยังใกล้จุดเข้าและมี SL/TP พร้อมใช้งาน
🎯 Action: ถ้ายังไม่มีสถานะ สามารถกด BUY/Long ตามแผนได้
⚠️ Note: แต่ Forecast ยังสวนทาง ควรรอแท่งยืนยันเพิ่มหรือใช้ขนาดไม้เล็กลง
🧠 Context: Forecast SELL 77/100 | Trend ขาขึ้น | R&gt;G 32/100 | flip 34 bars | follow-through
📌 Plan: Entry 4,213.14 | SL 4,149.94 | TP1 4,288.98 | TP2 4,345.85
📏 Risk: Risk 1.23% | RR TP1 1.20R / TP2 2.10R
🧭 Level Source: actual+fallback
────────────────
🕒 เวลา: 2026-06-12 08:44
📈 TradingView
🤖 AI: AI-Confirmed | ช่วยยืนยันมุมมอง ไม่ใช่คำสั่งเข้าเอง | pWin 68% | Exp -0.54%
🧠 Entry AI: เข้าได้ | เข้าได้ 96% | รอ 1% | ห้ามเข้า 2% | Entry AI มองว่าจุดเข้าเริ่มพร้อม ใช้เพิ่มน้ำหนักการจัดอันดับได้ แต่ยังไม่ block เอง"
70ecf00673ad2a0e,2026-06-12 13:20:56,CDCVIX15,TRX-USD,SELL,15m,64,A,87.5,เข้าได้ตามแผนหลัก แต่ยังต้องเคารพ SL และจังหวะเข้า,,91.0,110.91999999999999,False,,Trade Plan,,watch,ครบอายุ CDC เดิม แต่ตลาดยังลงต่อและราคายังไม่ไกลจากจุดเข้าใหม่,AI-Confirmed,confirmed,AI ช่วยยืนยันมุมมองของสัญญาณนี้ ใช้เพิ่มน้ำหนักการจัดอันดับได้ แต่ไม่ใช่คำสั่งเข้าเอง,0.6472913863596054,1.329258717319409,6.0,scored,ok,เข้าได้,entry,Entry AI มองว่าจุดเข้าเริ่มพร้อม ใช้เพิ่มน้ำหนักการจัดอันดับได้ แต่ยังไม่ block เอง,,,,,,,0.5575153037722556,0.440494405902948,0.0019902903247963548,,,,,,,,,,,,,4.0,scored,ok,Watch Only,watch,เป็นแผนเฝ้ารอจังหวะ ไม่ใช่ entry ทันที,-1.0,True,,,,,,,,,0.3285577595233917,0.31758025765419007,,,None,SELL,92.0,ถือครบ 24 แท่งของแผน CDC แล้ว จึงปิดรอบเพื่อลดการยืดเยื้อ,374,,,,,,,,,,,,,,,,1.0,False,66.0,63.30823909653724,91.0,,0.0,CDCVIX15|TRX-USD|SELL|2026-06-07 21:15,"🔴 CDC+VixFix 15m SELL | TRX-USD
TRX-USD
────────────────
📍 Snapshot: ราคา 0.312887 (+0.00%)
🧭 1H Trend: DOWN | STRONG | ActionZone 15m, Price Action 15m
🧪 Edge: Conf 91%
🚦 สถานะ: 🟡 รอ
📝 Decision: ราคาห่างจากจุดเข้า 4.77% แล้ว ไม่ควรไล่ราคา
🎯 Action: โครงสร้างยังลงต่อ สามารถกด SELL/Short ตามแผนได้ถ้ารับความเสี่ยงตาม SL นี้ได้
⚠️ Note: ครบอายุ CDC เดิม แต่ตลาดยังลงต่อและราคายังไม่ไกลจากจุดเข้าใหม่
🧠 Context: Forecast SELL 92/100 | Trend ขาลง | R&gt;G 1/100 | flip 29 bars
📌 Plan: Entry 0.328558 | SL 0.317580 | TP1 0.317580 | TP2 0.308798
📏 Risk: Risk 3.31% | RR TP1 1.00R / TP2 1.80R
🧭 Level Source: actual+fallback
────────────────
🕒 เวลา: 2026-06-12 13:20
📈 TradingView
🤖 AI: AI-Confirmed | ช่วยยืนยันมุมมอง ไม่ใช่คำสั่งเข้าเอง | pWin 65% | Exp +1.33%
🧠 Entry AI: เข้าได้ | เข้าได้ 56% | รอ 44% | ห้ามเข้า 0% | Entry AI มองว่าจุดเข้าเริ่มพร้อม ใช้เพิ่มน้ำหนักการจัดอันดับได้ แต่ยังไม่ block เอง"
4e3ac4aef32419cc,2026-06-12 17:47:34,CDCVIX15,TRX-USD,SELL,15m,64,A,87.5,เข้าได้ตามแผนหลัก แต่ยังต้องเคารพ SL และจังหวะเข้า,,91.0,110.91999999999999,False,,Trade Plan,,watch,ครบอายุ CDC เดิม แต่ตลาดยังลงต่อและราคายังไม่ไกลจากจุดเข้าใหม่,AI-Confirmed,confirmed,AI ช่วยยืนยันมุมมองของสัญญาณนี้ ใช้เพิ่มน้ำหนักการจัดอันดับได้ แต่ไม่ใช่คำสั่งเข้าเอง,0.6429293722017743,1.3869776427193614,6.0,scored,ok,เข้าได้,entry,Entry AI มองว่าจุดเข้าเริ่มพร้อม ใช้เพิ่มน้ำหนักการจัดอันดับได้ แต่ยังไม่ block เอง,,,,,,,0.5699577829743196,0.42806145147056845,0.0019807655551118447,,,,,,,,,,,,,4.0,scored,ok,Watch Only,watch,เป็นแผนเฝ้ารอจังหวะ ไม่ใช่ entry ทันที,-1.0,True,,,,,,,,,0.3285577595233917,0.31694849982857703,,,None,SELL,91.72406642729248,ถือครบ 24 แท่งของแผน CDC แล้ว จึงปิดรอบเพื่อลดการยืดเยื้อ,467,,,,,,,,,,,,,,,,16.0,False,66.0,63.361420382652675,91.0,,0.0,CDCVIX15|TRX-USD|SELL|2026-06-07 21:15,"🔴 CDC+VixFix 15m SELL | TRX-USD
TRX-USD
────────────────
📍 Snapshot: ราคา 0.312265 (+0.00%)
🧭 1H Trend: DOWN | STRONG | ActionZone 15m, Price Action 15m
🧪 Edge: Conf 91%
🚦 สถานะ: 🟡 รอ
📝 Decision: ราคาห่างจากจุดเข้า 4.96% แล้ว ไม่ควรไล่ราคา
🎯 Action: โครงสร้างยังลงต่อ สามารถกด SELL/Short ตามแผนได้ถ้ารับความเสี่ยงตาม SL นี้ได้
⚠️ Note: ครบอายุ CDC เดิม แต่ตลาดยังลงต่อและราคายังไม่ไกลจากจุดเข้าใหม่
🧠 Context: Forecast SELL 92/100 | Trend ขาลง | R&gt;G 16/100 | flip 34 bars
📌 Plan: Entry 0.328558 | SL 0.316948 | TP1 0.316948 | TP2 0.307661
📏 Risk: Risk 3.50% | RR TP1 1.00R / TP2 1.80R
🧭 Level Source: actual+fallback
────────────────
🕒 เวลา: 2026-06-12 17:47
📈 TradingView
🤖 AI: AI-Confirmed | ช่วยยืนยันมุมมอง ไม่ใช่คำสั่งเข้าเอง | pWin 64% | Exp +1.39%
🧠 Entry AI: เข้าได้ | เข้าได้ 57% | รอ 43% | ห้ามเข้า 0% | Entry AI มองว่าจุดเข้าเริ่มพร้อม ใช้เพิ่มน้ำหนักการจัดอันดับได้ แต่ยังไม่ block เอง"
260066349c46ba94,2026-06-13 04:12:20,CDCVIX15,NEAR-USD,SELL,15m,64,A,87.5,เข้าได้ตามแผนหลัก แต่ยังต้องเคารพ SL และจังหวะเข้า,,91.0,110.91999999999999,False,,Trade Plan,,watch,ครบอายุ CDC เดิม แต่ตลาดยังลงต่อและราคายังไม่ไกลจากจุดเข้าใหม่,Neutral,neutral,AI มองเป็นตัวกลาง ใช้ประกอบการตัดสินใจกับ score เดิม ไม่ใช่คำสั่งเข้าเอง,0.5232697965987634,3.593053771654824,0.0,scored,ok,เข้าได้,entry,Entry AI มองว่าจุดเข้าเริ่มพร้อม ใช้เพิ่มน้ำหนักการจัดอันดับได้ แต่ยังไม่ block เอง,,,,,,,0.4826645713161092,0.5149012927253825,0.002434135958508295,,,,,,,,,,,,,4.0,scored,ok,Watch Only,watch,เป็นแผนเฝ้ารอจังหวะ ไม่ใช่ entry ทันที,-1.0,True,,,,,,,,,2.1700000762939453,2.049285650253296,,,None,SELL,92.0,ถือครบ 24 แท่งของแผน CDC แล้ว จึงปิดรอบเพื่อลดการยืดเยื้อ,419,,,,,,,,,,,,,,,,16.0,False,66.0,63.33967374497076,91.0,,0.0,CDCVIX15|NEAR-USD|SELL|2026-06-08 19:30,"🔴 CDC+VixFix 15m SELL | NEAR-USD
NEAR-USD
────────────────
📍 Snapshot: ราคา 2.00 (+0.00%)
🧭 1H Trend: DOWN | STRONG | ActionZone 15m, Price Action 15m
🧪 Edge: Conf 91%
🚦 สถานะ: 🟡 รอ
📝 Decision: ราคาห่างจากจุดเข้า 7.70% แล้ว ไม่ควรไล่ราคา
🎯 Action: โครงสร้างยังลงต่อ สามารถกด SELL/Short ตามแผนได้ถ้ารับความเสี่ยงตาม SL นี้ได้
⚠️ Note: ครบอายุ CDC เดิม แต่ตลาดยังลงต่อและราคายังไม่ไกลจากจุดเข้าใหม่
🧠 Context: Forecast SELL 92/100 | Trend ขาลง | R&gt;G 16/100 | flip 37 bars
📌 Plan: Entry 2.17 | SL 2.05 | TP1 2.05 | TP2 1.95
📏 Risk: Risk 4.84% | RR TP1 1.00R / TP2 1.80R
🧭 Level Source: actual+fallback
────────────────
🕒 เวลา: 2026-06-13 04:12
📈 TradingView
🤖 AI: Neutral | ใช้ประกอบการตัดสินใจร่วมกับแผนหลัก | pWin 52% | Exp +3.59%
🧠 Entry AI: เข้าได้ | เข้าได้ 48% | รอ 51% | ห้ามเข้า 0% | Entry AI มองว่าจุดเข้าเริ่มพร้อม ใช้เพิ่มน้ำหนักการจัดอันดับได้ แต่ยังไม่ block เอง"
ae9fafc05ed19a0f,2026-06-13 23:04:43,CDCVIX15,PAXG-USD,BUY,15m,64,A,85.4,เข้าได้ตามแผนหลัก แต่ยังต้องเคารพ SL และจังหวะเข้า,,88.0,96.60000000000001,False,,Trade Plan,,watch,short_trade_watch:คุณภาพจังหวะเข้าไม่ครบสำหรับ short trade,AI-Confirmed,confirmed,AI ช่วยยืนยันมุมมองของสัญญาณนี้ ใช้เพิ่มน้ำหนักการจัดอันดับได้ แต่ไม่ใช่คำสั่งเข้าเอง,0.7404468182708546,0.23301768213327698,6.0,scored,ok,เข้าได้,entry,Entry AI มองว่าจุดเข้าเริ่มพร้อม ใช้เพิ่มน้ำหนักการจัดอันดับได้ แต่ยังไม่ block เอง,,,,,,,0.9896988626836294,0.00875650338916641,0.0015446339272040988,,,,,,,,,,,,,4.0,scored,ok,Watch Only,watch,คุณภาพจังหวะเข้าไม่ครบสำหรับ short trade,-1.0,True,,,,,,,,,4215.52978515625,4152.296838378907,,,None,BUY,92.0,"CDC ยังหนุนขาขึ้น, เพิ่งมี VixFix spike ฝั่ง panic low และโมเมนตัมเริ่มฟื้น",5,,,,,,,,,,,,,,,,93.0,True,66.0,63.12566567170011,88.0,,0.0,CDCVIX15|PAXG-USD|BUY|2026-06-13 22:00,"🟢 CDC+VixFix 15m BUY | PAXG-USD
PAXG-USD
────────────────
📍 Snapshot: ราคา 4,216.77 (+0.00%)
🧭 1H Trend: UP | STRONG | ActionZone 15m, Price Action 15m
🧪 Edge: Conf 88%
🚦 สถานะ: 🟢 เข้าได้
📝 Decision: แผนยังใกล้จุดเข้าและมี SL/TP พร้อมใช้งาน
🎯 Action: ถ้ายังไม่มีสถานะ สามารถกด BUY/Long ตามแผนได้
⚠️ Note: ถ้ามี Short เดิม ควรปิด Short ก่อนแล้วค่อยเปิด BUY
🧠 Context: Forecast BUY 92/100 | Trend ขาขึ้น | R&gt;G 93/100 | flip 5 bars | reclaim
📌 Plan: Entry 4,215.53 | SL 4,152.30 | TP1 4,291.41 | TP2 4,348.32
📏 Risk: Risk 1.23% | RR TP1 1.20R / TP2 2.10R
🧭 Level Source: actual+fallback
────────────────
🕒 เวลา: 2026-06-13 23:04
📈 TradingView
🤖 AI: AI-Confirmed | ช่วยยืนยันมุมมอง ไม่ใช่คำสั่งเข้าเอง | pWin 74% | Exp +0.23%
🧠 Entry AI: เข้าได้ | เข้าได้ 99% | รอ 1% | ห้ามเข้า 0% | Entry AI มองว่าจุดเข้าเริ่มพร้อม ใช้เพิ่มน้ำหนักการจัดอันดับได้ แต่ยังไม่ block เอง"
a20206ffd47b8ded,2026-06-13 23:04:43,CDCVIX15,BNB-USD,BUY,15m,64,B,82.8,เข้าได้ แต่ควรลดขนาดไม้ลงเล็กน้อยหากราคาเริ่มไล่ห่าง,,85.57636185124218,94.37025290314281,False,,Trade Plan,,watch,short_trade_watch:AI ยังไม่มั่นใจพอสำหรับ short entry,Low-Conviction,low_conviction,AI ยังไม่มั่นใจพอ ควรลดอันดับและรอการยืนยันเพิ่ม ไม่ได้แปลว่าต้องเข้าทันที,0.41540130468945013,-1.0744731980389024,-2.5,scored,ok,เข้าได้,entry,Entry AI มองว่าจุดเข้าเริ่มพร้อม ใช้เพิ่มน้ำหนักการจัดอันดับได้ แต่ยังไม่ block เอง,,,,,,,0.6609278675545587,0.02609780701598936,0.31297432542945197,,,,,,,,,,,,,4.0,scored,ok,Watch Only,watch,AI ยังไม่มั่นใจพอสำหรับ short entry,-1.0,True,,,,,,,,,609.77001953125,600.6234692382812,,,Bullish Pinbar,BUY,81.92120617080727,"CDC ยังหนุนขาขึ้น, เพิ่งมี VixFix spike ฝั่ง panic low และโมเมนตัมเริ่มฟื้น",4,,,,,,,,,,,,,,,,63.0,True,66.0,63.12566567170011,85.57636185124218,,0.0,CDCVIX15|BNB-USD|BUY|2026-06-13 22:15,"🟢 CDC+VixFix 15m BUY | BNB-USD
BNB-USD
────────────────
📍 Snapshot: ราคา 609.04 (+0.00%)
🧭 1H Trend: UP | STRONG | ActionZone 15m, Price Action 15m
🧪 Edge: Conf 86%
🚦 สถานะ: 🟢 เข้าได้
📝 Decision: แผนยังใกล้จุดเข้าและมี SL/TP พร้อมใช้งาน
🎯 Action: ถ้ายังไม่มีสถานะ สามารถกด BUY/Long ตามแผนได้
⚠️ Note: ถ้ามี Short เดิม ควรปิด Short ก่อนแล้วค่อยเปิด BUY
🧠 Context: Forecast BUY 82/100 | Trend ขาขึ้น | R&gt;G 63/100 | flip 33 bars | reclaim
📌 Plan: Entry 609.77 | SL 600.62 | TP1 618.92 | TP2 626.23
📏 Risk: Risk 1.61% | RR TP1 1.00R / TP2 1.80R
🧭 Level Source: actual+fallback
────────────────
🕒 เวลา: 2026-06-13 23:04
📈 TradingView
🤖 AI: Low-Conviction | เตือนว่าความมั่นใจยังต่ำ ควรรอยืนยันเพิ่ม | pWin 42% | Exp -1.07%
🧠 Entry AI: เข้าได้ | เข้าได้ 66% | รอ 3% | ห้ามเข้า 31% | Entry AI มองว่าจุดเข้าเริ่มพร้อม ใช้เพิ่มน้ำหนักการจัดอันดับได้ แต่ยังไม่ block เอง"
65777190539ac0c2,2026-06-14 00:44:42,CDCVIX15,BTC-USD,BUY,15m,64,A,87.5,เข้าได้ตามแผนหลัก แต่ยังต้องเคารพ SL และจังหวะเข้า,,95.0,103.04,False,,Trade Plan,,entry,cdc_fresh_signal,Neutral,neutral,AI มองเป็นตัวกลาง ใช้ประกอบการตัดสินใจกับ score เดิม ไม่ใช่คำสั่งเข้าเอง,0.49726783397212926,-0.7372900174694965,0.0,scored,ok,เข้าได้,entry,Entry AI มองว่าจุดเข้าเริ่มพร้อม ใช้เพิ่มน้ำหนักการจัดอันดับได้ แต่ยังไม่ block เอง,,,,,,,0.8852750272308937,0.10592146646245677,0.008803506306649693,,,,,,,,,,,,,4.0,scored,ok,Premium Entry,premium_entry,"เทรนด์ตรง, RR ดี, สัญญาณสด และคุณภาพเข้าเด่น",5.0,True,,,,,,,,,64061.6015625,63100.6775390625,,,Bullish Engulfing,BUY,92.0,"CDC ยังหนุนขาขึ้น, เพิ่งมี VixFix spike ฝั่ง panic low และโมเมนตัมเริ่มฟื้น",0,,,,,,,,,,,,,,,,95.0,False,66.0,63.21358828341708,95.0,,0.0,CDCVIX15|BTC-USD|BUY|2026-06-14 00:44,"🟢 CDC+VixFix 15m BUY | BTC-USD
BTC-USD
────────────────
📍 Snapshot: ราคา 64,061.60 (+0.00%)
🧭 1H Trend: UP | STRONG | ActionZone 15m, Price Action 15m
🧪 Edge: Conf 95%
🚦 สถานะ: 🟢 เข้าได้
📝 Decision: แผนยังใกล้จุดเข้าและมี SL/TP พร้อมใช้งาน
🎯 Action: ถ้ายังไม่มีสถานะ สามารถกด BUY/Long ตามแผนได้
⚠️ Note: ถ้ามี Short เดิม ควรปิด Short ก่อนแล้วค่อยเปิด BUY
🧠 Context: Forecast BUY 92/100 | Trend ขาขึ้น | R&gt;G 95/100 | flip 1 bars
📌 Plan: Entry 64,061.60 | SL 63,100.68 | TP1 65,022.53 | TP2 65,791.26
📏 Risk: Risk 1.61% | RR TP1 1.00R / TP2 1.80R
🧭 Level Source: actual+fallback
────────────────
🕒 เวลา: 2026-06-14 00:44
📈 TradingView
🤖 AI: Neutral | ใช้ประกอบการตัดสินใจร่วมกับแผนหลัก | pWin 50% | Exp -0.74%
🧠 Entry AI: เข้าได้ | เข้าได้ 89% | รอ 11% | ห้ามเข้า 1% | Entry AI มองว่าจุดเข้าเริ่มพร้อม ใช้เพิ่มน้ำหนักการจัดอันดับได้ แต่ยังไม่ block เอง"
e4d87b65dd83609c,2026-06-14 00:44:43,CDCVIX15,NEAR-USD,BUY,15m,64,A,87.5,เข้าได้ตามแผนหลัก แต่ยังต้องเคารพ SL และจังหวะเข้า,,95.0,103.04,False,,Trade Plan,,watch,short_trade_watch:AI ยังไม่มั่นใจพอสำหรับ short entry,Low-Conviction,low_conviction,AI ยังไม่มั่นใจพอ ควรลดอันดับและรอการยืนยันเพิ่ม ไม่ได้แปลว่าต้องเข้าทันที,0.42602702088879474,1.7309073429740025,-2.5,scored,ok,รอ,watch,Entry AI มองว่า setup นี้ใช้เป็นแผนอ้างอิงได้ แต่ควรรอความชัดเพิ่ม,,,,,,,0.2760771325176128,0.7210269884681139,0.0028958790142732138,,,,,,,,,,,,,0.0,scored,ok,Watch Only,watch,AI ยังไม่มั่นใจพอสำหรับ short entry,-1.0,True,,,,,,,,,2.11899995803833,2.017428534371512,,,None,BUY,92.0,"CDC ยังหนุนขาขึ้น, เพิ่งมี VixFix spike ฝั่ง panic low และโมเมนตัมเริ่มฟื้น",3,,,,,,,,,,,,,,,,56.0,True,66.0,63.21358828341708,95.0,,0.0,CDCVIX15|NEAR-USD|BUY|2026-06-14 00:00,"🟢 CDC+VixFix 15m BUY | NEAR-USD
NEAR-USD
────────────────
📍 Snapshot: ราคา 2.14 (+0.00%)
🧭 1H Trend: UP | STRONG | ActionZone 15m, Price Action 15m
🧪 Edge: Conf 95%
🚦 สถานะ: 🟢 เข้าได้
📝 Decision: แผนยังใกล้จุดเข้าและมี SL/TP พร้อมใช้งาน
🎯 Action: ถ้ายังไม่มีสถานะ สามารถกด BUY/Long ตามแผนได้
⚠️ Note: ถ้ามี Short เดิม ควรปิด Short ก่อนแล้วค่อยเปิด BUY
🧠 Context: Forecast BUY 92/100 | Trend ขาขึ้น | R&gt;G 56/100 | flip 12 bars | reclaim
📌 Plan: Entry 2.12 | SL 2.02 | TP1 2.22 | TP2 2.30
📏 Risk: Risk 3.93% | RR TP1 1.00R / TP2 1.80R
🧭 Level Source: actual+fallback
────────────────
🕒 เวลา: 2026-06-14 00:44
📈 TradingView
🤖 AI: Low-Conviction | เตือนว่าความมั่นใจยังต่ำ ควรรอยืนยันเพิ่ม | pWin 43% | Exp +1.73%
🧠 Entry AI: รอ | เข้าได้ 28% | รอ 72% | ห้ามเข้า 0% | Entry AI มองว่า setup นี้ใช้เป็นแผนอ้างอิงได้ แต่ควรรอความชัดเพิ่ม"
5fb00b8d33e4889a,2026-06-14 01:58:46,CDCVIX15,BTC-USD,BUY,15m,64,B,82.7,เข้าได้ แต่ควรลดขนาดไม้ลงเล็กน้อยหากราคาเริ่มไล่ห่าง,,85.5086392304703,103.533725622775,False,,Trade Plan,,watch,short_trade_watch:AI ยังไม่มั่นใจพอสำหรับ short entry,Low-Conviction,low_conviction,AI ยังไม่มั่นใจพอ ควรลดอันดับและรอการยืนยันเพิ่ม ไม่ได้แปลว่าต้องเข้าทันที,0.29299416930101346,-2.169702436521167,-2.5,scored,ok,ห้ามเข้า,avoid,Entry AI มองว่าจุดเข้ายังไม่คุ้ม ควรลดอันดับ แต่ยังไม่ block สัญญาณอัตโนมัติ,,,,,,,0.3444747266432837,0.06522014023517435,0.590305133121542,,,,,,,,,,,,,-1.5,scored,ok,Watch Only,watch,AI ยังไม่มั่นใจพอสำหรับ short entry,-1.0,True,,,,,,,,,64242.01953125,63278.38923828125,,,None,BUY,81.69546410156765,"CDC ยังหนุนขาขึ้น, เพิ่งมี VixFix spike ฝั่ง panic low และโมเมนตัมเริ่มฟื้น",2,,,,,,,,,,,,,,,,91.0,False,66.0,63.249334862946334,85.5086392304703,,0.0,CDCVIX15|BTC-USD|BUY|2026-06-14 01:30,"🟢 CDC+VixFix 15m BUY | BTC-USD
BTC-USD
────────────────
📍 Snapshot: ราคา 64,111.28 (+0.00%)
🧭 1H Trend: UP | STRONG | ActionZone 15m, Price Action 15m
🧪 Edge: Conf 86%
🚦 สถานะ: 🟢 เข้าได้
📝 Decision: แผนยังใกล้จุดเข้าและมี SL/TP พร้อมใช้งาน
🎯 Action: ถ้ายังไม่มีสถานะ สามารถกด BUY/Long ตามแผนได้
⚠️ Note: ถ้ามี Short เดิม ควรปิด Short ก่อนแล้วค่อยเปิด BUY
🧠 Context: Forecast BUY 82/100 | Trend ขาขึ้น | R&gt;G 91/100 | flip 3 bars
📌 Plan: Entry 64,242.02 | SL 63,278.39 | TP1 65,205.65 | TP2 65,976.55
📏 Risk: Risk 1.61% | RR TP1 1.00R / TP2 1.80R
🧭 Level Source: actual+fallback
────────────────
🕒 เวลา: 2026-06-14 01:58
📈 TradingView
🤖 AI: Low-Conviction | เตือนว่าความมั่นใจยังต่ำ ควรรอยืนยันเพิ่ม | pWin 29% | Exp -2.17%
🧠 Entry AI: ห้ามเข้า | เข้าได้ 34% | รอ 7% | ห้ามเข้า 59% | Entry AI มองว่าจุดเข้ายังไม่คุ้ม ควรลดอันดับ แต่ยังไม่ block สัญญาณอัตโนมัติ"
f7125de8e33fe843,2026-06-14 04:44:15,CDCVIX15,NEAR-USD,BUY,15m,64,A,87.5,เข้าได้ตามแผนหลัก แต่ยังต้องเคารพ SL และจังหวะเข้า,,95.0,103.04,False,,Trade Plan,,entry,cdc_fresh_signal,Neutral,neutral,AI มองเป็นตัวกลาง ใช้ประกอบการตัดสินใจกับ score เดิม ไม่ใช่คำสั่งเข้าเอง,0.4877318641828874,0.976597791175151,0.0,scored,ok,เข้าได้,entry,Entry AI มองว่าจุดเข้าเริ่มพร้อม ใช้เพิ่มน้ำหนักการจัดอันดับได้ แต่ยังไม่ block เอง,,,,,,,0.5819569196320533,0.40357194666928187,0.01447113369866474,,,,,,,,,,,,,4.0,scored,ok,Premium Entry,premium_entry,"เทรนด์ตรง, RR ดี, สัญญาณสด และคุณภาพเข้าเด่น",5.0,True,,,,,,,,,2.132999897003174,2.084356886999948,,,None,BUY,92.0,"CDC ยังหนุนขาขึ้น, เพิ่งมี VixFix spike ฝั่ง panic low และโมเมนตัมเริ่มฟื้น",1,,,,,,,,,,,,,,,,95.0,True,66.0,63.166257503297274,95.0,,0.0,CDCVIX15|NEAR-USD|BUY|2026-06-14 04:30,"🟢 CDC+VixFix 15m BUY | NEAR-USD
NEAR-USD
────────────────
📍 Snapshot: ราคา 2.13 (+0.00%)
🧭 1H Trend: UP | STRONG | ActionZone 15m, Price Action 15m
🧪 Edge: Conf 95%
🚦 สถานะ: 🟢 เข้าได้
📝 Decision: แผนยังใกล้จุดเข้าและมี SL/TP พร้อมใช้งาน
🎯 Action: ถ้ายังไม่มีสถานะ สามารถกด BUY/Long ตามแผนได้
⚠️ Note: ถ้ามี Short เดิม ควรปิด Short ก่อนแล้วค่อยเปิด BUY
🧠 Context: Forecast BUY 92/100 | Trend ขาขึ้น | R&gt;G 95/100 | flip 2 bars | reclaim
📌 Plan: Entry 2.13 | SL 2.08 | TP1 2.18 | TP2 2.22
📏 Risk: Risk 1.87% | RR TP1 1.00R / TP2 1.80R
🧭 Level Source: actual+fallback
────────────────
🕒 เวลา: 2026-06-14 04:44
📈 TradingView
🤖 AI: Neutral | ใช้ประกอบการตัดสินใจร่วมกับแผนหลัก | pWin 49% | Exp +0.98%
🧠 Entry AI: เข้าได้ | เข้าได้ 58% | รอ 40% | ห้ามเข้า 1% | Entry AI มองว่าจุดเข้าเริ่มพร้อม ใช้เพิ่มน้ำหนักการจัดอันดับได้ แต่ยังไม่ block เอง"
8b3b0c47b06ff925,2026-06-14 05:47:22,CDCVIX15,TRX-USD,SELL,15m,64,A,87.5,เข้าได้ตามแผนหลัก แต่ยังต้องเคารพ SL และจังหวะเข้า,,91.0,119.18,False,,Trade Plan,,watch,ครบอายุ CDC เดิม แต่ตลาดยังลงต่อและราคายังไม่ไกลจากจุดเข้าใหม่,AI-Confirmed,confirmed,AI ช่วยยืนยันมุมมองของสัญญาณนี้ ใช้เพิ่มน้ำหนักการจัดอันดับได้ แต่ไม่ใช่คำสั่งเข้าเอง,0.628060322567418,0.7293701419938471,6.0,scored,ok,เข้าได้,entry,Entry AI มองว่าจุดเข้าเริ่มพร้อม ใช้เพิ่มน้ำหนักการจัดอันดับได้ แต่ยังไม่ block เอง,,,,,,,0.47318194424715937,0.5248451621843083,0.0019728935685322598,,,,,,,,,,,,,4.0,scored,ok,Watch Only,watch,เป็นแผนเฝ้ารอจังหวะ ไม่ใช่ entry ทันที,-1.0,True,,,,,,,,,0.3285577595233917,0.3215849095582962,,,None,SELL,92.0,ถือครบ 24 แท่งของแผน CDC แล้ว จึงปิดรอบเพื่อลดการยืดเยื้อ,535,,,,,,,,,,,,,,,,16.0,False,66.0,63.14780313366369,91.0,,0.0,CDCVIX15|TRX-USD|SELL|2026-06-07 21:15,"🔴 CDC+VixFix 15m SELL | TRX-USD
TRX-USD
────────────────
📍 Snapshot: ราคา 0.316832 (+0.00%)
🧭 1H Trend: UP | STRONG | ActionZone 15m, Price Action 15m
🧪 Edge: Conf 91%
🚦 สถานะ: 🟡 รอ
📝 Decision: ราคาห่างจากจุดเข้า 3.57% แล้ว ไม่ควรไล่ราคา
🎯 Action: โครงสร้างยังลงต่อ สามารถกด SELL/Short ตามแผนได้ถ้ารับความเสี่ยงตาม SL นี้ได้
⚠️ Note: ครบอายุ CDC เดิม แต่ตลาดยังลงต่อและราคายังไม่ไกลจากจุดเข้าใหม่
🧠 Context: Forecast SELL 92/100 | Trend ขาลง | R&gt;G 16/100 | flip 22 bars
📌 Plan: Entry 0.328558 | SL 0.321585 | TP1 0.321585 | TP2 0.316007
📏 Risk: Risk 1.85% | RR TP1 1.00R / TP2 1.80R
🧭 Level Source: actual+fallback
────────────────
🕒 เวลา: 2026-06-14 05:47
📈 TradingView
🤖 AI: AI-Confirmed | ช่วยยืนยันมุมมอง ไม่ใช่คำสั่งเข้าเอง | pWin 63% | Exp +0.73%
🧠 Entry AI: เข้าได้ | เข้าได้ 47% | รอ 52% | ห้ามเข้า 0% | Entry AI มองว่าจุดเข้าเริ่มพร้อม ใช้เพิ่มน้ำหนักการจัดอันดับได้ แต่ยังไม่ block เอง"
1bef57bf5868fb1c,2026-06-14 07:03:03,CDCVIX15,TRX-USD,SELL,15m,64,A,87.5,เข้าได้ตามแผนหลัก แต่ยังต้องเคารพ SL และจังหวะเข้า,,91.0,110.91999999999999,False,,Trade Plan,,watch,ครบอายุ CDC เดิม แต่ตลาดยังลงต่อและราคายังไม่ไกลจากจุดเข้าใหม่,AI-Confirmed,confirmed,AI ช่วยยืนยันมุมมองของสัญญาณนี้ ใช้เพิ่มน้ำหนักการจัดอันดับได้ แต่ไม่ใช่คำสั่งเข้าเอง,0.675881289453139,0.9422448242749786,6.0,scored,ok,เข้าได้,entry,Entry AI มองว่าจุดเข้าเริ่มพร้อม ใช้เพิ่มน้ำหนักการจัดอันดับได้ แต่ยังไม่ block เอง,,,,,,,0.4729702228666327,0.5250079804025083,0.0020217967308590453,,,,,,,,,,,,,4.0,scored,ok,Watch Only,watch,เป็นแผนเฝ้ารอจังหวะ ไม่ใช่ entry ทันที,-1.0,True,,,,,,,,,0.3285577595233917,0.32181628689169883,,,None,SELL,92.0,ถือครบ 24 แท่งของแผน CDC แล้ว จึงปิดรอบเพื่อลดการยืดเยื้อ,613,,,,,,,,,,,,,,,,26.0,False,66.0,63.13816417926532,91.0,,0.0,CDCVIX15|TRX-USD|SELL|2026-06-07 21:15,"🔴 CDC+VixFix 15m SELL | TRX-USD
TRX-USD
────────────────
📍 Snapshot: ราคา 0.317060 (+0.00%)
🧭 1H Trend: UP | STRONG | ActionZone 15m, Price Action 15m
🧪 Edge: Conf 91%
🚦 สถานะ: 🟡 รอ
📝 Decision: ราคาห่างจากจุดเข้า 3.50% แล้ว ไม่ควรไล่ราคา
🎯 Action: โครงสร้างยังลงต่อ สามารถกด SELL/Short ตามแผนได้ถ้ารับความเสี่ยงตาม SL นี้ได้
⚠️ Note: ครบอายุ CDC เดิม แต่ตลาดยังลงต่อและราคายังไม่ไกลจากจุดเข้าใหม่
🧠 Context: Forecast SELL 92/100 | Trend ขาลง | R&gt;G 26/100 | flip 25 bars
📌 Plan: Entry 0.328558 | SL 0.321816 | TP1 0.321816 | TP2 0.316423
📏 Risk: Risk 1.79% | RR TP1 1.00R / TP2 1.80R
🧭 Level Source: actual+fallback
────────────────
🕒 เวลา: 2026-06-14 07:03
📈 TradingView
🤖 AI: AI-Confirmed | ช่วยยืนยันมุมมอง ไม่ใช่คำสั่งเข้าเอง | pWin 68% | Exp +0.94%
🧠 Entry AI: เข้าได้ | เข้าได้ 47% | รอ 53% | ห้ามเข้า 0% | Entry AI มองว่าจุดเข้าเริ่มพร้อม ใช้เพิ่มน้ำหนักการจัดอันดับได้ แต่ยังไม่ block เอง"
b3cd969ea10923f6,2026-06-14 12:05:24,CDCVIX15,BNB-USD,BUY,15m,64,A,87.5,เข้าได้ตามแผนหลัก แต่ยังต้องเคารพ SL และจังหวะเข้า,,95.0,103.04,False,,Trade Plan,,entry,cdc_fresh_signal,Neutral,neutral,AI มองเป็นตัวกลาง ใช้ประกอบการตัดสินใจกับ score เดิม ไม่ใช่คำสั่งเข้าเอง,0.5746119528564669,0.09171648229766077,0.0,scored,ok,เข้าได้,entry,Entry AI มองว่าจุดเข้าเริ่มพร้อม ใช้เพิ่มน้ำหนักการจัดอันดับได้ แต่ยังไม่ block เอง,,,,,,,0.971957249640001,0.02541317567251496,0.0026295746874841403,,,,,,,,,,,,,4.0,scored,ok,Premium Entry,premium_entry,"เทรนด์ตรง, RR ดี, สัญญาณสด และคุณภาพเข้าเด่น",5.0,True,,,,,,,,,609.3200073242188,600.1802072143555,,,None,BUY,92.0,"CDC ยังหนุนขาขึ้น, เพิ่งมี VixFix spike ฝั่ง panic low และโมเมนตัมเริ่มฟื้น",0,,,,,,,,,,,,,,,,90.0,False,66.0,63.14750647320358,95.0,,0.0,CDCVIX15|BNB-USD|BUY|2026-06-14 12:04,"🟢 CDC+VixFix 15m BUY | BNB-USD
BNB-USD
────────────────
📍 Snapshot: ราคา 609.32 (+0.00%)
🧭 1H Trend: UP | STRONG | ActionZone 15m, Price Action 15m
🧪 Edge: Conf 95%
🚦 สถานะ: 🟢 เข้าได้
📝 Decision: แผนยังใกล้จุดเข้าและมี SL/TP พร้อมใช้งาน
🎯 Action: ถ้ายังไม่มีสถานะ สามารถกด BUY/Long ตามแผนได้
⚠️ Note: ถ้ามี Short เดิม ควรปิด Short ก่อนแล้วค่อยเปิด BUY
🧠 Context: Forecast BUY 92/100 | Trend ขาขึ้น | R&gt;G 90/100 | flip 0 bars
📌 Plan: Entry 609.32 | SL 600.18 | TP1 620.29 | TP2 628.51
📏 Risk: Risk 1.60% | RR TP1 1.20R / TP2 2.10R
🧭 Level Source: actual+fallback
────────────────
🕒 เวลา: 2026-06-14 12:05
📈 TradingView
🤖 AI: Neutral | ใช้ประกอบการตัดสินใจร่วมกับแผนหลัก | pWin 57% | Exp +0.09%
🧠 Entry AI: เข้าได้ | เข้าได้ 97% | รอ 3% | ห้ามเข้า 0% | Entry AI มองว่าจุดเข้าเริ่มพร้อม ใช้เพิ่มน้ำหนักการจัดอันดับได้ แต่ยังไม่ block เอง"
4b3512f174ed0745,2026-06-15 10:43:12,CDCVIX15,ADA-USD,BUY,15m,64,A,87.5,เข้าได้ตามแผนหลัก แต่ยังต้องเคารพ SL และจังหวะเข้า,,95.0,103.04,False,,Trade Plan,,entry,cdc_fresh_signal,Neutral,neutral,AI มองเป็นตัวกลาง ใช้ประกอบการตัดสินใจกับ score เดิม ไม่ใช่คำสั่งเข้าเอง,0.4693284448575584,1.0270435434396434,0.0,scored,ok,เข้าได้,entry,Entry AI มองว่าจุดเข้าเริ่มพร้อม ใช้เพิ่มน้ำหนักการจัดอันดับได้ แต่ยังไม่ block เอง,,,,,,,0.7490846892836452,0.20401986107963435,0.046895449636720286,,,,,,,,,,,,,4.0,scored,ok,Premium Entry,premium_entry,"เทรนด์ตรง, RR ดี, สัญญาณสด และคุณภาพเข้าเด่น",5.0,True,,,,,,,,,0.18129999935626984,0.17677857407501765,,,Bullish Pinbar,BUY,92.0,"CDC ยังหนุนขาขึ้น, เพิ่งมี VixFix spike ฝั่ง panic low และโมเมนตัมเริ่มฟื้น",0,,,,,,,,,,,,,,,,94.0,True,66.0,63.506562790984425,95.0,,0.0,CDCVIX15|ADA-USD|BUY|2026-06-15 10:42,"🟢 CDC+VixFix 15m BUY | ADA-USD
ADA-USD
────────────────
📍 Snapshot: ราคา 0.181300 (+0.00%)
🧭 1H Trend: UP | STRONG | ActionZone 15m, Price Action 15m
🧪 Edge: Conf 95%
🚦 สถานะ: 🟢 เข้าได้
📝 Decision: แผนยังใกล้จุดเข้าและมี SL/TP พร้อมใช้งาน
🎯 Action: ถ้ายังไม่มีสถานะ สามารถกด BUY/Long ตามแผนได้
⚠️ Note: ถ้ามี Short เดิม ควรปิด Short ก่อนแล้วค่อยเปิด BUY
🧠 Context: Forecast BUY 92/100 | Trend ขาขึ้น | R&gt;G 94/100 | flip 3 bars | reclaim
📌 Plan: Entry 0.181300 | SL 0.176779 | TP1 0.185821 | TP2 0.189439
📏 Risk: Risk 2.04% | RR TP1 1.00R / TP2 1.80R
🧭 Level Source: actual+fallback
────────────────
🕒 เวลา: 2026-06-15 10:43
📈 TradingView
🤖 AI: Neutral | p(win) 47% | exp +1.03%
🧠 Entry AI: เข้าได้ | p(entry) 75% | p(avoid) 5%"
b68a2a79204b1f96,2026-06-15 16:47:19,CDCVIX15,TRX-USD,BUY,15m,64,B,82.7,เข้าได้ แต่ควรลดขนาดไม้ลงเล็กน้อยหากราคาเริ่มไล่ห่าง,,85.5565359113948,94.35201303848322,False,,Trade Plan,,watch,short_trade_watch:AI ยังไม่มั่นใจพอสำหรับ short entry,Low-Conviction,low_conviction,AI ยังไม่มั่นใจพอ ควรลดอันดับและรอการยืนยันเพิ่ม ไม่ได้แปลว่าต้องเข้าทันที,0.4212222133397994,-2.0263225799533213,-2.5,scored,ok,เข้าได้,entry,Entry AI มองว่าจุดเข้าเริ่มพร้อม ใช้เพิ่มน้ำหนักการจัดอันดับได้ แต่ยังไม่ block เอง,,,,,,,0.9913530839936939,0.0015961464364517483,0.007050769569854419,,,,,,,,,,,,,4.0,scored,ok,Watch Only,watch,AI ยังไม่มั่นใจพอสำหรับ short entry,-1.0,True,,,,,,,,,0.32016998529434204,0.3153674355149269,,,None,BUY,81.85511970464937,"CDC ยังหนุนขาขึ้น, เพิ่งมี VixFix spike ฝั่ง panic low และโมเมนตัมเริ่มฟื้น",6,,,,,,,,,,,,,,,,94.0,True,66.0,64.23234940750538,85.5565359113948,,0.0,CDCVIX15|TRX-USD|BUY|2026-06-15 08:45,"🟢 CDC+VixFix 15m BUY | TRX-USD
TRX-USD
────────────────
📍 Snapshot: ราคา 0.320616 (+0.00%)
🧭 1H Trend: UP | STRONG | ActionZone 15m, Price Action 15m
🧪 Edge: Conf 86%
🚦 สถานะ: 🟢 เข้าได้
📝 Decision: แผนยังใกล้จุดเข้าและมี SL/TP พร้อมใช้งาน
🎯 Action: ถ้ายังไม่มีสถานะ สามารถกด BUY/Long ตามแผนได้
⚠️ Note: ถ้ามี Short เดิม ควรปิด Short ก่อนแล้วค่อยเปิด BUY
🧠 Context: Forecast BUY 82/100 | Trend ขาขึ้น | R&gt;G 94/100 | flip 7 bars | reclaim
📌 Plan: Entry 0.320170 | SL 0.315367 | TP1 0.324973 | TP2 0.328815
📏 Risk: Risk 1.68% | RR TP1 1.00R / TP2 1.80R
🧭 Level Source: actual+fallback
────────────────
🕒 เวลา: 2026-06-15 16:47
📈 TradingView
🤖 AI: Low-Conviction | p(win) 42% | exp -2.03%
🧠 Entry AI: เข้าได้ | p(entry) 99% | p(avoid) 1%"
880479cd4e141044,2026-06-15 19:21:06,CDCVIX15,TRX-USD,BUY,15m,64,B,82.7,เข้าได้ แต่ควรลดขนาดไม้ลงเล็กน้อยหากราคาเริ่มไล่ห่าง,,85.5565359113948,94.35201303848322,False,,Trade Plan,,watch,short_trade_watch:AI ยังไม่มั่นใจพอสำหรับ short entry,Low-Conviction,low_conviction,AI ยังไม่มั่นใจพอ ควรลดอันดับและรอการยืนยันเพิ่ม ไม่ได้แปลว่าต้องเข้าทันที,0.4212222133397994,-2.0263225799533213,-2.5,scored,ok,ยังไม่มีผล,unavailable,model_bundle_not_loaded,,,,,,,,,,,,,,,,,,,,,,0.0,model_unavailable,model_bundle_not_loaded,Watch Only,watch,AI ยังไม่มั่นใจพอสำหรับ short entry,-1.0,True,,,,,,,,,0.32016998529434204,0.3153674355149269,,,None,BUY,81.85511970464937,"CDC ยังหนุนขาขึ้น, เพิ่งมี VixFix spike ฝั่ง panic low และโมเมนตัมเริ่มฟื้น",6,,,,,,,,,,,,,,,,94.0,True,66.0,63.42677619579427,85.5565359113948,,0.0,CDCVIX15|TRX-USD|BUY|2026-06-15 08:45,"🟢 CDC+VixFix 15m BUY | TRX-USD
TRX-USD
────────────────
📍 Snapshot: ราคา 0.320616 (+0.00%)
🧭 1H Trend: UP | STRONG | ActionZone 15m, Price Action 15m
🧪 Edge: Conf 86%
🚦 สถานะ: 🟢 เข้าได้
📝 Decision: แผนยังใกล้จุดเข้าและมี SL/TP พร้อมใช้งาน
🎯 Action: ถ้ายังไม่มีสถานะ สามารถกด BUY/Long ตามแผนได้
⚠️ Note: ถ้ามี Short เดิม ควรปิด Short ก่อนแล้วค่อยเปิด BUY
🧠 Context: Forecast BUY 82/100 | Trend ขาขึ้น | R&gt;G 94/100 | flip 7 bars | reclaim
📌 Plan: Entry 0.320170 | SL 0.315367 | TP1 0.324973 | TP2 0.328815
📏 Risk: Risk 1.68% | RR TP1 1.00R / TP2 1.80R
🧭 Level Source: actual+fallback
────────────────
🕒 เวลา: 2026-06-15 19:21
📈 TradingView
🤖 AI: Low-Conviction | p(win) 42% | exp -2.03%
🧠 Entry AI: ยังไม่มีผล | model_bundle_not_loaded"
0c0279a9f26fcec9,2026-06-15 19:34:20,CDCVIX15,PAXG-USD,BUY,15m,64,A,87.5,เข้าได้ตามแผนหลัก แต่ยังต้องเคารพ SL และจังหวะเข้า,,95.0,103.04,False,,Trade Plan,,entry,cdc_fresh_signal,AI-Confirmed,confirmed,AI ช่วยยืนยันมุมมองของสัญญาณนี้ ใช้เพิ่มน้ำหนักการจัดอันดับได้ แต่ไม่ใช่คำสั่งเข้าเอง,0.7980926449832972,0.602517780212748,6.0,scored,ok,ยังไม่มีผล,unavailable,model_bundle_not_loaded,,,,,,,,,,,,,,,,,,,,,,0.0,model_unavailable,model_bundle_not_loaded,Premium Entry,premium_entry,"เทรนด์ตรง, RR ดี, สัญญาณสด และคุณภาพเข้าเด่น",5.0,True,,,,,,,,,4332.08984375,4267.10849609375,,,None,BUY,92.0,"CDC ยังหนุนขาขึ้น, เพิ่งมี VixFix spike ฝั่ง panic low และโมเมนตัมเริ่มฟื้น",0,,,,,,,,,,,,,,,,95.0,True,66.0,63.426914219519865,95.0,,0.0,CDCVIX15|PAXG-USD|BUY|2026-06-15 19:34,"🟢 CDC+VixFix 15m BUY | PAXG-USD
PAXG-USD
────────────────
📍 Snapshot: ราคา 4,332.09 (+0.00%)
🧭 1H Trend: UP | STRONG | ActionZone 15m, Price Action 15m
🧪 Edge: Conf 95%
🚦 สถานะ: 🟢 เข้าได้
📝 Decision: แผนยังใกล้จุดเข้าและมี SL/TP พร้อมใช้งาน
🎯 Action: ถ้ายังไม่มีสถานะ สามารถกด BUY/Long ตามแผนได้
⚠️ Note: ถ้ามี Short เดิม ควรปิด Short ก่อนแล้วค่อยเปิด BUY
🧠 Context: Forecast BUY 92/100 | Trend ขาขึ้น | R&gt;G 95/100 | flip 1 bars | reclaim
📌 Plan: Entry 4,332.09 | SL 4,267.11 | TP1 4,397.07 | TP2 4,449.06
📏 Risk: Risk 1.68% | RR TP1 1.00R / TP2 1.80R
🧭 Level Source: actual+fallback
────────────────
🕒 เวลา: 2026-06-15 19:34
📈 TradingView
🤖 AI: AI-Confirmed | p(win) 80% | exp +0.60%
🧠 Entry AI: ยังไม่มีผล | model_bundle_not_loaded"
45264645b0ec4196,2026-06-15 19:41:19,CDCVIX15,PAXG-USD,BUY,15m,64,A,87.5,เข้าได้ตามแผนหลัก แต่ยังต้องเคารพ SL และจังหวะเข้า,,95.0,103.04,False,,Trade Plan,,entry,cdc_fresh_signal,AI-Confirmed,confirmed,AI ช่วยยืนยันมุมมองของสัญญาณนี้ ใช้เพิ่มน้ำหนักการจัดอันดับได้ แต่ไม่ใช่คำสั่งเข้าเอง,0.798099562117528,0.6027182805845607,6.0,scored,ok,ยังไม่มีผล,unavailable,model_bundle_not_loaded,,,,,,,,,,,,,,,,,,,,,,0.0,model_unavailable,model_bundle_not_loaded,Premium Entry,premium_entry,"เทรนด์ตรง, RR ดี, สัญญาณสด และคุณภาพเข้าเด่น",5.0,True,,,,,,,,,4336.16015625,4271.11775390625,,,None,BUY,92.0,"CDC ยังหนุนขาขึ้น, เพิ่งมี VixFix spike ฝั่ง panic low และโมเมนตัมเริ่มฟื้น",0,,,,,,,,,,,,,,,,95.0,False,66.0,63.46844132607557,95.0,,0.0,CDCVIX15|PAXG-USD|BUY|2026-06-15 19:41,"🟢 CDC+VixFix 15m BUY | PAXG-USD
PAXG-USD
────────────────
📍 Snapshot: ราคา 4,336.16 (+0.00%)
🧭 1H Trend: UP | STRONG | ActionZone 15m, Price Action 15m
🧪 Edge: Conf 95%
🚦 สถานะ: 🟢 เข้าได้
📝 Decision: แผนยังใกล้จุดเข้าและมี SL/TP พร้อมใช้งาน
🎯 Action: ถ้ายังไม่มีสถานะ สามารถกด BUY/Long ตามแผนได้
⚠️ Note: ถ้ามี Short เดิม ควรปิด Short ก่อนแล้วค่อยเปิด BUY
🧠 Context: Forecast BUY 92/100 | Trend ขาขึ้น | R&gt;G 95/100 | flip 1 bars | follow-through
📌 Plan: Entry 4,336.16 | SL 4,271.12 | TP1 4,414.21 | TP2 4,472.75
📏 Risk: Risk 1.68% | RR TP1 1.20R / TP2 2.10R
🧭 Level Source: actual+fallback
────────────────
🕒 เวลา: 2026-06-15 19:41
📈 TradingView
🤖 AI: AI-Confirmed | p(win) 80% | exp +0.60%
🧠 Entry AI: ยังไม่มีผล | model_bundle_not_loaded"
21a100648a79ccd5,2026-06-15 19:41:20,CDCVIX15,LINK-USD,BUY,15m,64,A,87.5,เข้าได้ตามแผนหลัก แต่ยังต้องเคารพ SL และจังหวะเข้า,,95.0,103.04,False,,Trade Plan,,entry,cdc_fresh_signal,Neutral,neutral,AI มองเป็นตัวกลาง ใช้ประกอบการตัดสินใจกับ score เดิม ไม่ใช่คำสั่งเข้าเอง,0.46885423811468613,-0.018575825531060686,0.0,scored,ok,ยังไม่มีผล,unavailable,model_bundle_not_loaded,,,,,,,,,,,,,,,,,,,,,,0.0,model_unavailable,model_bundle_not_loaded,Premium Entry,premium_entry,"เทรนด์ตรง, RR ดี, สัญญาณสด และคุณภาพเข้าเด่น",5.0,True,,,,,,,,,8.324999809265137,8.181213787623815,,,Bullish Pinbar,BUY,92.0,"CDC ยังหนุนขาขึ้น, เพิ่งมี VixFix spike ฝั่ง panic low และโมเมนตัมเริ่มฟื้น",0,,,,,,,,,,,,,,,,74.0,True,66.0,63.46844132607557,95.0,,0.0,CDCVIX15|LINK-USD|BUY|2026-06-15 19:41,"🟢 CDC+VixFix 15m BUY | LINK-USD
LINK-USD
────────────────
📍 Snapshot: ราคา 8.32 (+0.00%)
🧭 1H Trend: UP | STRONG | ActionZone 15m, Price Action 15m
🧪 Edge: Conf 95%
🚦 สถานะ: 🟢 เข้าได้
📝 Decision: แผนยังใกล้จุดเข้าและมี SL/TP พร้อมใช้งาน
🎯 Action: ถ้ายังไม่มีสถานะ สามารถกด BUY/Long ตามแผนได้
⚠️ Note: ถ้ามี Short เดิม ควรปิด Short ก่อนแล้วค่อยเปิด BUY
🧠 Context: Forecast BUY 92/100 | Trend ขาขึ้น | R&gt;G 74/100 | flip 12 bars | reclaim
📌 Plan: Entry 8.32 | SL 8.18 | TP1 8.47 | TP2 8.58
📏 Risk: Risk 1.93% | RR TP1 1.00R / TP2 1.80R
🧭 Level Source: actual+fallback
────────────────
🕒 เวลา: 2026-06-15 19:41
📈 TradingView
🤖 AI: Neutral | p(win) 47% | exp -0.02%
🧠 Entry AI: ยังไม่มีผล | model_bundle_not_loaded"
88c96e58a17ea023,2026-06-15 19:46:44,CDCVIX15,PAXG-USD,BUY,15m,64,A,87.5,เข้าได้ตามแผนหลัก แต่ยังต้องเคารพ SL และจังหวะเข้า,,95.0,103.04,False,,Trade Plan,,entry,cdc_fresh_signal,AI-Confirmed,confirmed,AI ช่วยยืนยันมุมมองของสัญญาณนี้ ใช้เพิ่มน้ำหนักการจัดอันดับได้ แต่ไม่ใช่คำสั่งเข้าเอง,0.798100479852602,0.6027448824812986,6.0,scored,ok,รอ,watch,Entry AI V3 ยังไม่ผ่านทั้ง Premium และ Standard,premium_standard,watch,watch,watch,,,0.5030315518379211,0.14828155934810638,0.34868690371513367,0.95,0.95,0.8,0.95,,,,,,,,,0.0,scored,ok,Premium Entry,premium_entry,"เทรนด์ตรง, RR ดี, สัญญาณสด และคุณภาพเข้าเด่น",5.0,True,,,,,,,,,4336.93017578125,4271.876223144532,,,None,BUY,92.0,"CDC ยังหนุนขาขึ้น, เพิ่งมี VixFix spike ฝั่ง panic low และโมเมนตัมเริ่มฟื้น",1,,,,,,,,,,,,,,,,95.0,False,66.0,63.438916395348436,95.0,,0.0,CDCVIX15|PAXG-USD|BUY|2026-06-15 19:45,"🟢 CDC+VixFix 15m BUY | PAXG-USD
PAXG-USD
────────────────
📍 Snapshot: ราคา 4,336.70 (+0.00%)
🧭 1H Trend: UP | STRONG | ActionZone 15m, Price Action 15m
🧪 Edge: Conf 95%
🚦 สถานะ: 🟢 เข้าได้
📝 Decision: แผนยังใกล้จุดเข้าและมี SL/TP พร้อมใช้งาน
🎯 Action: ถ้ายังไม่มีสถานะ สามารถกด BUY/Long ตามแผนได้
⚠️ Note: ถ้ามี Short เดิม ควรปิด Short ก่อนแล้วค่อยเปิด BUY
🧠 Context: Forecast BUY 92/100 | Trend ขาขึ้น | R&gt;G 95/100 | flip 2 bars
📌 Plan: Entry 4,336.93 | SL 4,271.88 | TP1 4,414.99 | TP2 4,473.54
📏 Risk: Risk 1.60% | RR TP1 1.20R / TP2 2.10R
🧭 Level Source: actual+fallback
────────────────
🕒 เวลา: 2026-06-15 19:46
📈 TradingView
🤖 AI: AI-Confirmed | p(win) 80% | exp +0.60%
🧠 Entry AI: รอ | P รอ | S รอ | p(entry) 50% | p(avoid) 35%"
97f483c819f93f10,2026-06-15 19:46:44,CDCVIX15,LINK-USD,BUY,15m,64,A,87.5,เข้าได้ตามแผนหลัก แต่ยังต้องเคารพ SL และจังหวะเข้า,,95.0,103.04,False,,Trade Plan,,entry,cdc_fresh_signal,Neutral,neutral,AI มองเป็นตัวกลาง ใช้ประกอบการตัดสินใจกับ score เดิม ไม่ใช่คำสั่งเข้าเอง,0.46952388961547653,-0.02671918001027812,0.0,scored,ok,รอ,watch,Entry AI V3 ยังไม่ผ่านทั้ง Premium และ Standard,premium_standard,watch,watch,watch,,,0.3480151295661926,0.37813058495521545,0.2738543152809143,0.95,0.95,0.8,0.95,,,,,,,,,0.0,scored,ok,Premium Entry,premium_entry,"เทรนด์ตรง, RR ดี, สัญญาณสด และคุณภาพเข้าเด่น",5.0,True,,,,,,,,,8.357000350952148,8.214929103851318,,,Bullish Pinbar,BUY,92.0,"CDC ยังหนุนขาขึ้น, เพิ่งมี VixFix spike ฝั่ง panic low และโมเมนตัมเริ่มฟื้น",2,,,,,,,,,,,,,,,,74.0,True,66.0,63.438916395348436,95.0,,0.0,CDCVIX15|LINK-USD|BUY|2026-06-15 19:30,"🟢 CDC+VixFix 15m BUY | LINK-USD
LINK-USD
────────────────
📍 Snapshot: ราคา 8.35 (+0.00%)
🧭 1H Trend: UP | STRONG | ActionZone 15m, Price Action 15m
🧪 Edge: Conf 95%
🚦 สถานะ: 🟢 เข้าได้
📝 Decision: แผนยังใกล้จุดเข้าและมี SL/TP พร้อมใช้งาน
🎯 Action: ถ้ายังไม่มีสถานะ สามารถกด BUY/Long ตามแผนได้
⚠️ Note: ถ้ามี Short เดิม ควรปิด Short ก่อนแล้วค่อยเปิด BUY
🧠 Context: Forecast BUY 92/100 | Trend ขาขึ้น | R&gt;G 74/100 | flip 13 bars | reclaim
📌 Plan: Entry 8.36 | SL 8.21 | TP1 8.50 | TP2 8.61
📏 Risk: Risk 1.82% | RR TP1 1.00R / TP2 1.80R
🧭 Level Source: actual+fallback
────────────────
🕒 เวลา: 2026-06-15 19:46
📈 TradingView
🤖 AI: Neutral | p(win) 47% | exp -0.03%
🧠 Entry AI: รอ | P รอ | S รอ | p(entry) 35% | p(avoid) 27%"
b0cfebf811ddb697,2026-06-15 22:38:55,CDCVIX15,XRP-USD,BUY,15m,64,A,87.5,เข้าได้ตามแผนหลัก แต่ยังต้องเคารพ SL และจังหวะเข้า,,95.0,103.04,False,,Trade Plan,,entry,cdc_fresh_signal,กลาง,neutral,AI มองว่ากลาง ๆ ใช้ช่วยดูเพิ่ม แต่ยังไม่ใช่จังหวะเด่น,0.527939253543674,-0.08897429928558798,0.0,scored,ok,รอ,watch,ผ่านเกณฑ์ Watch monitor ใช้เฝ้าดูจังหวะต่อเนื่อง,premium_standard_v4,watch,watch,watch,watch,,0.4787049889564514,0.21284812688827515,0.3084469437599182,0.9,0.95,0.8,0.95,0.6,0.75,phase4_entry_quality_v4_utf_prototype,v4_utf_v1,2026-06-15T15:11:15.957378Z,v4_utf_v1,v4_utf_v1,v4_utf_v1,0.0,scored,ok,Premium Entry,premium_entry,"เทรนด์ตรง, RR ดี, สัญญาณสด และคุณภาพเข้าเด่น",5.0,True,,,,,,,,,1.260699987411499,1.2333999531609672,,,Bullish Pinbar,BUY,92.0,"CDC ยังหนุนขาขึ้น, เพิ่งมี VixFix spike ฝั่ง panic low และโมเมนตัมเริ่มฟื้น",0,,,,,,,,,,,,,,,,56.0,True,66.0,63.71265109750738,95.0,,0.0,CDCVIX15|XRP-USD|BUY|2026-06-15 22:38,"🟢 CDC+VixFix 15m BUY | XRP-USD
XRP-USD
────────────────
📍 Snapshot: ราคา 1.26 (+0.00%)
🧭 1H Trend: UP | STRONG | ActionZone 15m, Price Action 15m
🧪 Edge: Conf 95%
🚦 สถานะ: 🟢 เข้าได้
📝 Decision: แผนยังใกล้จุดเข้าและมี SL/TP พร้อมใช้งาน
🎯 Action: ถ้ายังไม่มีสถานะ สามารถกด BUY/Long ตามแผนได้
⚠️ Note: ถ้ามี Short เดิม ควรปิด Short ก่อนแล้วค่อยเปิด BUY
🧠 Context: Forecast BUY 92/100 | Trend ขาขึ้น | R&gt;G 56/100 | flip 24 bars | reclaim
📌 Plan: Entry 1.26 | SL 1.23 | TP1 1.29 | TP2 1.31
📏 Risk: Risk 2.32% | RR TP1 1.00R / TP2 1.80R
🧭 Level Source: actual+fallback
────────────────
🕒 เวลา: 2026-06-15 22:38
📈 TradingView
🤖 AI: กลาง | p(win) 53% | exp -0.09%
🧠 Entry AI: รอ | Watch | p(entry) 48% | p(avoid) 31%"
d4628a1eb1cba89d,2026-06-15 22:38:56,CDCVIX15,BNB-USD,BUY,15m,64,A,87.5,เข้าได้ตามแผนหลัก แต่ยังต้องเคารพ SL และจังหวะเข้า,,95.0,103.04,False,,Trade Plan,,entry,cdc_fresh_signal,กลาง,neutral,AI มองว่ากลาง ๆ ใช้ช่วยดูเพิ่ม แต่ยังไม่ใช่จังหวะเด่น,0.57465495089572,0.09253812553350071,0.0,scored,ok,รอ,watch,ผ่านเกณฑ์ Watch monitor ใช้เฝ้าดูจังหวะต่อเนื่อง,premium_standard_v4,watch,watch,watch,watch,,0.22579650580883026,0.12598329782485962,0.6482201814651489,0.9,0.95,0.8,0.95,0.6,0.75,phase4_entry_quality_v4_utf_prototype,v4_utf_v1,2026-06-15T15:11:15.957378Z,v4_utf_v1,v4_utf_v1,v4_utf_v1,0.0,scored,ok,Premium Entry,premium_entry,"เทรนด์ตรง, RR ดี, สัญญาณสด และคุณภาพเข้าเด่น",5.0,True,,,,,,,,,626.0,616.61,,,None,BUY,92.0,"CDC ยังหนุนขาขึ้น, เพิ่งมี VixFix spike ฝั่ง panic low และโมเมนตัมเริ่มฟื้น",0,,,,,,,,,,,,,,,,95.0,True,66.0,63.71265109750738,95.0,,0.0,CDCVIX15|BNB-USD|BUY|2026-06-15 22:38,"🟢 CDC+VixFix 15m BUY | BNB-USD
BNB-USD
────────────────
📍 Snapshot: ราคา 626.00 (+0.00%)
🧭 1H Trend: UP | STRONG | ActionZone 15m, Price Action 15m
🧪 Edge: Conf 95%
🚦 สถานะ: 🟢 เข้าได้
📝 Decision: แผนยังใกล้จุดเข้าและมี SL/TP พร้อมใช้งาน
🎯 Action: ถ้ายังไม่มีสถานะ สามารถกด BUY/Long ตามแผนได้
⚠️ Note: ถ้ามี Short เดิม ควรปิด Short ก่อนแล้วค่อยเปิด BUY
🧠 Context: Forecast BUY 92/100 | Trend ขาขึ้น | R&gt;G 95/100 | flip 1 bars | reclaim
📌 Plan: Entry 626.00 | SL 616.61 | TP1 637.27 | TP2 645.72
📏 Risk: Risk 1.60% | RR TP1 1.20R / TP2 2.10R
🧭 Level Source: actual+fallback
────────────────
🕒 เวลา: 2026-06-15 22:38
📈 TradingView
🤖 AI: กลาง | p(win) 57% | exp +0.09%
🧠 Entry AI: รอ | Watch | p(entry) 23% | p(avoid) 65%"
3607fed0bc14fd33,2026-06-15 22:42:51,CDCVIX15,XRP-USD,BUY,15m,64,A,87.5,เข้าได้ตามแผนหลัก แต่ยังต้องเคารพ SL และจังหวะเข้า,,95.0,103.04,False,,Trade Plan,,entry,cdc_fresh_signal,กลาง,neutral,AI มองว่ากลาง ๆ ใช้ช่วยดูเพิ่ม แต่ยังไม่ใช่จังหวะเด่น,0.5277275599800902,-0.08640077748866481,0.0,scored,ok,รอ,watch,ผ่านเกณฑ์ Watch monitor ใช้เฝ้าดูจังหวะต่อเนื่อง,premium_standard_v4,watch,watch,watch,watch,,0.4787049889564514,0.21284812688827515,0.3084469437599182,0.9,0.95,0.8,0.95,0.6,0.75,phase4_entry_quality_v4_utf_prototype,v4_utf_v1,2026-06-15T15:11:15.957378Z,v4_utf_v1,v4_utf_v1,v4_utf_v1,0.0,scored,ok,Premium Entry,premium_entry,"เทรนด์ตรง, RR ดี, สัญญาณสด และคุณภาพเข้าเด่น",5.0,True,,,,,,,,,1.2646000385284424,1.2371071406773158,,,Bullish Pinbar,BUY,92.0,"CDC ยังหนุนขาขึ้น, เพิ่งมี VixFix spike ฝั่ง panic low และโมเมนตัมเริ่มฟื้น",0,,,,,,,,,,,,,,,,56.0,True,66.0,63.7511114242589,95.0,,0.0,CDCVIX15|XRP-USD|BUY|2026-06-15 22:42,"🟢 CDC+VixFix 15m BUY | XRP-USD
XRP-USD
────────────────
📍 Snapshot: ราคา 1.26 (+0.00%)
🧭 1H Trend: UP | STRONG | ActionZone 15m, Price Action 15m
🧪 Edge: Conf 95%
🚦 สถานะ: 🟢 เข้าได้
📝 Decision: แผนยังใกล้จุดเข้าและมี SL/TP พร้อมใช้งาน
🎯 Action: ถ้ายังไม่มีสถานะ สามารถกด BUY/Long ตามแผนได้
⚠️ Note: ถ้ามี Short เดิม ควรปิด Short ก่อนแล้วค่อยเปิด BUY
🧠 Context: Forecast BUY 92/100 | Trend ขาขึ้น | R&gt;G 56/100 | flip 24 bars | reclaim
📌 Plan: Entry 1.26 | SL 1.24 | TP1 1.29 | TP2 1.31
📏 Risk: Risk 2.33% | RR TP1 1.00R / TP2 1.80R
🧭 Level Source: actual+fallback
────────────────
🕒 เวลา: 2026-06-15 22:42
📈 TradingView
🤖 AI: กลาง | p(win) 53% | exp -0.09%
🧠 Entry AI: รอ | Watch | p(entry) 48% | p(avoid) 31%"
fa54ad0a285c997d,2026-06-15 22:42:52,CDCVIX15,BNB-USD,BUY,15m,64,A,87.5,เข้าได้ตามแผนหลัก แต่ยังต้องเคารพ SL และจังหวะเข้า,,95.0,103.04,False,,Trade Plan,,entry,cdc_fresh_signal,กลาง,neutral,AI มองว่ากลาง ๆ ใช้ช่วยดูเพิ่ม แต่ยังไม่ใช่จังหวะเด่น,0.5746570905019046,0.09257901151832854,0.0,scored,ok,รอ,watch,ผ่านเกณฑ์ Watch monitor ใช้เฝ้าดูจังหวะต่อเนื่อง,premium_standard_v4,watch,watch,watch,watch,,0.22579650580883026,0.12598329782485962,0.6482201814651489,0.9,0.95,0.8,0.95,0.6,0.75,phase4_entry_quality_v4_utf_prototype,v4_utf_v1,2026-06-15T15:11:15.957378Z,v4_utf_v1,v4_utf_v1,v4_utf_v1,0.0,scored,ok,Premium Entry,premium_entry,"เทรนด์ตรง, RR ดี, สัญญาณสด และคุณภาพเข้าเด่น",5.0,True,,,,,,,,,626.8300170898438,617.4275668334961,,,None,BUY,92.0,"CDC ยังหนุนขาขึ้น, เพิ่งมี VixFix spike ฝั่ง panic low และโมเมนตัมเริ่มฟื้น",0,,,,,,,,,,,,,,,,92.0,False,66.0,63.7511114242589,95.0,,0.0,CDCVIX15|BNB-USD|BUY|2026-06-15 22:42,"🟢 CDC+VixFix 15m BUY | BNB-USD
BNB-USD
────────────────
📍 Snapshot: ราคา 626.83 (+0.00%)
🧭 1H Trend: UP | STRONG | ActionZone 15m, Price Action 15m
🧪 Edge: Conf 95%
🚦 สถานะ: 🟢 เข้าได้
📝 Decision: แผนยังใกล้จุดเข้าและมี SL/TP พร้อมใช้งาน
🎯 Action: ถ้ายังไม่มีสถานะ สามารถกด BUY/Long ตามแผนได้
⚠️ Note: ถ้ามี Short เดิม ควรปิด Short ก่อนแล้วค่อยเปิด BUY
🧠 Context: Forecast BUY 92/100 | Trend ขาขึ้น | R&gt;G 92/100 | flip 1 bars
📌 Plan: Entry 626.83 | SL 617.43 | TP1 638.11 | TP2 646.58
📏 Risk: Risk 1.60% | RR TP1 1.20R / TP2 2.10R
🧭 Level Source: actual+fallback
────────────────
🕒 เวลา: 2026-06-15 22:42
📈 TradingView
🤖 AI: กลาง | p(win) 57% | exp +0.09%
🧠 Entry AI: รอ | Watch | p(entry) 23% | p(avoid) 65%"
adffb40e0fd70155,2026-06-16 02:33:30,CDCVIX15,NEAR-USD,BUY,15m,64,B,82.4,เข้าได้ แต่ควรลดขนาดไม้ลงเล็กน้อยหากราคาเริ่มไล่ห่าง,,85.2,103.22200000000001,False,,Trade Plan,,watch,short_trade_watch:AI ยังไม่มั่นใจพอสำหรับ short entry,ยังไม่ชัด,low_conviction,AI ยังไม่มั่นใจพอ ควรรอดูเพิ่ม,0.28471455460094336,-0.49714569401591835,-2.5,scored,ok,รอ,watch,ผ่านเกณฑ์ Watch monitor ใช้เฝ้าดูจังหวะต่อเนื่อง,premium_standard_v4,watch,watch,watch,watch,,0.35332146286964417,0.015358613803982735,0.6313199400901794,0.9,0.95,0.8,0.95,0.6,0.75,phase4_entry_quality_v4_utf_prototype,v4_utf_v1,2026-06-15T15:11:15.957378Z,v4_utf_v1,v4_utf_v1,v4_utf_v1,0.0,scored,ok,Watch Only,watch,AI ยังไม่มั่นใจพอสำหรับ short entry,-1.0,True,,,,,,,,,2.502000093460083,2.446071539606367,,,Bullish Pinbar,SELL,74.0,"CDC ยังหนุนขาขึ้น, เพิ่งมี VixFix spike ฝั่ง panic low และโมเมนตัมเริ่มฟื้น",5,,,,,,,,,,,,,,,,48.8,False,66.0,63.59379100058514,85.2,,0.0,CDCVIX15|NEAR-USD|BUY|2026-06-16 01:30,"🟢 CDC+VixFix 15m BUY | NEAR-USD
NEAR-USD
────────────────
📍 Snapshot: ราคา 2.48 (+0.00%)
🧭 1H Trend: UP | STRONG | ActionZone 15m, Price Action 15m
🧪 Edge: Conf 85%
🚦 สถานะ: 🟢 เข้าได้
📝 Decision: แผนยังใกล้จุดเข้าและมี SL/TP พร้อมใช้งาน
🎯 Action: ถ้ายังไม่มีสถานะ สามารถกด BUY/Long ตามแผนได้
⚠️ Note: แต่ Forecast ยังสวนทาง ควรรอแท่งยืนยันเพิ่มหรือใช้ขนาดไม้เล็กลง
🧠 Context: Forecast SELL 74/100 | Trend ขาขึ้น | R&gt;G 49/100 | flip 6 bars
📌 Plan: Entry 2.50 | SL 2.45 | TP1 2.56 | TP2 2.60
📏 Risk: Risk 2.39% | RR TP1 1.00R / TP2 1.80R
🧭 Level Source: actual+fallback
🤖 AI: ยังไม่ชัด | p(win) 28% | exp -0.50%
🧠 Entry AI: รอ | Watch | p(entry) 35% | p(avoid) 63%
────────────────
🕒 เวลา: 2026-06-16 02:33
📈 TradingView"
b586e9a628ac075b,2026-06-16 07:01:42,CDCVIX15,NEAR-USD,SELL,15m,64,A,87.5,เข้าได้ตามแผนหลัก แต่ยังต้องเคารพ SL และจังหวะเข้า,,91.0,110.91999999999999,False,,Trade Plan,,watch,"cdc_stretched:d_pct=4.196643291418866,d_r=3.658529103052692",ยืนยันเพิ่ม,confirmed,AI เห็นด้วยกับสัญญาณนี้ ใช้เพิ่มความมั่นใจได้,0.629647839918289,2.267547345883014,6.0,scored,ok,รอ,watch,ผ่านเกณฑ์ Watch monitor น่าจับตา แต่ยังไม่ถึงจุดเข้า,premium_standard_v4,watch,watch,watch,entry,,0.6914576888084412,0.3078598976135254,0.0006824081065133214,0.9,0.95,0.8,0.95,0.6,0.75,phase4_entry_quality_v4_utf_prototype,v4_utf_v1,2026-06-15T15:11:15.957378Z,v4_utf_v1,v4_utf_v1,v4_utf_v1,0.0,scored,ok,Watch Only,watch,เป็นแผนเฝ้ารอจังหวะ ไม่ใช่ entry ทันที,-1.0,True,,,,,,,,,2.502000093460083,2.47330002955028,,,Bearish Pinbar,SELL,92.0,"แนวโน้มสั้นอ่อนแรง, โซน CDC กลับเป็นลบ และโมเมนตัมเอนลง",13,,,,,,,,,,,,,,,,42.0,False,66.0,63.45326437812031,91.0,,0.0,CDCVIX15|NEAR-USD|SELL|2026-06-16 01:30,"🔴 CDC+VixFix 15m SELL | NEAR-USD
NEAR-USD
────────────────
📍 Snapshot: ราคา 2.40 (+0.00%)
🧭 1H Trend: UP | STRONG | ActionZone 15m, Price Action 15m
🧪 Edge: Conf 91%
🚦 สถานะ: 🟡 รอ
📝 Decision: ราคาห่างจากจุดเข้า 4.20% แล้ว ไม่ควรไล่ราคา
🎯 Action: สามารถกด SELL/Short ตามแผนได้ หรือใช้เป็นสัญญาณปิด BUY เดิมก่อน
⚠️ Note: ไม่ควรไล่ Short ถ้าราคายังไม่หลุดจุดยืนยันหรือระยะห่างจากจุดเข้าเริ่มกว้าง
🧠 Context: Forecast SELL 92/100 | Trend ขาลง | R&gt;G 42/100 | flip 14 bars
📌 Plan: Entry 2.50 | SL 2.47 | TP1 2.47 | TP2 2.44
📏 Risk: Risk 0.91% | RR TP1 1.20R / TP2 2.10R
🧭 Level Source: actual+fallback
🤖 AI: ยืนยันเพิ่ม | p(win) 63% | exp +2.27%
🧠 Entry AI: รอ | Watch | p(entry) 69% | p(avoid) 0%
────────────────
🕒 เวลา: 2026-06-16 07:01
📈 TradingView"
9281aed9e766bab9,2026-06-16 12:31:24,CDCVIX15,TRX-USD,BUY,15m,64,B,82.7,เข้าได้ แต่ควรลดขนาดไม้ลงเล็กน้อยหากราคาเริ่มไล่ห่าง,,85.5565359113948,94.35201303848322,False,,Trade Plan,,watch,short_trade_watch:AI ยังไม่มั่นใจพอสำหรับ short entry,ยังไม่ชัด,low_conviction,AI ยังไม่มั่นใจพอ ควรรอดูเพิ่ม,0.4212222133397994,-2.0263225799533213,-2.5,scored,ok,รอ,watch,ผ่านเกณฑ์ Watch monitor ใช้เฝ้าดูจังหวะต่อเนื่อง,premium_standard_v4,watch,watch,watch,watch,,0.5254980325698853,0.005145786330103874,0.4693562090396881,0.9,0.95,0.8,0.95,0.6,0.75,phase4_entry_quality_v4_utf_prototype,v4_utf_v1,2026-06-15T15:11:15.957378Z,v4_utf_v1,v4_utf_v1,v4_utf_v1,0.0,scored,ok,Watch Only,watch,AI ยังไม่มั่นใจพอสำหรับ short entry,-1.0,True,,,,,,,,,0.32016998529434204,0.3153674355149269,,,None,BUY,81.85511970464937,"CDC ยังหนุนขาขึ้น, เพิ่งมี VixFix spike ฝั่ง panic low และโมเมนตัมเริ่มฟื้น",6,,,,,,,,,,,,,,,,94.0,True,66.0,63.378100695876476,85.5565359113948,,0.0,CDCVIX15|TRX-USD|BUY|2026-06-15 08:45,"🟢 CDC+VixFix 15m BUY | TRX-USD
TRX-USD
────────────────
📍 Snapshot: ราคา 0.320616 (+0.00%)
🧭 1H Trend: UP | STRONG | ActionZone 15m, Price Action 15m
🧪 Edge: Conf 86%
🚦 สถานะ: 🟢 เข้าได้
📝 Decision: แผนยังใกล้จุดเข้าและมี SL/TP พร้อมใช้งาน
🎯 Action: ถ้ายังไม่มีสถานะ สามารถกด BUY/Long ตามแผนได้
⚠️ Note: ถ้ามี Short เดิม ควรปิด Short ก่อนแล้วค่อยเปิด BUY
🧠 Context: Forecast BUY 82/100 | Trend ขาขึ้น | R&gt;G 94/100 | flip 7 bars | reclaim
📌 Plan: Entry 0.320170 | SL 0.315367 | TP1 0.324973 | TP2 0.328815
📏 Risk: Risk 1.68% | RR TP1 1.00R / TP2 1.80R
🧭 Level Source: actual+fallback
🤖 AI: ยังไม่ชัด | p(win) 42% | exp -2.03%
🧠 Entry AI: รอ | Watch | p(entry) 53% | p(avoid) 47%
📘 กติกาใช้งาน: รอ Watch เมื่อ p(entry) ยังไม่ถึง 80% หรือ p(avoid) ยังสูง | รอบนี้ 53% / 47%
────────────────
🕒 เวลา: 2026-06-16 12:31
📈 TradingView"
842ce23dd7d2db97,2026-06-16 17:30:30,CDCVIX15,TRX-USD,BUY,15m,64,B,82.7,เข้าได้ แต่ควรลดขนาดไม้ลงเล็กน้อยหากราคาเริ่มไล่ห่าง,,85.5565359113948,94.35201303848322,False,,Trade Plan,,watch,short_trade_watch:AI ยังไม่มั่นใจพอสำหรับ short entry,ยังไม่ชัด,low_conviction,AI ยังไม่มั่นใจพอ ควรรอดูเพิ่ม,0.4212222133397994,-2.0263225799533213,-2.5,scored,ok,รอ,watch,ผ่านเกณฑ์ Watch monitor ใช้เฝ้าดูจังหวะต่อเนื่อง,premium_standard_v4,watch,watch,watch,watch,,0.5254980325698853,0.005145786330103874,0.4693562090396881,0.9,0.95,0.8,0.95,0.6,0.75,phase4_entry_quality_v4_utf_prototype,v4_utf_v1,2026-06-15T15:11:15.957378Z,v4_utf_v1,v4_utf_v1,v4_utf_v1,0.0,scored,ok,Watch Only,watch,AI ยังไม่มั่นใจพอสำหรับ short entry,-1.0,True,,,,,,,,,0.32016998529434204,0.3153674355149269,,,None,BUY,81.85511970464937,"CDC ยังหนุนขาขึ้น, เพิ่งมี VixFix spike ฝั่ง panic low และโมเมนตัมเริ่มฟื้น",6,,,,,,,,,,,,,,,,94.0,True,66.0,63.36447502575266,85.5565359113948,,0.0,CDCVIX15|TRX-USD|BUY|2026-06-15 08:45,"🟢 CDC+VixFix 15m BUY | TRX-USD
TRX-USD
────────────────
📍 Snapshot: ราคา 0.320616 (+0.00%)
🧭 1H Trend: UP | STRONG | ActionZone 15m, Price Action 15m
🧪 Edge: Conf 86%
🚦 สถานะ: 🟢 เข้าได้
📝 Decision: แผนยังใกล้จุดเข้าและมี SL/TP พร้อมใช้งาน
🎯 Action: ถ้ายังไม่มีสถานะ สามารถกด BUY/Long ตามแผนได้
⚠️ Note: ถ้ามี Short เดิม ควรปิด Short ก่อนแล้วค่อยเปิด BUY
🧠 Context: Forecast BUY 82/100 | Trend ขาขึ้น | R&gt;G 94/100 | flip 7 bars | reclaim
📌 Plan: Entry 0.320170 | SL 0.315367 | TP1 0.324973 | TP2 0.328815
📏 Risk: Risk 1.68% | RR TP1 1.00R / TP2 1.80R
🧭 Level Source: actual+fallback
🤖 AI: ยังไม่ชัด | p(win) 42% | exp -2.03%
🧠 Entry AI: รอ | Watch | p(entry) 53% | p(avoid) 47%
📘 กติกาใช้งาน: รอ Watch เมื่อ p(entry) ยังไม่ถึง 80% หรือ p(avoid) ยังสูง | รอบนี้ 53% / 47%
────────────────
🕒 เวลา: 2026-06-16 17:30
📈 TradingView"
01876fc47dd99ec5,2026-06-16 22:29:20,CDCVIX15,ADA-USD,SELL,15m,64,A,87.2,เข้าได้ตามแผนหลัก แต่ยังต้องเคารพ SL และจังหวะเข้า,,89.73099365385312,109.72713403462193,False,,Trade Plan,,watch,ครบอายุ CDC เดิม แต่ตลาดยังลงต่อ ให้รอราคาใกล้จุดเข้าใหม่ก่อน,กลาง,neutral,AI มองว่ากลาง ๆ ใช้ช่วยดูเพิ่ม แต่ยังไม่ใช่จังหวะเด่น,0.5915632726457047,2.3332999793096496,0.0,scored,ok,รอ,watch,ผ่านเกณฑ์ Watch monitor น่าจับตา แต่ยังไม่ถึงจุดเข้า,premium_standard_v4,watch,watch,watch,entry,,0.6463974118232727,0.3530403971672058,0.0005621932214125991,0.9,0.95,0.8,0.95,0.6,0.75,phase4_entry_quality_v4_utf_prototype,v4_utf_v1,2026-06-15T15:11:15.957378Z,v4_utf_v1,v4_utf_v1,v4_utf_v1,0.0,scored,ok,Watch Only,watch,เป็นแผนเฝ้ารอจังหวะ ไม่ใช่ entry ทันที,-1.0,True,,,,,,,,,0.18080000579357147,0.1778785682150296,,,None,SELL,85.76997884617708,ถือครบ 24 แท่งของแผน CDC แล้ว จึงปิดรอบเพื่อลดการยืดเยื้อ,135,,,,,,,,,,,,,,,,16.0,False,66.0,63.74129338137365,89.73099365385312,,0.0,CDCVIX15|ADA-USD|SELL|2026-06-15 12:45,"🔴 CDC+VixFix 15m SELL | ADA-USD
ADA-USD
────────────────
📍 Snapshot: ราคา 0.174000 (+0.00%)
🧭 1H Trend: DOWN | STRONG | ActionZone 15m, Price Action 15m
🧪 Edge: Conf 90%
🚦 สถานะ: 🟡 รอ
📝 Decision: ราคาห่างจากจุดเข้า 3.76% แล้ว ไม่ควรไล่ราคา
🎯 Action: ยังไม่เข้า รอราคาเข้าใกล้จุดเข้า หรือรอแท่งยืนยันก่อนค่อยเปิด SELL/Short
⚠️ Note: ครบอายุ CDC เดิม แต่ตลาดยังลงต่อ ให้รอราคาใกล้จุดเข้าใหม่ก่อน
🧠 Context: Forecast SELL 86/100 | Trend ขาลง | R&gt;G 16/100 | flip 14 bars
📌 Plan: Entry 0.180800 | SL 0.177879 | TP1 0.177879 | TP2 0.175541
📏 Risk: Risk 1.20% | RR TP1 1.00R / TP2 1.80R
🧭 Level Source: actual+fallback
🤖 AI: กลาง | p(win) 59% | exp +2.33%
🧠 Entry AI: รอ | Watch | p(entry) 65% | p(avoid) 0%
📘 กติกาใช้งาน: รอ Watch เมื่อ p(entry) ยังไม่ถึง 80% หรือ p(avoid) ยังสูง | รอบนี้ 65% / 0%
────────────────
🕒 เวลา: 2026-06-16 22:29
📈 TradingView"
766bcdfe53e61260,2026-06-17 02:03:07,CDCVIX15,XRP-USD,SELL,15m,64,A,87.5,เข้าได้ตามแผนหลัก แต่ยังต้องเคารพ SL และจังหวะเข้า,,95.0,123.22,False,,Trade Plan,,watch,ครบอายุ CDC เดิม แต่ตลาดยังลงต่อและราคายังไม่ไกลจากจุดเข้าใหม่,ยืนยันเพิ่ม,confirmed,AI เห็นด้วยกับสัญญาณนี้ ใช้เพิ่มความมั่นใจได้,0.6043191501815111,1.969669335225288,6.0,scored,ok,รอ,watch,ผ่านเกณฑ์ Watch monitor น่าจับตา แต่ยังไม่ถึงจุดเข้า,premium_standard_v4,watch,watch,watch,entry,,0.6962738633155823,0.30278539657592773,0.000940763799007982,0.9,0.95,0.8,0.95,0.6,0.75,phase4_entry_quality_v4_utf_prototype,v4_utf_v1,2026-06-15T15:11:15.957378Z,v4_utf_v1,v4_utf_v1,v4_utf_v1,0.0,scored,ok,Watch Only,watch,เป็นแผนเฝ้ารอจังหวะ ไม่ใช่ entry ทันที,-1.0,True,,,,,,,,,1.2884999513626099,1.2381985121965409,,,None,SELL,92.0,ถือครบ 48 แท่งของแผน CDC แล้ว จึงปิดรอบเพื่อลดการยืดเยื้อ,108,,,,,,,,,,,,,,,,58.0,False,66.0,63.58640107118259,95.0,,0.0,CDCVIX15|XRP-USD|SELL|2026-06-15 23:15,"🔴 CDC+VixFix 15m SELL | XRP-USD
XRP-USD
────────────────
📍 Snapshot: ราคา 1.22 (+0.00%)
🧭 1H Trend: UP | STRONG | ActionZone 15m, Price Action 15m
🧪 Edge: Conf 95%
🚦 สถานะ: 🟡 รอ
📝 Decision: ราคาห่างจากจุดเข้า 5.32% แล้ว ไม่ควรไล่ราคา
🎯 Action: โครงสร้างยังลงต่อ สามารถกด SELL/Short ตามแผนได้ถ้ารับความเสี่ยงตาม SL นี้ได้
⚠️ Note: ครบอายุ CDC เดิม แต่ตลาดยังลงต่อและราคายังไม่ไกลจากจุดเข้าใหม่
🧠 Context: Forecast SELL 92/100 | Trend ขาลง | R&gt;G 58/100 | flip 29 bars
📌 Plan: Entry 1.29 | SL 1.24 | TP1 1.24 | TP2 1.20
📏 Risk: Risk 3.55% | RR TP1 1.00R / TP2 1.80R
🧭 Level Source: actual+fallback
🤖 AI: ยืนยันเพิ่ม | p(win) 60% | exp +1.97%
🧠 Entry AI: รอ | Watch | p(entry) 70% | p(avoid) 0%
📘 กติกาใช้งาน: รอ Watch เมื่อ p(entry) ยังไม่ถึง 80% หรือ p(avoid) ยังสูง | รอบนี้ 70% / 0%
────────────────
🕒 เวลา: 2026-06-17 02:03
📈 TradingView"
01fc8cd16680b920,2026-06-17 02:03:08,CDCVIX15,BNB-USD,SELL,15m,64,A,87.5,เข้าได้ตามแผนหลัก แต่ยังต้องเคารพ SL และจังหวะเข้า,,91.0,110.91999999999999,False,,Trade Plan,,watch,ครบอายุ CDC เดิม แต่ตลาดยังลงต่อ ให้รอราคาใกล้จุดเข้าใหม่ก่อน,ยืนยันเพิ่ม,confirmed,AI เห็นด้วยกับสัญญาณนี้ ใช้เพิ่มความมั่นใจได้,0.6680099857849682,1.9315560822947224,6.0,scored,ok,รอ,watch,ผ่านเกณฑ์ Watch monitor ใช้เฝ้าดูจังหวะต่อเนื่อง,premium_standard_v4,watch,watch,watch,watch,,0.479268342256546,0.5201295614242554,0.0006021332228556275,0.9,0.95,0.8,0.95,0.6,0.75,phase4_entry_quality_v4_utf_prototype,v4_utf_v1,2026-06-15T15:11:15.957378Z,v4_utf_v1,v4_utf_v1,v4_utf_v1,0.0,scored,ok,Watch Only,watch,เป็นแผนเฝ้ารอจังหวะ ไม่ใช่ entry ทันที,-1.0,True,,,,,,,,,628.9299926757812,615.1204797363281,,,None,SELL,90.96788194444444,ถือครบ 24 แท่งของแผน CDC แล้ว จึงปิดรอบเพื่อลดการยืดเยื้อ,109,,,,,,,,,,,,,,,,29.0,False,66.0,63.58640107118259,91.0,,0.0,CDCVIX15|BNB-USD|SELL|2026-06-15 23:00,"🔴 CDC+VixFix 15m SELL | BNB-USD
BNB-USD
────────────────
📍 Snapshot: ราคา 606.03 (+0.00%)
🧭 1H Trend: DOWN | STRONG | ActionZone 15m, Price Action 15m
🧪 Edge: Conf 91%
🚦 สถานะ: 🟡 รอ
📝 Decision: ราคาห่างจากจุดเข้า 3.64% แล้ว ไม่ควรไล่ราคา
🎯 Action: ยังไม่เข้า รอราคาเข้าใกล้จุดเข้า หรือรอแท่งยืนยันก่อนค่อยเปิด SELL/Short
⚠️ Note: ครบอายุ CDC เดิม แต่ตลาดยังลงต่อ ให้รอราคาใกล้จุดเข้าใหม่ก่อน
🧠 Context: Forecast SELL 91/100 | Trend ขาลง | R&gt;G 29/100 | flip 47 bars
📌 Plan: Entry 628.93 | SL 615.12 | TP1 615.12 | TP2 604.07
📏 Risk: Risk 2.17% | RR TP1 1.00R / TP2 1.80R
🧭 Level Source: actual+fallback
🤖 AI: ยืนยันเพิ่ม | p(win) 67% | exp +1.93%
🧠 Entry AI: รอ | Watch | p(entry) 48% | p(avoid) 0%
📘 กติกาใช้งาน: รอ Watch เมื่อ p(entry) ยังไม่ถึง 80% หรือ p(avoid) ยังสูง | รอบนี้ 48% / 0%
────────────────
🕒 เวลา: 2026-06-17 02:03
📈 TradingView"
f2fedcdccfa053c9,2026-06-17 04:47:43,CDCVIX15,BNB-USD,SELL,15m,64,A,87.3,เข้าได้ตามแผนหลัก แต่ยังต้องเคารพ SL และจังหวะเข้า,,89.79010452971495,109.78269825793205,False,,Trade Plan,,watch,ครบอายุ CDC เดิม แต่ตลาดยังลงต่อ ให้รอราคาใกล้จุดเข้าใหม่ก่อน,ยืนยันเพิ่ม,confirmed,AI เห็นด้วยกับสัญญาณนี้ ใช้เพิ่มความมั่นใจได้,0.6549950960813536,1.8670786359283236,6.0,scored,ok,รอ,watch,ผ่านเกณฑ์ Watch monitor ใช้เฝ้าดูจังหวะต่อเนื่อง,premium_standard_v4,watch,watch,watch,watch,,0.4902176558971405,0.5091493725776672,0.0006329797906801105,0.9,0.95,0.8,0.95,0.6,0.75,phase4_entry_quality_v4_utf_prototype,v4_utf_v1,2026-06-15T15:11:15.957378Z,v4_utf_v1,v4_utf_v1,v4_utf_v1,0.0,scored,ok,Watch Only,watch,เป็นแผนเฝ้ารอจังหวะ ไม่ใช่ entry ทันที,-1.0,True,,,,,,,,,628.9299926757812,615.3335900878906,,,None,SELL,85.96701509904986,ถือครบ 24 แท่งของแผน CDC แล้ว จึงปิดรอบเพื่อลดการยืดเยื้อ,120,,,,,,,,,,,,,,,,15.0,False,66.0,63.44821972483645,89.79010452971495,,0.0,CDCVIX15|BNB-USD|SELL|2026-06-15 23:00,"🔴 CDC+VixFix 15m SELL | BNB-USD
BNB-USD
────────────────
📍 Snapshot: ราคา 606.24 (+0.00%)
🧭 1H Trend: DOWN | STRONG | ActionZone 15m, Price Action 15m
🧪 Edge: Conf 90%
🚦 สถานะ: 🟡 รอ
📝 Decision: ราคาห่างจากจุดเข้า 3.61% แล้ว ไม่ควรไล่ราคา
🎯 Action: ยังไม่เข้า รอราคาเข้าใกล้จุดเข้า หรือรอแท่งยืนยันก่อนค่อยเปิด SELL/Short
⚠️ Note: ครบอายุ CDC เดิม แต่ตลาดยังลงต่อ ให้รอราคาใกล้จุดเข้าใหม่ก่อน
🧠 Context: Forecast SELL 86/100 | Trend ขาลง | R&gt;G 15/100 | flip 58 bars
📌 Plan: Entry 628.93 | SL 615.33 | TP1 615.33 | TP2 604.46
📏 Risk: Risk 2.25% | RR TP1 1.00R / TP2 1.80R
🧭 Level Source: actual+fallback
🤖 AI: ยืนยันเพิ่ม | p(win) 65% | exp +1.87%
🧠 Entry AI: รอ | Watch | p(entry) 49% | p(avoid) 0%
📘 กติกาใช้งาน: รอ Watch เมื่อ p(entry) ยังไม่ถึง 80% หรือ p(avoid) ยังสูง | รอบนี้ 49% / 0%
────────────────
🕒 เวลา: 2026-06-17 04:47
📈 TradingView"
d385d7b073147ef2,2026-06-17 04:47:44,CDCVIX15,NEAR-USD,SELL,15m,64,A,87.5,เข้าได้ตามแผนหลัก แต่ยังต้องเคารพ SL และจังหวะเข้า,,91.0,119.18,False,,Trade Plan,,watch,ครบอายุ CDC เดิม แต่ตลาดยังลงต่อ ให้รอราคาใกล้จุดเข้าใหม่ก่อน,กลาง,neutral,AI มองว่ากลาง ๆ ใช้ช่วยดูเพิ่ม แต่ยังไม่ใช่จังหวะเด่น,0.5143256641276777,2.849533594104079,0.0,scored,ok,รอ,watch,ผ่านเกณฑ์ Watch monitor น่าจับตา แต่ยังไม่ถึงจุดเข้า,premium_standard_v4,watch,watch,watch,entry,,0.7737736105918884,0.22561505436897278,0.0006113570416346192,0.9,0.95,0.8,0.95,0.6,0.75,phase4_entry_quality_v4_utf_prototype,v4_utf_v1,2026-06-15T15:11:15.957378Z,v4_utf_v1,v4_utf_v1,v4_utf_v1,0.0,scored,ok,Watch Only,watch,เป็นแผนเฝ้ารอจังหวะ ไม่ใช่ entry ทันที,-1.0,True,,,,,,,,,2.502000093460083,2.4052858522960117,,,None,SELL,91.48607778469832,ถือครบ 24 แท่งของแผน CDC แล้ว จึงปิดรอบเพื่อลดการยืดเยื้อ,110,,,,,,,,,,,,,,,,1.0,False,66.0,63.44821972483645,91.0,,0.0,CDCVIX15|NEAR-USD|SELL|2026-06-16 01:30,"🔴 CDC+VixFix 15m SELL | NEAR-USD
NEAR-USD
────────────────
📍 Snapshot: ราคา 2.34 (+0.00%)
🧭 1H Trend: DOWN | STRONG | ActionZone 15m, Price Action 15m
🧪 Edge: Conf 91%
🚦 สถานะ: 🟡 รอ
📝 Decision: ราคาห่างจากจุดเข้า 6.55% แล้ว ไม่ควรไล่ราคา
🎯 Action: ยังไม่เข้า รอราคาเข้าใกล้จุดเข้า หรือรอแท่งยืนยันก่อนค่อยเปิด SELL/Short
⚠️ Note: ครบอายุ CDC เดิม แต่ตลาดยังลงต่อ ให้รอราคาใกล้จุดเข้าใหม่ก่อน
🧠 Context: Forecast SELL 91/100 | Trend ขาลง | R&gt;G 1/100 | flip 59 bars
📌 Plan: Entry 2.50 | SL 2.41 | TP1 2.41 | TP2 2.33
📏 Risk: Risk 3.71% | RR TP1 1.00R / TP2 1.80R
🧭 Level Source: actual+fallback
🤖 AI: กลาง | p(win) 51% | exp +2.85%
🧠 Entry AI: รอ | Watch | p(entry) 77% | p(avoid) 0%
📘 กติกาใช้งาน: รอ Watch เมื่อ p(entry) ยังไม่ถึง 80% หรือ p(avoid) ยังสูง | รอบนี้ 77% / 0%
────────────────
🕒 เวลา: 2026-06-17 04:47
📈 TradingView"
c3c08ad856ff33fc,2026-06-17 09:00:00,DAILY_SUMMARY,,INFO,15m,64,D,0.0,ใช้ดูทิศทางก่อน รอแท่งยืนยันหรือระบบหลักตามซ้ำ,,0.0,0.0,False,,,,,,,,,,,,,,,,,,,,,,,,,,,,,,,,,,,,,,,,,,,,,,,,,,,,,,,,,,,,,,,,,,,,,,,,,,,,,,,,66.0,63.34721222220976,,,,DAILYSUMMARY|20260617,"🗓️ Daily Telegram Summary
⏱️ เวลา: 2026-06-17 09:00
🛑 วันนี้ยังไม่มี setup ที่ผ่าน backtest gate สำหรับส่งเข้าเทรด
✅ ระบบงดส่ง directional alert เพื่อคุมคุณภาพและรักษาอัตราชนะ
📏 เกณฑ์ขั้นต่ำ: WR >= 57.0% | ExpRR >= 0.03 | Trades >= 6"
3b5b326ba6a6149c,2026-06-17 19:02:47,CDCVIX15,ETH-USD,SELL,15m,64,A,87.5,เข้าได้ตามแผนหลัก แต่ยังต้องเคารพ SL และจังหวะเข้า,,91.0,110.91999999999999,False,,Trade Plan,,watch,ครบอายุ CDC เดิม แต่ตลาดยังลงต่อ ให้รอราคาใกล้จุดเข้าใหม่ก่อน,ยืนยันเพิ่ม,confirmed,AI เห็นด้วยกับสัญญาณนี้ ใช้เพิ่มความมั่นใจได้,0.6645685869308696,2.756086742993224,6.0,scored,ok,รอ,watch,ผ่านเกณฑ์ Watch monitor ใช้เฝ้าดูจังหวะต่อเนื่อง,premium_standard_v4,watch,watch,watch,watch,,0.47199100255966187,0.5275012254714966,0.0005077421083115041,0.9,0.95,0.8,0.95,0.6,0.75,phase4_entry_quality_v4_utf_prototype,v4_utf_v1,2026-06-15T15:11:15.957378Z,v4_utf_v1,v4_utf_v1,v4_utf_v1,0.0,scored,ok,Watch Only,watch,เป็นแผนเฝ้ารอจังหวะ ไม่ใช่ entry ทันที,-1.0,True,,,,,,,,,1828.8299560546875,1787.2932049560548,,,None,SELL,92.0,ถือครบ 24 แท่งของแผน CDC แล้ว จึงปิดรอบเพื่อลดการยืดเยื้อ,163,,,,,,,,,,,,,,,,30.0,False,66.0,63.310382594901526,91.0,,0.0,CDCVIX15|ETH-USD|SELL|2026-06-16 02:30,"🔴 CDC+VixFix 15m SELL | ETH-USD
ETH-USD
────────────────
📍 Snapshot: ราคา 1,760.88 (+0.00%)
🧭 1H Trend: DOWN | STRONG | ActionZone 15m, Price Action 15m
🧪 Edge: Conf 91%
🚦 สถานะ: 🟡 รอ
📝 Decision: ราคาห่างจากจุดเข้า 3.72% แล้ว ไม่ควรไล่ราคา
🎯 Action: ยังไม่เข้า รอราคาเข้าใกล้จุดเข้า หรือรอแท่งยืนยันก่อนค่อยเปิด SELL/Short
⚠️ Note: ครบอายุ CDC เดิม แต่ตลาดยังลงต่อ ให้รอราคาใกล้จุดเข้าใหม่ก่อน
🧠 Context: Forecast SELL 92/100 | Trend ขาลง | R&gt;G 30/100 | flip 25 bars
📌 Plan: Entry 1,828.83 | SL 1,787.29 | TP1 1,787.29 | TP2 1,754.06
📏 Risk: Risk 2.18% | RR TP1 1.00R / TP2 1.80R
🧭 Level Source: actual+fallback
🤖 AI: ยืนยันเพิ่ม | p(win) 66% | exp +2.76%
🧠 Entry AI: รอ | Watch | p(entry) 47% | p(avoid) 0%
📘 กติกาใช้งาน: รอ Watch เมื่อ p(entry) ยังไม่ถึง 80% หรือ p(avoid) ยังสูง | รอบนี้ 47% / 0%
────────────────
🕒 เวลา: 2026-06-17 19:02
📈 TradingView"
d3efc80fc8996e95,2026-06-17 19:02:48,CDCVIX15,TRX-USD,BUY,15m,64,B,82.7,เข้าได้ แต่ควรลดขนาดไม้ลงเล็กน้อยหากราคาเริ่มไล่ห่าง,,85.5565359113948,94.35201303848322,False,,Trade Plan,,watch,short_trade_watch:AI ยังไม่มั่นใจพอสำหรับ short entry,ยังไม่ชัด,low_conviction,AI ยังไม่มั่นใจพอ ควรรอดูเพิ่ม,0.4212222133397994,-2.0263225799533213,-2.5,scored,ok,รอ,watch,ผ่านเกณฑ์ Watch monitor ใช้เฝ้าดูจังหวะต่อเนื่อง,premium_standard_v4,watch,watch,watch,watch,,0.5254980325698853,0.005145786330103874,0.4693562090396881,0.9,0.95,0.8,0.95,0.6,0.75,phase4_entry_quality_v4_utf_prototype,v4_utf_v1,2026-06-15T15:11:15.957378Z,v4_utf_v1,v4_utf_v1,v4_utf_v1,0.0,scored,ok,Watch Only,watch,AI ยังไม่มั่นใจพอสำหรับ short entry,-1.0,True,,,,,,,,,0.32016998529434204,0.3153674355149269,,,None,BUY,81.85511970464937,"CDC ยังหนุนขาขึ้น, เพิ่งมี VixFix spike ฝั่ง panic low และโมเมนตัมเริ่มฟื้น",6,,,,,,,,,,,,,,,,94.0,True,66.0,63.310382594901526,85.5565359113948,,0.0,CDCVIX15|TRX-USD|BUY|2026-06-15 08:45,"🟢 CDC+VixFix 15m BUY | TRX-USD
TRX-USD
────────────────
📍 Snapshot: ราคา 0.320616 (+0.00%)
🧭 1H Trend: UP | STRONG | ActionZone 15m, Price Action 15m
🧪 Edge: Conf 86%
🚦 สถานะ: 🟢 เข้าได้
📝 Decision: แผนยังใกล้จุดเข้าและมี SL/TP พร้อมใช้งาน
🎯 Action: ถ้ายังไม่มีสถานะ สามารถกด BUY/Long ตามแผนได้
⚠️ Note: ถ้ามี Short เดิม ควรปิด Short ก่อนแล้วค่อยเปิด BUY
🧠 Context: Forecast BUY 82/100 | Trend ขาขึ้น | R&gt;G 94/100 | flip 7 bars | reclaim
📌 Plan: Entry 0.320170 | SL 0.315367 | TP1 0.324973 | TP2 0.328815
📏 Risk: Risk 1.68% | RR TP1 1.00R / TP2 1.80R
🧭 Level Source: actual+fallback
🤖 AI: ยังไม่ชัด | p(win) 42% | exp -2.03%
🧠 Entry AI: รอ | Watch | p(entry) 53% | p(avoid) 47%
📘 กติกาใช้งาน: รอ Watch เมื่อ p(entry) ยังไม่ถึง 80% หรือ p(avoid) ยังสูง | รอบนี้ 53% / 47%
────────────────
🕒 เวลา: 2026-06-17 19:02
📈 TradingView"
e02788cfcd3303ed,2026-06-18 01:32:49,CDCVIX15,BNB-USD,SELL,15m,64,A,87.5,เข้าได้ตามแผนหลัก แต่ยังต้องเคารพ SL และจังหวะเข้า,,95.0,123.22,False,,Trade Plan,,watch,ครบอายุ CDC เดิม แต่ตลาดยังลงต่อ ให้รอราคาใกล้จุดเข้าใหม่ก่อน,ยืนยันเพิ่ม,confirmed,AI เห็นด้วยกับสัญญาณนี้ ใช้เพิ่มความมั่นใจได้,0.6625756186045018,1.9606156535189938,6.0,scored,ok,รอ,watch,ผ่านเกณฑ์ Watch monitor ใช้เฝ้าดูจังหวะต่อเนื่อง,premium_standard_v4,watch,watch,watch,watch,,0.5385037064552307,0.4607914686203003,0.0007047965773381293,0.9,0.95,0.8,0.95,0.6,0.75,phase4_entry_quality_v4_utf_prototype,v4_utf_v1,2026-06-15T15:11:15.957378Z,v4_utf_v1,v4_utf_v1,v4_utf_v1,0.0,scored,ok,Watch Only,watch,เป็นแผนเฝ้ารอจังหวะ ไม่ใช่ entry ทันที,-1.0,True,,,,,,,,,628.9299926757812,612.5321801757813,,,None,SELL,92.0,ถือครบ 24 แท่งของแผน CDC แล้ว จึงปิดรอบเพื่อลดการยืดเยื้อ,203,,,,,,,,,,,,,,,,30.0,False,66.0,63.758927565592174,95.0,,0.0,CDCVIX15|BNB-USD|SELL|2026-06-15 23:00,"🔴 CDC+VixFix 15m SELL | BNB-USD
BNB-USD
────────────────
📍 Snapshot: ราคา 603.48 (+0.00%)
🧭 1H Trend: DOWN | STRONG | ActionZone 15m, Price Action 15m
🧪 Edge: Conf 95%
🚦 สถานะ: 🟡 รอ
📝 Decision: ราคาห่างจากจุดเข้า 4.05% แล้ว ไม่ควรไล่ราคา
🎯 Action: ยังไม่เข้า รอราคาเข้าใกล้จุดเข้า หรือรอแท่งยืนยันก่อนค่อยเปิด SELL/Short
⚠️ Note: ครบอายุ CDC เดิม แต่ตลาดยังลงต่อ ให้รอราคาใกล้จุดเข้าใหม่ก่อน
🧠 Context: Forecast SELL 92/100 | Trend ขาลง | R&gt;G 30/100 | flip 6 bars
📌 Plan: Entry 628.93 | SL 612.53 | TP1 612.53 | TP2 599.41
📏 Risk: Risk 2.58% | RR TP1 1.00R / TP2 1.80R
🧭 Level Source: actual+fallback
🤖 AI: ยืนยันเพิ่ม | p(win) 66% | exp +1.96%
🧠 Entry AI: รอ | Watch | p(entry) 54% | p(avoid) 0%
📘 กติกาใช้งาน: รอ Watch เมื่อ p(entry) ยังไม่ถึง 80% หรือ p(avoid) ยังสูง | รอบนี้ 54% / 0%
────────────────
🕒 เวลา: 2026-06-18 01:32
📈 TradingView"
a80e1f51e5c16cbb,2026-06-18 01:32:50,CDCVIX15,ADA-USD,SELL,15m,64,A,87.5,เข้าได้ตามแผนหลัก แต่ยังต้องเคารพ SL และจังหวะเข้า,,95.0,114.67999999999999,False,,Trade Plan,,watch,ครบอายุ CDC เดิม แต่ตลาดยังลงต่อ ให้รอราคาใกล้จุดเข้าใหม่ก่อน,กลาง,neutral,AI มองว่ากลาง ๆ ใช้ช่วยดูเพิ่ม แต่ยังไม่ใช่จังหวะเด่น,0.5963876763906324,3.3557655262564383,0.0,scored,ok,รอ,watch,ผ่านเกณฑ์ Watch monitor น่าจับตา แต่ยังไม่ถึงจุดเข้า,premium_standard_v4,watch,watch,watch,entry,,0.6676435470581055,0.33164796233177185,0.0007085413089953363,0.9,0.95,0.8,0.95,0.6,0.75,phase4_entry_quality_v4_utf_prototype,v4_utf_v1,2026-06-15T15:11:15.957378Z,v4_utf_v1,v4_utf_v1,v4_utf_v1,0.0,scored,ok,Watch Only,watch,เป็นแผนเฝ้ารอจังหวะ ไม่ใช่ entry ทันที,-1.0,True,,,,,,,,,0.18080000579357147,0.1729785736118044,,,None,SELL,92.0,ถือครบ 24 แท่งของแผน CDC แล้ว จึงปิดรอบเพื่อลดการยืดเยื้อ,244,,,,,,,,,,,,,,,,1.0,False,66.0,63.758927565592174,95.0,,0.0,CDCVIX15|ADA-USD|SELL|2026-06-15 12:45,"🔴 CDC+VixFix 15m SELL | ADA-USD
ADA-USD
────────────────
📍 Snapshot: ราคา 0.168500 (+0.00%)
🧭 1H Trend: DOWN | STRONG | ActionZone 15m, Price Action 15m
🧪 Edge: Conf 95%
🚦 สถานะ: 🟡 รอ
📝 Decision: ราคาห่างจากจุดเข้า 6.80% แล้ว ไม่ควรไล่ราคา
🎯 Action: ยังไม่เข้า รอราคาเข้าใกล้จุดเข้า หรือรอแท่งยืนยันก่อนค่อยเปิด SELL/Short
⚠️ Note: ครบอายุ CDC เดิม แต่ตลาดยังลงต่อ ให้รอราคาใกล้จุดเข้าใหม่ก่อน
🧠 Context: Forecast SELL 92/100 | Trend ขาลง | R&gt;G 1/100 | flip 11 bars
📌 Plan: Entry 0.180800 | SL 0.172979 | TP1 0.172979 | TP2 0.166721
📏 Risk: Risk 3.76% | RR TP1 1.00R / TP2 1.80R
🧭 Level Source: actual+fallback
🤖 AI: กลาง | p(win) 60% | exp +3.36%
🧠 Entry AI: รอ | Watch | p(entry) 67% | p(avoid) 0%
📘 กติกาใช้งาน: รอ Watch เมื่อ p(entry) ยังไม่ถึง 80% หรือ p(avoid) ยังสูง | รอบนี้ 67% / 0%
────────────────
🕒 เวลา: 2026-06-18 01:32
📈 TradingView"
69017f5d480b44de,2026-06-18 03:55:27,CDCVIX15,ETH-USD,SELL,15m,64,A,87.1,เข้าได้ตามแผนหลัก แต่ยังต้องเคารพ SL และจังหวะเข้า,,89.6481090111283,109.6492224704606,False,,Trade Plan,,watch,ครบอายุ CDC เดิม แต่ตลาดยังลงต่อ ให้รอราคาใกล้จุดเข้าใหม่ก่อน,ยืนยันเพิ่ม,confirmed,AI เห็นด้วยกับสัญญาณนี้ ใช้เพิ่มความมั่นใจได้,0.6503731449388239,2.687478271157305,6.0,scored,ok,รอ,watch,ผ่านเกณฑ์ Watch monitor ใช้เฝ้าดูจังหวะต่อเนื่อง,premium_standard_v4,watch,watch,watch,watch,,0.4382452070713043,0.5612056255340576,0.0005491542397066951,0.9,0.95,0.8,0.95,0.6,0.75,phase4_entry_quality_v4_utf_prototype,v4_utf_v1,2026-06-15T15:11:15.957378Z,v4_utf_v1,v4_utf_v1,v4_utf_v1,0.0,scored,ok,Watch Only,watch,เป็นแผนเฝ้ารอจังหวะ ไม่ใช่ entry ทันที,-1.0,True,,,,,,,,,1828.8299560546875,1787.1935337611608,,,None,SELL,85.49369670376102,ถือครบ 24 แท่งของแผน CDC แล้ว จึงปิดรอบเพื่อลดการยืดเยื้อ,198,,,,,,,,,,,,,,,,17.0,False,66.0,64.10733563185725,89.6481090111283,,0.0,CDCVIX15|ETH-USD|SELL|2026-06-16 02:30,"🔴 CDC+VixFix 15m SELL | ETH-USD
ETH-USD
────────────────
📍 Snapshot: ราคา 1,740.25 (+0.00%)
🧭 1H Trend: DOWN | STRONG | ActionZone 15m, Price Action 15m
🧪 Edge: Conf 90%
🚦 สถานะ: 🟡 รอ
📝 Decision: ราคาห่างจากจุดเข้า 4.84% แล้ว ไม่ควรไล่ราคา
🎯 Action: ยังไม่เข้า รอราคาเข้าใกล้จุดเข้า หรือรอแท่งยืนยันก่อนค่อยเปิด SELL/Short
⚠️ Note: ครบอายุ CDC เดิม แต่ตลาดยังลงต่อ ให้รอราคาใกล้จุดเข้าใหม่ก่อน
🧠 Context: Forecast SELL 85/100 | Trend ขาลง | R&gt;G 17/100 | flip 10 bars
📌 Plan: Entry 1,828.83 | SL 1,787.19 | TP1 1,787.19 | TP2 1,753.88
📏 Risk: Risk 2.07% | RR TP1 1.00R / TP2 1.80R
🧭 Level Source: actual+fallback
🤖 AI: ยืนยันเพิ่ม | p(win) 65% | exp +2.69%
🧠 Entry AI: รอ | Watch | p(entry) 44% | p(avoid) 0%
📘 กติกาใช้งาน: รอ Watch เมื่อ p(entry) ยังไม่ถึง 80% หรือ p(avoid) ยังสูง | รอบนี้ 44% / 0%
────────────────
🕒 เวลา: 2026-06-18 03:55
📈 TradingView"
1909ef795858730c,2026-06-18 03:55:28,CDCVIX15,BNB-USD,SELL,15m,64,A,87.1,เข้าได้ตามแผนหลัก แต่ยังต้องเคารพ SL และจังหวะเข้า,,89.58526845576957,109.59015234842339,False,,Trade Plan,,watch,ครบอายุ CDC เดิม แต่ตลาดยังลงต่อและราคายังไม่ไกลจากจุดเข้าใหม่,ยืนยันเพิ่ม,confirmed,AI เห็นด้วยกับสัญญาณนี้ ใช้เพิ่มความมั่นใจได้,0.6299079749510336,2.1669883677970545,6.0,scored,ok,รอ,watch,ผ่านเกณฑ์ Watch monitor ใช้เฝ้าดูจังหวะต่อเนื่อง,premium_standard_v4,watch,watch,watch,watch,,0.4448953866958618,0.5545631051063538,0.0005415128543972969,0.9,0.95,0.8,0.95,0.6,0.75,phase4_entry_quality_v4_utf_prototype,v4_utf_v1,2026-06-15T15:11:15.957378Z,v4_utf_v1,v4_utf_v1,v4_utf_v1,0.0,scored,ok,Watch Only,watch,เป็นแผนเฝ้ารอจังหวะ ไม่ใช่ entry ทันที,-1.0,True,,,,,,,,,628.9299926757812,608.6814662388393,,,None,SELL,85.28422818589857,ถือครบ 24 แท่งของแผน CDC แล้ว จึงปิดรอบเพื่อลดการยืดเยื้อ,212,,,,,,,,,,,,,,,,17.0,False,66.0,64.10733563185725,89.58526845576957,,0.0,CDCVIX15|BNB-USD|SELL|2026-06-15 23:00,"🔴 CDC+VixFix 15m SELL | BNB-USD
BNB-USD
────────────────
📍 Snapshot: ราคา 599.03 (+0.00%)
🧭 1H Trend: DOWN | STRONG | ActionZone 15m, Price Action 15m
🧪 Edge: Conf 90%
🚦 สถานะ: 🟡 รอ
📝 Decision: ราคาห่างจากจุดเข้า 4.75% แล้ว ไม่ควรไล่ราคา
🎯 Action: โครงสร้างยังลงต่อ สามารถกด SELL/Short ตามแผนได้ถ้ารับความเสี่ยงตาม SL นี้ได้
⚠️ Note: ครบอายุ CDC เดิม แต่ตลาดยังลงต่อและราคายังไม่ไกลจากจุดเข้าใหม่
🧠 Context: Forecast SELL 85/100 | Trend ขาลง | R&gt;G 17/100 | flip 10 bars
📌 Plan: Entry 628.93 | SL 608.68 | TP1 608.68 | TP2 592.48
📏 Risk: Risk 3.19% | RR TP1 1.00R / TP2 1.80R
🧭 Level Source: actual+fallback
🤖 AI: ยืนยันเพิ่ม | p(win) 63% | exp +2.17%
🧠 Entry AI: รอ | Watch | p(entry) 44% | p(avoid) 0%
📘 กติกาใช้งาน: รอ Watch เมื่อ p(entry) ยังไม่ถึง 80% หรือ p(avoid) ยังสูง | รอบนี้ 44% / 0%
────────────────
🕒 เวลา: 2026-06-18 03:55
📈 TradingView"
d206ff0add8d2953,2026-06-18 07:04:14,CDCVIX15,NEAR-USD,SELL,15m,64,A,87.5,เข้าได้ตามแผนหลัก แต่ยังต้องเคารพ SL และจังหวะเข้า,,91.0,110.91999999999999,False,,Trade Plan,,watch,"cdc_stretched:d_pct=6.757912248708303,d_r=1.5286804293710663",กลาง,neutral,AI มองว่ากลาง ๆ ใช้ช่วยดูเพิ่ม แต่ยังไม่ใช่จังหวะเด่น,0.5513979205577457,3.250220315055417,0.0,scored,ok,รอ,watch,ผ่านเกณฑ์ Watch monitor น่าจับตา แต่ยังไม่ถึงจุดเข้า,premium_standard_v4,watch,watch,watch,entry,,0.7310841679573059,0.26829028129577637,0.000625554530415684,0.9,0.95,0.8,0.95,0.6,0.75,phase4_entry_quality_v4_utf_prototype,v4_utf_v1,2026-06-15T15:11:15.957378Z,v4_utf_v1,v4_utf_v1,v4_utf_v1,0.0,scored,ok,Watch Only,watch,เป็นแผนเฝ้ารอจังหวะ ไม่ใช่ entry ทันที,-1.0,True,,,,,,,,,2.3380000591278076,2.234642948423113,,,None,SELL,92.0,"แนวโน้มสั้นอ่อนแรง, โซน CDC กลับเป็นลบ และโมเมนตัมเอนลง",23,,,,,,,,,,,,,,,,46.0,False,66.0,63.54947621090352,91.0,,0.0,CDCVIX15|NEAR-USD|SELL|2026-06-18 01:30,"🔴 CDC+VixFix 15m SELL | NEAR-USD
NEAR-USD
────────────────
📍 Snapshot: ราคา 2.18 (+0.00%)
🧭 1H Trend: DOWN | STRONG | ActionZone 15m, Price Action 15m
🧪 Edge: Conf 91%
🚦 สถานะ: 🟡 รอ
📝 Decision: ราคาห่างจากจุดเข้า 6.76% แล้ว ไม่ควรไล่ราคา
🎯 Action: สามารถกด SELL/Short ตามแผนได้ หรือใช้เป็นสัญญาณปิด BUY เดิมก่อน
⚠️ Note: ไม่ควรไล่ Short ถ้าราคายังไม่หลุดจุดยืนยันหรือระยะห่างจากจุดเข้าเริ่มกว้าง
🧠 Context: Forecast SELL 92/100 | Trend ขาลง | R&gt;G 46/100 | flip 23 bars
📌 Plan: Entry 2.34 | SL 2.23 | TP1 2.23 | TP2 2.15
📏 Risk: Risk 3.27% | RR TP1 1.00R / TP2 1.80R
🧭 Level Source: actual+fallback
🤖 AI: กลาง | p(win) 55% | exp +3.25%
🧠 Entry AI: รอ | Watch | p(entry) 73% | p(avoid) 0%
📘 กติกาใช้งาน: รอ Watch เมื่อ p(entry) ยังไม่ถึง 80% หรือ p(avoid) ยังสูง | รอบนี้ 73% / 0%
────────────────
🕒 เวลา: 2026-06-18 07:04
📈 TradingView"
07b00739a772bd07,2026-06-18 12:00:55,CDCVIX15,ETH-USD,SELL,15m,64,A,87.5,เข้าได้ตามแผนหลัก แต่ยังต้องเคารพ SL และจังหวะเข้า,,91.0,110.91999999999999,False,,Trade Plan,,watch,ครบอายุ CDC เดิม แต่ตลาดยังลงต่อและราคายังไม่ไกลจากจุดเข้าใหม่,ยืนยันเพิ่ม,confirmed,AI เห็นด้วยกับสัญญาณนี้ ใช้เพิ่มความมั่นใจได้,0.6239772987923184,3.2904516525324565,6.0,scored,ok,รอ,watch,ผ่านเกณฑ์ Watch monitor ใช้เฝ้าดูจังหวะต่อเนื่อง,premium_standard_v4,watch,watch,watch,watch,,0.5132628083229065,0.48616790771484375,0.0005692844861187041,0.9,0.95,0.8,0.95,0.6,0.75,phase4_entry_quality_v4_utf_prototype,v4_utf_v1,2026-06-15T15:11:15.957378Z,v4_utf_v1,v4_utf_v1,v4_utf_v1,0.0,scored,ok,Watch Only,watch,เป็นแผนเฝ้ารอจังหวะ ไม่ใช่ entry ทันที,-1.0,True,,,,,,,,,1828.8299560546875,1754.6406103515626,,,None,SELL,92.0,ถือครบ 24 แท่งของแผน CDC แล้ว จึงปิดรอบเพื่อลดการยืดเยื้อ,230,,,,,,,,,,,,,,,,15.0,False,66.0,63.347873594989565,91.0,,0.0,CDCVIX15|ETH-USD|SELL|2026-06-16 02:30,"🔴 CDC+VixFix 15m SELL | ETH-USD
ETH-USD
────────────────
📍 Snapshot: ราคา 1,728.71 (+0.00%)
🧭 1H Trend: DOWN | STRONG | ActionZone 15m, Price Action 15m
🧪 Edge: Conf 91%
🚦 สถานะ: 🟡 รอ
📝 Decision: ราคาห่างจากจุดเข้า 5.47% แล้ว ไม่ควรไล่ราคา
🎯 Action: โครงสร้างยังลงต่อ สามารถกด SELL/Short ตามแผนได้ถ้ารับความเสี่ยงตาม SL นี้ได้
⚠️ Note: ครบอายุ CDC เดิม แต่ตลาดยังลงต่อและราคายังไม่ไกลจากจุดเข้าใหม่
🧠 Context: Forecast SELL 92/100 | Trend ขาลง | R&gt;G 15/100 | flip 16 bars
📌 Plan: Entry 1,828.83 | SL 1,754.64 | TP1 1,754.64 | TP2 1,695.29
📏 Risk: Risk 4.02% | RR TP1 1.00R / TP2 1.80R
🧭 Level Source: actual+fallback
🤖 AI: ยืนยันเพิ่ม | p(win) 62% | exp +3.29%
🧠 Entry AI: รอ | Watch | p(entry) 51% | p(avoid) 0%
📘 กติกาใช้งาน: รอ Watch เมื่อ p(entry) ยังไม่ถึง 80% หรือ p(avoid) ยังสูง | รอบนี้ 51% / 0%
────────────────
🕒 เวลา: 2026-06-18 12:00
📈 TradingView"
b184961b133c02c3,2026-06-18 12:00:56,CDCVIX15,NEAR-USD,SELL,15m,64,A,87.5,เข้าได้ตามแผนหลัก แต่ยังต้องเคารพ SL และจังหวะเข้า,,91.0,110.91999999999999,False,,Trade Plan,,watch,ครบอายุ CDC เดิม แต่ตลาดยังลงต่อและราคายังไม่ไกลจากจุดเข้าใหม่,กลาง,neutral,AI มองว่ากลาง ๆ ใช้ช่วยดูเพิ่ม แต่ยังไม่ใช่จังหวะเด่น,0.522125238440396,3.6069647302290617,0.0,scored,ok,รอ,watch,ผ่านเกณฑ์ Watch monitor น่าจับตา แต่ยังไม่ถึงจุดเข้า,premium_standard_v4,watch,watch,watch,entry,,0.6867722868919373,0.3124808371067047,0.0007469349075108767,0.9,0.95,0.8,0.95,0.6,0.75,phase4_entry_quality_v4_utf_prototype,v4_utf_v1,2026-06-15T15:11:15.957378Z,v4_utf_v1,v4_utf_v1,v4_utf_v1,0.0,scored,ok,Watch Only,watch,เป็นแผนเฝ้ารอจังหวะ ไม่ใช่ entry ทันที,-1.0,True,,,,,,,,,2.3380000591278076,2.206857136317662,,,None,SELL,92.0,ถือครบ 24 แท่งของแผน CDC แล้ว จึงปิดรอบเพื่อลดการยืดเยื้อ,42,,,,,,,,,,,,,,,,46.0,False,66.0,63.347873594989565,91.0,,0.0,CDCVIX15|NEAR-USD|SELL|2026-06-18 01:30,"🔴 CDC+VixFix 15m SELL | NEAR-USD
NEAR-USD
────────────────
📍 Snapshot: ราคา 2.16 (+0.00%)
🧭 1H Trend: DOWN | STRONG | ActionZone 15m, Price Action 15m
🧪 Edge: Conf 91%
🚦 สถานะ: 🟡 รอ
📝 Decision: ราคาห่างจากจุดเข้า 7.44% แล้ว ไม่ควรไล่ราคา
🎯 Action: โครงสร้างยังลงต่อ สามารถกด SELL/Short ตามแผนได้ถ้ารับความเสี่ยงตาม SL นี้ได้
⚠️ Note: ครบอายุ CDC เดิม แต่ตลาดยังลงต่อและราคายังไม่ไกลจากจุดเข้าใหม่
🧠 Context: Forecast SELL 92/100 | Trend ขาลง | R&gt;G 46/100 | flip 42 bars
📌 Plan: Entry 2.34 | SL 2.21 | TP1 2.21 | TP2 2.10
📏 Risk: Risk 4.88% | RR TP1 1.00R / TP2 1.80R
🧭 Level Source: actual+fallback
🤖 AI: กลาง | p(win) 52% | exp +3.61%
🧠 Entry AI: รอ | Watch | p(entry) 69% | p(avoid) 0%
📘 กติกาใช้งาน: รอ Watch เมื่อ p(entry) ยังไม่ถึง 80% หรือ p(avoid) ยังสูง | รอบนี้ 69% / 0%
────────────────
🕒 เวลา: 2026-06-18 12:00
📈 TradingView"
984c99ca500d5b35,2026-06-18 23:02:33,CDCVIX15,NEAR-USD,SELL,15m,64,A,86.4,เข้าได้ตามแผนหลัก แต่ยังต้องเคารพ SL และจังหวะเข้า,,88.97808952911352,109.01940415736671,False,,Trade Plan,,watch,ครบอายุ CDC เดิม แต่ตลาดยังลงต่อ ให้รอราคาใกล้จุดเข้าใหม่ก่อน,ยืนยันเพิ่ม,confirmed,AI เห็นด้วยกับสัญญาณนี้ ใช้เพิ่มความมั่นใจได้,0.6114769009304405,2.1466470426389623,6.0,scored,ok,รอ,watch,ผ่านเกณฑ์ Watch monitor ใช้เฝ้าดูจังหวะต่อเนื่อง,premium_standard_v4,watch,watch,watch,watch,CDCVIX15,0.3436383418657078,0.15989876773480302,0.4964628903994892,0.6,0.95,0.55,0.9,0.5,0.85,phase4_entry_quality_v4_utf_calibrated,v4_utf_v2,2026-06-18T12:10:15.151463Z,v4_utf_v2,v4_utf_v2,v4_utf_v2,0.0,scored,ok,Watch Only,watch,เป็นแผนเฝ้ารอจังหวะ ไม่ใช่ entry ทันที,-1.0,True,,,,,,,,,2.3380000591278076,2.310642736298697,,,None,SELL,83.2602984303784,ถือครบ 24 แท่งของแผน CDC แล้ว จึงปิดรอบเพื่อลดการยืดเยื้อ,87,,,,,,,,,,,,,,,,17.0,False,66.0,63.70004353077783,88.97808952911352,,0.0,CDCVIX15|NEAR-USD|SELL|2026-06-18 01:30,"🔴 CDC+VixFix 15m SELL | NEAR-USD
NEAR-USD
────────────────
📍 Snapshot: ราคา 2.20 (+0.00%)
🧭 1H Trend: DOWN | STRONG | ActionZone 15m, Price Action 15m
🧪 Edge: Conf 89%
🚦 สถานะ: 🟡 รอ
📝 Decision: ราคาห่างจากจุดเข้า 5.69% แล้ว ไม่ควรไล่ราคา
🎯 Action: ยังไม่เข้า รอราคาเข้าใกล้จุดเข้า หรือรอแท่งยืนยันก่อนค่อยเปิด SELL/Short
⚠️ Note: ครบอายุ CDC เดิม แต่ตลาดยังลงต่อ ให้รอราคาใกล้จุดเข้าใหม่ก่อน
🧠 Context: Forecast SELL 83/100 | Trend ขาลง | R&gt;G 17/100 | flip 10 bars
📌 Plan: Entry 2.34 | SL 2.31 | TP1 2.31 | TP2 2.28
📏 Risk: Risk 0.87% | RR TP1 1.20R / TP2 2.10R
🧭 Level Source: actual+fallback
🤖 AI: ยืนยันเพิ่ม | p(win) 61% | exp +2.15%
🧠 Entry AI: รอ | Watch | p(entry) 34% | p(avoid) 50%
📘 กติกาใช้งาน: รอ Watch เมื่อ p(entry) ยังไม่ถึง 80% หรือ p(avoid) ยังสูง | รอบนี้ 34% / 50%
────────────────
🕒 เวลา: 2026-06-18 23:02
📈 TradingView"
7d6456a4033197c5,2026-06-18 23:02:34,CDCVIX15,BTC-USD,SELL,15m,64,A,87.5,เข้าได้ตามแผนหลัก แต่ยังต้องเคารพ SL และจังหวะเข้า,,91.0,110.91999999999999,False,,Trade Plan,,watch,ครบอายุ CDC เดิม แต่ตลาดยังลงต่อและราคายังไม่ไกลจากจุดเข้าใหม่,กลาง,neutral,AI มองว่ากลาง ๆ ใช้ช่วยดูเพิ่ม แต่ยังไม่ใช่จังหวะเด่น,0.5652812521798,1.3555313650266023,0.0,scored,ok,รอ,watch,ผ่านเกณฑ์ Watch monitor ใช้เฝ้าดูจังหวะต่อเนื่อง,premium_standard_v4,watch,watch,watch,watch,CDCVIX15,0.20437540054736517,0.271145226513816,0.5244793729388189,0.6,0.95,0.55,0.9,0.5,0.85,phase4_entry_quality_v4_utf_calibrated,v4_utf_v2,2026-06-18T12:10:15.151463Z,v4_utf_v2,v4_utf_v2,v4_utf_v2,0.0,scored,ok,Watch Only,watch,เป็นแผนเฝ้ารอจังหวะ ไม่ใช่ entry ทันที,-1.0,True,,,,,,,,,65691.4765625,63528.792689732145,,,None,SELL,92.0,ถือครบ 24 แท่งของแผน CDC แล้ว จึงปิดรอบเพื่อลดการยืดเยื้อ,313,,,,,,,,,,,,,,,,1.0,False,66.0,63.70004353077783,91.0,,0.0,CDCVIX15|BTC-USD|SELL|2026-06-15 17:00,"🔴 CDC+VixFix 15m SELL | BTC-USD
BTC-USD
────────────────
📍 Snapshot: ราคา 62,511.00 (+0.00%)
🧭 1H Trend: DOWN | STRONG | ActionZone 15m, Price Action 15m
🧪 Edge: Conf 91%
🚦 สถานะ: 🟡 รอ
📝 Decision: ราคาห่างจากจุดเข้า 4.84% แล้ว ไม่ควรไล่ราคา
🎯 Action: โครงสร้างยังลงต่อ สามารถกด SELL/Short ตามแผนได้ถ้ารับความเสี่ยงตาม SL นี้ได้
⚠️ Note: ครบอายุ CDC เดิม แต่ตลาดยังลงต่อและราคายังไม่ไกลจากจุดเข้าใหม่
🧠 Context: Forecast SELL 92/100 | Trend ขาลง | R&gt;G 1/100 | flip 12 bars
📌 Plan: Entry 65,691.48 | SL 63,528.79 | TP1 63,528.79 | TP2 61,798.65
📏 Risk: Risk 2.86% | RR TP1 1.00R / TP2 1.80R
🧭 Level Source: actual+fallback
🤖 AI: กลาง | p(win) 57% | exp +1.36%
🧠 Entry AI: รอ | Watch | p(entry) 20% | p(avoid) 52%
📘 กติกาใช้งาน: รอ Watch เมื่อ p(entry) ยังไม่ถึง 80% หรือ p(avoid) ยังสูง | รอบนี้ 20% / 52%
────────────────
🕒 เวลา: 2026-06-18 23:02
📈 TradingView"
e1b6ce90f9e57c6c,2026-06-18 23:07:47,CDCVIX15,NEAR-USD,SELL,15m,64,A,86.5,เข้าได้ตามแผนหลัก แต่ยังต้องเคารพ SL และจังหวะเข้า,,89.03288007676424,109.07090727215838,False,,Trade Plan,,watch,ครบอายุ CDC เดิม แต่ตลาดยังลงต่อ ให้รอราคาใกล้จุดเข้าใหม่ก่อน,ยืนยันเพิ่ม,confirmed,AI เห็นด้วยกับสัญญาณนี้ ใช้เพิ่มความมั่นใจได้,0.6107769108688209,2.160840342547754,6.0,scored,ok,รอ,watch,ผ่านเกณฑ์ Watch monitor ใช้เฝ้าดูจังหวะต่อเนื่อง,premium_standard_v4,watch,watch,watch,watch,CDCVIX15,0.35075896992364614,0.15536583481910263,0.49387519525725126,0.6,0.95,0.55,0.9,0.5,0.85,phase4_entry_quality_v4_utf_calibrated,v4_utf_v2,2026-06-18T12:10:15.151463Z,v4_utf_v2,v4_utf_v2,v4_utf_v2,0.0,scored,ok,Watch Only,watch,เป็นแผนเฝ้ารอจังหวะ ไม่ใช่ entry ทันที,-1.0,True,,,,,,,,,2.3380000591278076,2.3100714002336775,,,None,SELL,83.44293358921416,ถือครบ 24 แท่งของแผน CDC แล้ว จึงปิดรอบเพื่อลดการยืดเยื้อ,87,,,,,,,,,,,,,,,,17.0,False,66.0,63.724876544775,89.03288007676424,,0.0,CDCVIX15|NEAR-USD|SELL|2026-06-18 01:30,"🔴 CDC+VixFix 15m SELL | NEAR-USD
NEAR-USD
────────────────
📍 Snapshot: ราคา 2.20 (+0.00%)
🧭 1H Trend: DOWN | STRONG | ActionZone 15m, Price Action 15m
🧪 Edge: Conf 89%
🚦 สถานะ: 🟡 รอ
📝 Decision: ราคาห่างจากจุดเข้า 5.73% แล้ว ไม่ควรไล่ราคา
🎯 Action: ยังไม่เข้า รอราคาเข้าใกล้จุดเข้า หรือรอแท่งยืนยันก่อนค่อยเปิด SELL/Short
⚠️ Note: ครบอายุ CDC เดิม แต่ตลาดยังลงต่อ ให้รอราคาใกล้จุดเข้าใหม่ก่อน
🧠 Context: Forecast SELL 83/100 | Trend ขาลง | R&gt;G 17/100 | flip 10 bars
📌 Plan: Entry 2.34 | SL 2.31 | TP1 2.30 | TP2 2.28
📏 Risk: Risk 0.88% | RR TP1 1.20R / TP2 2.10R
🧭 Level Source: actual+fallback
🤖 AI: ยืนยันเพิ่ม | p(win) 61% | exp +2.16%
🧠 Entry AI: รอ | Watch | p(entry) 35% | p(avoid) 49%
📘 กติกาใช้งาน: รอ Watch เมื่อ p(entry) ยังไม่ถึง 80% หรือ p(avoid) ยังสูง | รอบนี้ 35% / 49%
────────────────
🕒 เวลา: 2026-06-18 23:07
📈 TradingView"
91e092226d664d57,2026-06-18 23:07:47,CDCVIX15,SOL-USD,SELL,15m,64,A,87.5,เข้าได้ตามแผนหลัก แต่ยังต้องเคารพ SL และจังหวะเข้า,,91.0,119.18,False,,Trade Plan,,watch,ครบอายุ CDC เดิม แต่ตลาดยังลงต่อและราคายังไม่ไกลจากจุดเข้าใหม่,ยังไม่ชัด,low_conviction,AI ยังไม่มั่นใจพอ ควรรอดูเพิ่ม,0.4025026805856033,1.2575102432958953,-2.5,scored,ok,รอ,watch,ผ่านเกณฑ์ Watch monitor ใช้เฝ้าดูจังหวะต่อเนื่อง,premium_standard_v4,watch,watch,watch,watch,CDCVIX15,0.27365725822242465,0.2096205808937083,0.5167221608838669,0.6,0.95,0.55,0.9,0.5,0.85,phase4_entry_quality_v4_utf_calibrated,v4_utf_v2,2026-06-18T12:10:15.151463Z,v4_utf_v2,v4_utf_v2,v4_utf_v2,0.0,scored,ok,Watch Only,watch,เป็นแผนเฝ้ารอจังหวะ ไม่ใช่ entry ทันที,-1.0,True,,,,,,,,,75.33000183105469,70.4099954877581,,,None,SELL,92.0,ถือครบ 24 แท่งของแผน CDC แล้ว จึงปิดรอบเพื่อลดการยืดเยื้อ,281,,,,,,,,,,,,,,,,1.0,False,66.0,63.724876544775,91.0,,0.0,CDCVIX15|SOL-USD|SELL|2026-06-16 01:00,"🔴 CDC+VixFix 15m SELL | SOL-USD
SOL-USD
────────────────
📍 Snapshot: ราคา 68.67 (+0.00%)
🧭 1H Trend: DOWN | STRONG | ActionZone 15m, Price Action 15m
🧪 Edge: Conf 91%
🚦 สถานะ: 🟡 รอ
📝 Decision: ราคาห่างจากจุดเข้า 8.84% แล้ว ไม่ควรไล่ราคา
🎯 Action: โครงสร้างยังลงต่อ สามารถกด SELL/Short ตามแผนได้ถ้ารับความเสี่ยงตาม SL นี้ได้
⚠️ Note: ครบอายุ CDC เดิม แต่ตลาดยังลงต่อและราคายังไม่ไกลจากจุดเข้าใหม่
🧠 Context: Forecast SELL 92/100 | Trend ขาลง | R&gt;G 1/100 | flip 30 bars
📌 Plan: Entry 75.33 | SL 70.41 | TP1 70.41 | TP2 66.47
📏 Risk: Risk 6.47% | RR TP1 1.00R / TP2 1.80R
🧭 Level Source: actual+fallback
🤖 AI: ยังไม่ชัด | p(win) 40% | exp +1.26%
🧠 Entry AI: รอ | Watch | p(entry) 27% | p(avoid) 52%
📘 กติกาใช้งาน: รอ Watch เมื่อ p(entry) ยังไม่ถึง 80% หรือ p(avoid) ยังสูง | รอบนี้ 27% / 52%
────────────────
🕒 เวลา: 2026-06-18 23:07
📈 TradingView"
01f49917fb46ead7,2026-06-19 04:12:48,CDCVIX15,PAXG-USD,SELL,15m,64,A,87.5,เข้าได้ตามแผนหลัก แต่ยังต้องเคารพ SL และจังหวะเข้า,,91.0,110.91999999999999,False,,Trade Plan,,watch,ครบอายุ CDC เดิม แต่ตลาดยังลงต่อและราคายังไม่ไกลจากจุดเข้าใหม่,ยืนยันเพิ่ม,confirmed,AI เห็นด้วยกับสัญญาณนี้ ใช้เพิ่มความมั่นใจได้,0.8607479552301188,2.284983363435834,6.0,scored,ok,รอ,watch,ผ่านเกณฑ์ Watch monitor ใช้เฝ้าดูจังหวะต่อเนื่อง,premium_standard_v4,watch,watch,watch,watch,CDCVIX15,0.21346982872799777,0.2623034847975159,0.5242266864744862,0.6,0.95,0.55,0.9,0.5,0.85,phase4_entry_quality_v4_utf_calibrated,v4_utf_v2,2026-06-18T12:10:15.151463Z,v4_utf_v2,v4_utf_v2,v4_utf_v2,0.0,scored,ok,Watch Only,watch,เป็นแผนเฝ้ารอจังหวะ ไม่ใช่ entry ทันที,-1.0,True,,,,,,,,,4340.18017578125,4266.745290527344,,,None,SELL,92.0,ถือครบ 24 แท่งของแผน CDC แล้ว จึงปิดรอบเพื่อลดการยืดเยื้อ,322,,,,,,,,,,,,,,,,30.0,False,66.0,63.472208625589246,91.0,,0.0,CDCVIX15|PAXG-USD|SELL|2026-06-15 19:45,"🔴 CDC+VixFix 15m SELL | PAXG-USD
PAXG-USD
────────────────
📍 Snapshot: ราคา 4,203.69 (+0.00%)
🧭 1H Trend: DOWN | STRONG | ActionZone 15m, Price Action 15m
🧪 Edge: Conf 91%
🚦 สถานะ: 🟡 รอ
📝 Decision: ราคาห่างจากจุดเข้า 3.14% แล้ว ไม่ควรไล่ราคา
🎯 Action: โครงสร้างยังลงต่อ สามารถกด SELL/Short ตามแผนได้ถ้ารับความเสี่ยงตาม SL นี้ได้
⚠️ Note: ครบอายุ CDC เดิม แต่ตลาดยังลงต่อและราคายังไม่ไกลจากจุดเข้าใหม่
🧠 Context: Forecast SELL 92/100 | Trend ขาลง | R&gt;G 30/100 | flip 66 bars
📌 Plan: Entry 4,340.18 | SL 4,266.75 | TP1 4,266.75 | TP2 4,208.00
📏 Risk: Risk 1.68% | RR TP1 1.00R / TP2 1.80R
🧭 Level Source: actual+fallback
🤖 AI: ยืนยันเพิ่ม | p(win) 86% | exp +2.28%
🧠 Entry AI: รอ | Watch | p(entry) 21% | p(avoid) 52%
📘 กติกาใช้งาน: รอ Watch เมื่อ p(entry) ยังไม่ถึง 80% หรือ p(avoid) ยังสูง | รอบนี้ 21% / 52%
────────────────
🕒 เวลา: 2026-06-19 04:12
📈 TradingView"
765e46f123427ad5,2026-06-19 06:05:42,CDCVIX15,PAXG-USD,SELL,15m,64,A,87.5,เข้าได้ตามแผนหลัก แต่ยังต้องเคารพ SL และจังหวะเข้า,,91.0,119.18,False,,Trade Plan,,watch,ครบอายุ CDC เดิม แต่ตลาดยังลงต่อและราคายังไม่ไกลจากจุดเข้าใหม่,ยืนยันเพิ่ม,confirmed,AI เห็นด้วยกับสัญญาณนี้ ใช้เพิ่มความมั่นใจได้,0.8308189727445219,2.1289718017514563,6.0,scored,ok,รอ,watch,ผ่านเกณฑ์ Watch monitor ใช้เฝ้าดูจังหวะต่อเนื่อง,premium_standard_v4,watch,watch,watch,watch,CDCVIX15,0.171066318453007,0.3068723790644126,0.5220613024825804,0.6,0.95,0.55,0.9,0.5,0.85,phase4_entry_quality_v4_utf_calibrated,v4_utf_v2,2026-06-18T12:10:15.151463Z,v4_utf_v2,v4_utf_v2,v4_utf_v2,0.0,scored,ok,Watch Only,watch,เป็นแผนเฝ้ารอจังหวะ ไม่ใช่ entry ทันที,-1.0,True,,,,,,,,,4340.18017578125,4255.3875,,,None,SELL,92.0,ถือครบ 24 แท่งของแผน CDC แล้ว จึงปิดรอบเพื่อลดการยืดเยื้อ,330,,,,,,,,,,,,,,,,30.0,False,66.0,63.32761660778681,91.0,,0.0,CDCVIX15|PAXG-USD|SELL|2026-06-15 19:45,"🔴 CDC+VixFix 15m SELL | PAXG-USD
PAXG-USD
────────────────
📍 Snapshot: ราคา 4,192.50 (+0.00%)
🧭 1H Trend: DOWN | STRONG | ActionZone 15m, Price Action 15m
🧪 Edge: Conf 91%
🚦 สถานะ: 🟡 รอ
📝 Decision: ราคาห่างจากจุดเข้า 3.40% แล้ว ไม่ควรไล่ราคา
🎯 Action: โครงสร้างยังลงต่อ สามารถกด SELL/Short ตามแผนได้ถ้ารับความเสี่ยงตาม SL นี้ได้
⚠️ Note: ครบอายุ CDC เดิม แต่ตลาดยังลงต่อและราคายังไม่ไกลจากจุดเข้าใหม่
🧠 Context: Forecast SELL 92/100 | Trend ขาลง | R&gt;G 30/100 | flip 74 bars
📌 Plan: Entry 4,340.18 | SL 4,255.39 | TP1 4,255.39 | TP2 4,187.55
📏 Risk: Risk 1.93% | RR TP1 1.00R / TP2 1.80R
🧭 Level Source: actual+fallback
🤖 AI: ยืนยันเพิ่ม | p(win) 83% | exp +2.13%
🧠 Entry AI: รอ | Watch | p(entry) 17% | p(avoid) 52%
📘 กติกาใช้งาน: รอ Watch เมื่อ p(entry) ยังไม่ถึง 80% หรือ p(avoid) ยังสูง | รอบนี้ 17% / 52%
────────────────
🕒 เวลา: 2026-06-19 06:05
📈 TradingView"
e2e9510014e1aa82,2026-06-19 06:05:42,CDCVIX15,BTC-USD,SELL,15m,64,A,87.2,เข้าได้ตามแผนหลัก แต่ยังต้องเคารพ SL และจังหวะเข้า,,89.74798149706159,109.74310260723789,False,,Trade Plan,,watch,ครบอายุ CDC เดิม แต่ตลาดยังลงต่อและราคายังไม่ไกลจากจุดเข้าใหม่,กลาง,neutral,AI มองว่ากลาง ๆ ใช้ช่วยดูเพิ่ม แต่ยังไม่ใช่จังหวะเด่น,0.5580012795624898,1.2231175624973087,0.0,scored,ok,รอ,watch,ผ่านเกณฑ์ Watch monitor ใช้เฝ้าดูจังหวะต่อเนื่อง,premium_standard_v4,watch,watch,watch,watch,CDCVIX15,0.2516922817518911,0.22756544527532116,0.5207422729727877,0.6,0.95,0.55,0.9,0.5,0.85,phase4_entry_quality_v4_utf_calibrated,v4_utf_v2,2026-06-18T12:10:15.151463Z,v4_utf_v2,v4_utf_v2,v4_utf_v2,0.0,scored,ok,Watch Only,watch,เป็นแผนเฝ้ารอจังหวะ ไม่ใช่ entry ทันที,-1.0,True,,,,,,,,,65691.4765625,63713.88529296875,,,None,SELL,85.82660499020528,ถือครบ 24 แท่งของแผน CDC แล้ว จึงปิดรอบเพื่อลดการยืดเยื้อ,341,,,,,,,,,,,,,,,,1.0,False,66.0,63.32761660778681,89.74798149706159,,0.0,CDCVIX15|BTC-USD|SELL|2026-06-15 17:00,"🔴 CDC+VixFix 15m SELL | BTC-USD
BTC-USD
────────────────
📍 Snapshot: ราคา 62,772.30 (+0.00%)
🧭 1H Trend: DOWN | STRONG | ActionZone 15m, Price Action 15m
🧪 Edge: Conf 90%
🚦 สถานะ: 🟡 รอ
📝 Decision: ราคาห่างจากจุดเข้า 4.44% แล้ว ไม่ควรไล่ราคา
🎯 Action: โครงสร้างยังลงต่อ สามารถกด SELL/Short ตามแผนได้ถ้ารับความเสี่ยงตาม SL นี้ได้
⚠️ Note: ครบอายุ CDC เดิม แต่ตลาดยังลงต่อและราคายังไม่ไกลจากจุดเข้าใหม่
🧠 Context: Forecast SELL 86/100 | Trend ขาลง | R&gt;G 1/100 | flip 40 bars
📌 Plan: Entry 65,691.48 | SL 63,713.89 | TP1 63,713.89 | TP2 62,131.81
📏 Risk: Risk 2.62% | RR TP1 1.00R / TP2 1.80R
🧭 Level Source: actual+fallback
🤖 AI: กลาง | p(win) 56% | exp +1.22%
🧠 Entry AI: รอ | Watch | p(entry) 25% | p(avoid) 52%
📘 กติกาใช้งาน: รอ Watch เมื่อ p(entry) ยังไม่ถึง 80% หรือ p(avoid) ยังสูง | รอบนี้ 25% / 52%
────────────────
🕒 เวลา: 2026-06-19 06:05
📈 TradingView"
db7e09f82d9f33ce,2026-06-19 09:05:00,DAILY_SUMMARY,,INFO,15m,64,B,80.9,เข้าได้ แต่ควรลดขนาดไม้ลงเล็กน้อยหากราคาเริ่มไล่ห่าง,,67.66917293233082,67.66917293233082,False,,,,,,,,,,,,,,,,,,,,,,,,,,,,,,,,,,,,,,,,,,,,,,,,,,,,,,,,,,,,,,,,,,,,,,,,,,,,,,,,66.0,63.22508080910246,67.66917293233082,2.0397444384821344,266.0,DAILYSUMMARY_EXEC|20260619,"Daily 09:00 Executive Summary
⏱️ เวลา: 2026-06-19 09:05
🤖 Runtime: ON | phase4_entry_quality_v5_3_clean_rerun_model.joblib | ver v4_utf_v2 | trained 2026-06-18T12:10:15.151463Z
🧭 Promotion: CDCVIX15:premium|standard|watch;PA15:watch
🧪 Latest Run: 2026-06-19 06:05:42 | raw 5 -> cand 2 -> sent 2
📤 Dispatch: daily_pick 0 | daily_summary 0 | quality drops all weather no actionable subplans 11, trend radar watch intent filtered 8, สัญญาณเกิน 7 แท่ง ไม่สดพอ 4
📣 Alert 1.0d: 9 alerts | directional 9 | daily_pick 0 | symbols 5
📊 Mix: intent watch 9 | tier watch 9
🗂️ Top Flow: strategy CDCVIX15 9 | symbol NEAR-USD 3, BTC-USD 2, PAXG-USD 2
🕒 Latest Alert: 2026-06-19 06:05:42
🎯 Realized 45d: settled 266 | WR 67.7% | RR 2.04 | PnL 4.89%
📅 Realized Updated: 2026-06-19 06:05:42
🔁 Feedback Loop: feedback - ready | train - filled | calibration - | shadow -
📌 Top Candidates Now:
1. CDCVIX15 | NEAR-USD | SELL | tier avoid | conf 85% | score 113.1 | WR 85.0%"
c15496a3d74cc145,2026-06-19 14:26:24,CDCVIX15,BTC-USD,SELL,15m,64,A,87.5,เข้าได้ตามแผนหลัก แต่ยังต้องเคารพ SL และจังหวะเข้า,,95.0,114.67999999999999,False,,Trade Plan,,watch,ครบอายุ CDC เดิม แต่ตลาดยังลงต่อและราคายังไม่ไกลจากจุดเข้าใหม่,ยืนยันเพิ่ม,confirmed,AI เห็นด้วยกับสัญญาณนี้ ใช้เพิ่มความมั่นใจได้,0.6251205280569772,1.4586185858817908,6.0,scored,ok,รอ,watch,ผ่านเกณฑ์ Watch monitor ใช้เฝ้าดูจังหวะต่อเนื่อง,premium_standard_v4,watch,watch,watch,watch,CDCVIX15,0.19223551867829092,0.2836184278199837,0.5241460535017254,0.6,0.95,0.55,0.9,0.5,0.85,phase4_entry_quality_v4_utf_calibrated,v4_utf_v2,2026-06-18T12:10:15.151463Z,v4_utf_v2,v4_utf_v2,v4_utf_v2,0.0,scored,ok,Watch Only,watch,เป็นแผนเฝ้ารอจังหวะ ไม่ใช่ entry ทันที,-1.0,True,,,,,,,,,65691.4765625,63653.06458984375,,,None,SELL,90.74450212523935,ถือครบ 24 แท่งของแผน CDC แล้ว จึงปิดรอบเพื่อลดการยืดเยื้อ,374,,,,,,,,,,,,,,,,15.0,False,66.0,63.464867792332115,95.0,,0.0,CDCVIX15|BTC-USD|SELL|2026-06-15 17:00,"🔴 CDC+VixFix 15m SELL | BTC-USD
BTC-USD
────────────────
📍 Snapshot: ราคา 62,712.38 (+0.00%)
🧭 1H Trend: DOWN | STRONG | ActionZone 15m, Price Action 15m
🧪 Edge: Conf 95%
🚦 สถานะ: 🟡 รอ
📝 Decision: ราคาห่างจากจุดเข้า 4.53% แล้ว ไม่ควรไล่ราคา
🎯 Action: โครงสร้างยังลงต่อ สามารถกด SELL/Short ตามแผนได้ถ้ารับความเสี่ยงตาม SL นี้ได้
⚠️ Note: ครบอายุ CDC เดิม แต่ตลาดยังลงต่อและราคายังไม่ไกลจากจุดเข้าใหม่
🧠 Context: Forecast SELL 91/100 | Trend ขาลง | R&gt;G 15/100 | flip 73 bars
📌 Plan: Entry 65,691.48 | SL 63,653.06 | TP1 63,653.06 | TP2 62,022.34
📏 Risk: Risk 2.70% | RR TP1 1.00R / TP2 1.80R
🧭 Level Source: actual+fallback
🤖 AI: ยืนยันเพิ่ม | p(win) 63% | exp +1.46%
🧠 Entry AI: รอ | Watch | p(entry) 19% | p(avoid) 52%
📘 กติกาใช้งาน: รอ Watch เมื่อ p(entry) ยังไม่ถึง 80% หรือ p(avoid) ยังสูง | รอบนี้ 19% / 52%
────────────────
🕒 เวลา: 2026-06-19 14:26
📈 TradingView"
64808f5776810729,2026-06-19 14:26:24,CDCVIX15,LINK-USD,SELL,15m,64,A,87.5,เข้าได้ตามแผนหลัก แต่ยังต้องเคารพ SL และจังหวะเข้า,,91.0,110.91999999999999,False,,Trade Plan,,watch,ครบอายุ CDC เดิม แต่ตลาดยังลงต่อและราคายังไม่ไกลจากจุดเข้าใหม่,กลาง,neutral,AI มองว่ากลาง ๆ ใช้ช่วยดูเพิ่ม แต่ยังไม่ใช่จังหวะเด่น,0.5193926665897902,2.4157111538367593,0.0,scored,ok,รอ,watch,ผ่านเกณฑ์ Watch monitor ใช้เฝ้าดูจังหวะต่อเนื่อง,premium_standard_v4,watch,watch,watch,watch,CDCVIX15,0.15765606047079633,0.3228918102248775,0.5194521293043262,0.6,0.95,0.55,0.9,0.5,0.85,phase4_entry_quality_v4_utf_calibrated,v4_utf_v2,2026-06-18T12:10:15.151463Z,v4_utf_v2,v4_utf_v2,v4_utf_v2,0.0,scored,ok,Watch Only,watch,เป็นแผนเฝ้ารอจังหวะ ไม่ใช่ entry ทันที,-1.0,True,,,,,,,,,8.357000350952148,7.989064810276031,,,None,SELL,92.0,ถือครบ 24 แท่งของแผน CDC แล้ว จึงปิดรอบเพื่อลดการยืดเยื้อ,364,,,,,,,,,,,,,,,,26.0,False,66.0,63.464867792332115,91.0,,0.0,CDCVIX15|LINK-USD|SELL|2026-06-15 19:30,"🔴 CDC+VixFix 15m SELL | LINK-USD
LINK-USD
────────────────
📍 Snapshot: ราคา 7.87 (+0.00%)
🧭 1H Trend: DOWN | STRONG | ActionZone 15m, Price Action 15m
🧪 Edge: Conf 91%
🚦 สถานะ: 🟡 รอ
📝 Decision: ราคาห่างจากจุดเข้า 5.82% แล้ว ไม่ควรไล่ราคา
🎯 Action: โครงสร้างยังลงต่อ สามารถกด SELL/Short ตามแผนได้ถ้ารับความเสี่ยงตาม SL นี้ได้
⚠️ Note: ครบอายุ CDC เดิม แต่ตลาดยังลงต่อและราคายังไม่ไกลจากจุดเข้าใหม่
🧠 Context: Forecast SELL 92/100 | Trend ขาลง | R&gt;G 26/100 | flip 33 bars
📌 Plan: Entry 8.36 | SL 7.99 | TP1 7.99 | TP2 7.69
📏 Risk: Risk 4.36% | RR TP1 1.00R / TP2 1.80R
🧭 Level Source: actual+fallback
🤖 AI: กลาง | p(win) 52% | exp +2.42%
🧠 Entry AI: รอ | Watch | p(entry) 16% | p(avoid) 52%
📘 กติกาใช้งาน: รอ Watch เมื่อ p(entry) ยังไม่ถึง 80% หรือ p(avoid) ยังสูง | รอบนี้ 16% / 52%
────────────────
🕒 เวลา: 2026-06-19 14:26
📈 TradingView"
ea26f580d4e895db,2026-06-19 18:15:32,CDCVIX15,PAXG-USD,SELL,15m,64,A,87.5,เข้าได้ตามแผนหลัก แต่ยังต้องเคารพ SL และจังหวะเข้า,,91.0,110.91999999999999,False,,Trade Plan,,watch,ครบอายุ CDC เดิม แต่ตลาดยังลงต่อและราคายังไม่ไกลจากจุดเข้าใหม่,ยืนยันเพิ่ม,confirmed,AI เห็นด้วยกับสัญญาณนี้ ใช้เพิ่มความมั่นใจได้,0.8421795651779186,2.7251176420838963,6.0,scored,ok,รอ,watch,ผ่านเกณฑ์ Watch monitor ใช้เฝ้าดูจังหวะต่อเนื่อง,premium_standard_v4,watch,watch,watch,watch,CDCVIX15,0.23911787380353688,0.23858169706972593,0.5223004291267372,0.6,0.95,0.55,0.9,0.5,0.85,phase4_entry_quality_v4_utf_calibrated,v4_utf_v2,2026-06-18T12:10:15.151463Z,v4_utf_v2,v4_utf_v2,v4_utf_v2,0.0,scored,ok,Watch Only,watch,เป็นแผนเฝ้ารอจังหวะ ไม่ใช่ entry ทันที,-1.0,True,,,,,,,,,4340.18017578125,4202.658051757812,,,None,SELL,92.0,ถือครบ 24 แท่งของแผน CDC แล้ว จึงปิดรอบเพื่อลดการยืดเยื้อ,378,,,,,,,,,,,,,,,,1.0,False,66.0,63.293759439617865,91.0,,0.0,CDCVIX15|PAXG-USD|SELL|2026-06-15 19:45,"🔴 CDC+VixFix 15m SELL | PAXG-USD
PAXG-USD
────────────────
📍 Snapshot: ราคา 4,140.55 (+0.00%)
🧭 1H Trend: DOWN | STRONG | ActionZone 15m, Price Action 15m
🧪 Edge: Conf 91%
🚦 สถานะ: 🟡 รอ
📝 Decision: ราคาห่างจากจุดเข้า 4.60% แล้ว ไม่ควรไล่ราคา
🎯 Action: โครงสร้างยังลงต่อ สามารถกด SELL/Short ตามแผนได้ถ้ารับความเสี่ยงตาม SL นี้ได้
⚠️ Note: ครบอายุ CDC เดิม แต่ตลาดยังลงต่อและราคายังไม่ไกลจากจุดเข้าใหม่
🧠 Context: Forecast SELL 92/100 | Trend ขาลง | R&gt;G 1/100 | flip 7 bars
📌 Plan: Entry 4,340.18 | SL 4,202.66 | TP1 4,202.66 | TP2 4,092.64
📏 Risk: Risk 3.14% | RR TP1 1.00R / TP2 1.80R
🧭 Level Source: actual+fallback
🤖 AI: ยืนยันเพิ่ม | p(win) 84% | exp +2.73%
🧠 Entry AI: รอ | Watch | p(entry) 24% | p(avoid) 52%
📘 กติกาใช้งาน: รอ Watch เมื่อ p(entry) ยังไม่ถึง 80% หรือ p(avoid) ยังสูง | รอบนี้ 24% / 52%
────────────────
🕒 เวลา: 2026-06-19 18:15
📈 TradingView"
7c5eab0bc7322313,2026-06-20 02:11:54,CDCVIX15,LINK-USD,SELL,15m,64,A,87.5,เข้าได้ตามแผนหลัก แต่ยังต้องเคารพ SL และจังหวะเข้า,,95.0,114.67999999999999,False,,Trade Plan,,watch,ครบอายุ CDC เดิม แต่ตลาดยังลงต่อและราคายังไม่ไกลจากจุดเข้าใหม่,กลาง,neutral,AI มองว่ากลาง ๆ ใช้ช่วยดูเพิ่ม แต่ยังไม่ใช่จังหวะเด่น,0.5721210424443229,2.6070551950846728,0.0,scored,ok,รอ,watch,ผ่านเกณฑ์ Watch monitor ใช้เฝ้าดูจังหวะต่อเนื่อง,premium_standard_v4,watch,watch,watch,watch,CDCVIX15,0.25092080266597183,0.22843237249603188,0.5206468248379963,0.6,0.95,0.55,0.9,0.5,0.85,phase4_entry_quality_v4_utf_calibrated,v4_utf_v2,2026-06-18T12:10:15.151463Z,v4_utf_v2,v4_utf_v2,v4_utf_v2,0.0,scored,ok,Watch Only,watch,เป็นแผนเฝ้ารอจังหวะ ไม่ใช่ entry ทันที,-1.0,True,,,,,,,,,8.357000350952148,7.976885209083557,,,None,SELL,92.0,ถือครบ 24 แท่งของแผน CDC แล้ว จึงปิดรอบเพื่อลดการยืดเยื้อ,411,,,,,,,,,,,,,,,,40.0,False,66.0,63.314089475931695,95.0,,0.0,CDCVIX15|LINK-USD|SELL|2026-06-15 19:30,"🔴 CDC+VixFix 15m SELL | LINK-USD
LINK-USD
────────────────
📍 Snapshot: ราคา 7.86 (+0.00%)
🧭 1H Trend: DOWN | STRONG | ActionZone 15m, Price Action 15m
🧪 Edge: Conf 95%
🚦 สถานะ: 🟡 รอ
📝 Decision: ราคาห่างจากจุดเข้า 5.96% แล้ว ไม่ควรไล่ราคา
🎯 Action: โครงสร้างยังลงต่อ สามารถกด SELL/Short ตามแผนได้ถ้ารับความเสี่ยงตาม SL นี้ได้
⚠️ Note: ครบอายุ CDC เดิม แต่ตลาดยังลงต่อและราคายังไม่ไกลจากจุดเข้าใหม่
🧠 Context: Forecast SELL 92/100 | Trend ขาลง | R&gt;G 40/100 | flip 7 bars
📌 Plan: Entry 8.36 | SL 7.98 | TP1 7.98 | TP2 7.67
📏 Risk: Risk 4.50% | RR TP1 1.00R / TP2 1.80R
🧭 Level Source: actual+fallback
🤖 AI: กลาง | p(win) 57% | exp +2.61%
🧠 Entry AI: รอ | Watch | p(entry) 25% | p(avoid) 52%
📘 กติกาใช้งาน: รอ Watch เมื่อ p(entry) ยังไม่ถึง 80% หรือ p(avoid) ยังสูง | รอบนี้ 25% / 52%
────────────────
🕒 เวลา: 2026-06-20 02:11
📈 TradingView"
f5a0e867e0e30bb1,2026-06-20 18:13:31,CDCVIX15,BNB-USD,BUY,15m,64,A,87.5,เข้าได้ตามแผนหลัก แต่ยังต้องเคารพ SL และจังหวะเข้า,,95.0,103.04,False,,Trade Plan,,entry,cdc_fresh_signal,กลาง,neutral,AI มองว่ากลาง ๆ ใช้ช่วยดูเพิ่ม แต่ยังไม่ใช่จังหวะเด่น,0.5745526353123733,0.09058302743062524,0.0,scored,ok,รอ,watch,ผ่านเกณฑ์ Watch monitor ใช้เฝ้าดูจังหวะต่อเนื่อง,premium_standard_v4,watch,watch,watch,watch,CDCVIX15,0.4747840230221104,0.02985369825174556,0.4953622787261439,0.6,0.95,0.55,0.9,0.5,0.85,phase4_entry_quality_v4_utf_calibrated,v4_utf_v2,2026-06-18T12:10:15.151463Z,v4_utf_v2,v4_utf_v2,v4_utf_v2,0.0,scored,ok,Premium Entry,premium_entry,"เทรนด์ตรง, RR ดี, สัญญาณสด และคุณภาพเข้าเด่น",5.0,True,,,,,,,,,586.3099975585938,577.5153475952148,,,None,BUY,92.0,"CDC ยังหนุนขาขึ้น, เพิ่งมี VixFix spike ฝั่ง panic low และโมเมนตัมเริ่มฟื้น",0,,,,,,,,,,,,,,,,95.0,True,66.0,63.11919581803603,95.0,,0.0,CDCVIX15|BNB-USD|BUY|2026-06-20 18:12,"🟢 CDC+VixFix 15m BUY | BNB-USD
BNB-USD
────────────────
📍 Snapshot: ราคา 586.31 (+0.00%)
🧭 1H Trend: UP | STRONG | ActionZone 15m, Price Action 15m
🧪 Edge: Conf 95%
🚦 สถานะ: 🟢 เข้าได้
📝 Decision: แผนยังใกล้จุดเข้าและมี SL/TP พร้อมใช้งาน
🎯 Action: ถ้ายังไม่มีสถานะ สามารถกด BUY/Long ตามแผนได้
⚠️ Note: ถ้ามี Short เดิม ควรปิด Short ก่อนแล้วค่อยเปิด BUY
🧠 Context: Forecast BUY 92/100 | Trend ขาขึ้น | R&gt;G 95/100 | flip 2 bars | reclaim
📌 Plan: Entry 586.31 | SL 577.52 | TP1 596.86 | TP2 604.78
📏 Risk: Risk 1.11% | RR TP1 1.20R / TP2 2.10R
🧭 Level Source: actual+fallback
🤖 AI: กลาง | p(win) 57% | exp +0.09%
🧠 Entry AI: รอ | Watch | p(entry) 47% | p(avoid) 50%
📘 กติกาใช้งาน: รอ Watch เมื่อ p(entry) ยังไม่ถึง 80% หรือ p(avoid) ยังสูง | รอบนี้ 47% / 50%
────────────────
🕒 เวลา: 2026-06-20 18:13
📈 TradingView"
150b5abeb4c2fb79,2026-06-20 19:59:52,CDCVIX15,LINK-USD,SELL,15m,64,A,87.5,เข้าได้ตามแผนหลัก แต่ยังต้องเคารพ SL และจังหวะเข้า,,91.0,110.91999999999999,False,,Trade Plan,,watch,ครบอายุ CDC เดิม แต่ตลาดยังลงต่อและราคายังไม่ไกลจากจุดเข้าใหม่,กลาง,neutral,AI มองว่ากลาง ๆ ใช้ช่วยดูเพิ่ม แต่ยังไม่ใช่จังหวะเด่น,0.5343917502312422,2.233421936327363,0.0,scored,ok,รอ,watch,ผ่านเกณฑ์ Watch monitor ใช้เฝ้าดูจังหวะต่อเนื่อง,premium_standard_v4,watch,watch,watch,watch,CDCVIX15,0.16122092047136102,0.31861766536267466,0.5201614141659643,0.6,0.95,0.55,0.9,0.5,0.85,phase4_entry_quality_v4_utf_calibrated,v4_utf_v2,2026-06-18T12:10:15.151463Z,v4_utf_v2,v4_utf_v2,v4_utf_v2,0.0,scored,ok,Watch Only,watch,เป็นแผนเฝ้ารอจังหวะ ไม่ใช่ entry ทันที,-1.0,True,,,,,,,,,8.357000350952148,8.039815003871917,,,None,SELL,92.0,ถือครบ 24 แท่งของแผน CDC แล้ว จึงปิดรอบเพื่อลดการยืดเยื้อ,482,,,,,,,,,,,,,,,,26.0,False,66.0,63.059050339187586,91.0,,0.0,CDCVIX15|LINK-USD|SELL|2026-06-15 19:30,"🔴 CDC+VixFix 15m SELL | LINK-USD
LINK-USD
────────────────
📍 Snapshot: ราคา 7.92 (+0.00%)
🧭 1H Trend: DOWN | STRONG | ActionZone 15m, Price Action 15m
🧪 Edge: Conf 91%
🚦 สถานะ: 🟡 รอ
📝 Decision: ราคาห่างจากจุดเข้า 5.22% แล้ว ไม่ควรไล่ราคา
🎯 Action: โครงสร้างยังลงต่อ สามารถกด SELL/Short ตามแผนได้ถ้ารับความเสี่ยงตาม SL นี้ได้
⚠️ Note: ครบอายุ CDC เดิม แต่ตลาดยังลงต่อและราคายังไม่ไกลจากจุดเข้าใหม่
🧠 Context: Forecast SELL 92/100 | Trend ขาลง | R&gt;G 26/100 | flip 9 bars
📌 Plan: Entry 8.36 | SL 8.04 | TP1 8.04 | TP2 7.79
📏 Risk: Risk 3.30% | RR TP1 1.00R / TP2 1.80R
🧭 Level Source: actual+fallback
🤖 AI: กลาง | p(win) 53% | exp +2.23%
🧠 Entry AI: รอ | Watch | p(entry) 16% | p(avoid) 52%
📘 กติกาใช้งาน: รอ Watch เมื่อ p(entry) ยังไม่ถึง 80% หรือ p(avoid) ยังสูง | รอบนี้ 16% / 52%
────────────────
🕒 เวลา: 2026-06-20 19:59
📈 TradingView"
b969c238de6dbf2d,2026-06-20 22:06:26,CDCVIX15,TRX-USD,BUY,15m,64,A,85.4,เข้าได้ตามแผนหลัก แต่ยังต้องเคารพ SL และจังหวะเข้า,,88.0,96.60000000000001,False,,Trade Plan,,entry,cdc_fresh_signal,กลาง,neutral,AI มองว่ากลาง ๆ ใช้ช่วยดูเพิ่ม แต่ยังไม่ใช่จังหวะเด่น,0.499300976556487,-1.218387038178182,0.0,scored,ok,รอ,watch,ผ่านเกณฑ์ Watch monitor ใช้เฝ้าดูจังหวะต่อเนื่อง,premium_standard_v4,watch,watch,watch,watch,CDCVIX15,0.35517048839139875,0.04668242592576986,0.5981470856828314,0.6,0.95,0.55,0.9,0.5,0.85,phase4_entry_quality_v4_utf_calibrated,v4_utf_v2,2026-06-18T12:10:15.151463Z,v4_utf_v2,v4_utf_v2,v4_utf_v2,0.0,scored,ok,Premium Entry,premium_entry,"เทรนด์ตรง, RR ดี, สัญญาณสด และคุณภาพเข้าเด่น",5.0,True,,,,,,,,,0.32502463459968567,0.32014926508069036,,,Bullish Engulfing,BUY,92.0,"CDC ยังหนุนขาขึ้น, เพิ่งมี VixFix spike ฝั่ง panic low และโมเมนตัมเริ่มฟื้น",1,,,,,,,,,,,,,,,,95.0,True,66.0,63.297238869887096,88.0,,0.0,CDCVIX15|TRX-USD|BUY|2026-06-20 22:00,"🟢 CDC+VixFix 15m BUY | TRX-USD
TRX-USD
────────────────
📍 Snapshot: ราคา 0.325025 (+0.00%)
🧭 1H Trend: UP | STRONG | ActionZone 15m, Price Action 15m
🧪 Edge: Conf 88%
🚦 สถานะ: 🟢 เข้าได้
📝 Decision: แผนยังใกล้จุดเข้าและมี SL/TP พร้อมใช้งาน
🎯 Action: ถ้ายังไม่มีสถานะ สามารถกด BUY/Long ตามแผนได้
⚠️ Note: ถ้ามี Short เดิม ควรปิด Short ก่อนแล้วค่อยเปิด BUY
🧠 Context: Forecast BUY 92/100 | Trend ขาขึ้น | R&gt;G 95/100 | flip 3 bars | reclaim
📌 Plan: Entry 0.325025 | SL 0.320149 | TP1 0.329900 | TP2 0.333800
📏 Risk: Risk 1.61% | RR TP1 1.00R / TP2 1.80R
🧭 Level Source: actual+fallback
🤖 AI: กลาง | p(win) 50% | exp -1.22%
🧠 Entry AI: รอ | Watch | p(entry) 36% | p(avoid) 60%
📘 กติกาใช้งาน: รอ Watch เมื่อ p(entry) ยังไม่ถึง 80% หรือ p(avoid) ยังสูง | รอบนี้ 36% / 60%
────────────────
🕒 เวลา: 2026-06-20 22:06
📈 TradingView"
9b304cbf8b019440,2026-06-20 23:49:26,CDCVIX15,PAXG-USD,SELL,15m,64,A,86.4,เข้าได้ตามแผนหลัก แต่ยังต้องเคารพ SL และจังหวะเข้า,,89.0,109.03999999999999,False,,Trade Plan,,watch,ครบอายุ CDC เดิม แต่ตลาดยังลงต่อและราคายังไม่ไกลจากจุดเข้าใหม่,ยืนยันเพิ่ม,confirmed,AI เห็นด้วยกับสัญญาณนี้ ใช้เพิ่มความมั่นใจได้,0.835150542730769,2.533151944788438,6.0,scored,ok,รอ,watch,ผ่านเกณฑ์ Watch monitor ใช้เฝ้าดูจังหวะต่อเนื่อง,premium_standard_v4,watch,watch,watch,watch,CDCVIX15,0.2556383093783772,0.22432552882444337,0.5200361617971793,0.6,0.95,0.55,0.9,0.5,0.85,phase4_entry_quality_v4_utf_calibrated,v4_utf_v2,2026-06-18T12:10:15.151463Z,v4_utf_v2,v4_utf_v2,v4_utf_v2,0.0,scored,ok,Watch Only,watch,เป็นแผนเฝ้ารอจังหวะ ไม่ใช่ entry ทันที,-1.0,True,,,,,,,,,4340.18017578125,4212.118168945312,,,None,SELL,92.0,ถือครบ 24 แท่งของแผน CDC แล้ว จึงปิดรอบเพื่อลดการยืดเยื้อ,497,,,,,,,,,,,,,,,,1.0,False,66.0,63.384119729434246,89.0,,0.0,CDCVIX15|PAXG-USD|SELL|2026-06-15 19:45,"🔴 CDC+VixFix 15m SELL | PAXG-USD
PAXG-USD
────────────────
📍 Snapshot: ราคา 4,149.87 (+0.00%)
🧭 1H Trend: DOWN | STRONG | ActionZone 15m, Price Action 15m
🧪 Edge: Conf 89%
🚦 สถานะ: 🟡 รอ
📝 Decision: ราคาห่างจากจุดเข้า 4.38% แล้ว ไม่ควรไล่ราคา
🎯 Action: โครงสร้างยังลงต่อ สามารถกด SELL/Short ตามแผนได้ถ้ารับความเสี่ยงตาม SL นี้ได้
⚠️ Note: ครบอายุ CDC เดิม แต่ตลาดยังลงต่อและราคายังไม่ไกลจากจุดเข้าใหม่
🧠 Context: Forecast SELL 92/100 | Trend ขาลง | R&gt;G 1/100 | flip 6 bars
📌 Plan: Entry 4,340.18 | SL 4,212.12 | TP1 4,212.12 | TP2 4,109.67
📏 Risk: Risk 2.92% | RR TP1 1.00R / TP2 1.80R
🧭 Level Source: actual+fallback
🤖 AI: ยืนยันเพิ่ม | p(win) 84% | exp +2.53%
🧠 Entry AI: รอ | Watch | p(entry) 26% | p(avoid) 52%
📘 กติกาใช้งาน: รอ Watch เมื่อ p(entry) ยังไม่ถึง 80% หรือ p(avoid) ยังสูง | รอบนี้ 26% / 52%
────────────────
🕒 เวลา: 2026-06-20 23:49
📈 TradingView"
8d3702038dfdff31,2026-06-21 01:08:16,CDCVIX15,PAXG-USD,SELL,15m,64,A,87.5,เข้าได้ตามแผนหลัก แต่ยังต้องเคารพ SL และจังหวะเข้า,,91.0,110.91999999999999,False,,Trade Plan,,watch,ครบอายุ CDC เดิม แต่ตลาดยังลงต่อและราคายังไม่ไกลจากจุดเข้าใหม่,ยืนยันเพิ่ม,confirmed,AI เห็นด้วยกับสัญญาณนี้ ใช้เพิ่มความมั่นใจได้,0.8444832554849299,2.6729050705744264,6.0,scored,ok,รอ,watch,ผ่านเกณฑ์ Watch monitor ใช้เฝ้าดูจังหวะต่อเนื่อง,premium_standard_v4,watch,watch,watch,watch,CDCVIX15,0.22532566145070546,0.25107097352748514,0.5236033650218096,0.6,0.95,0.55,0.9,0.5,0.85,phase4_entry_quality_v4_utf_calibrated,v4_utf_v2,2026-06-18T12:10:15.151463Z,v4_utf_v2,v4_utf_v2,v4_utf_v2,0.0,scored,ok,Watch Only,watch,เป็นแผนเฝ้ารอจังหวะ ไม่ใช่ entry ทันที,-1.0,True,,,,,,,,,4340.18017578125,4210.260639648437,,,None,SELL,92.0,ถือครบ 24 แท่งของแผน CDC แล้ว จึงปิดรอบเพื่อลดการยืดเยื้อ,502,,,,,,,,,,,,,,,,1.0,False,66.0,63.41387091969884,91.0,,0.0,CDCVIX15|PAXG-USD|SELL|2026-06-15 19:45,"🔴 CDC+VixFix 15m SELL | PAXG-USD
PAXG-USD
────────────────
📍 Snapshot: ราคา 4,148.04 (+0.00%)
🧭 1H Trend: DOWN | STRONG | ActionZone 15m, Price Action 15m
🧪 Edge: Conf 91%
🚦 สถานะ: 🟡 รอ
📝 Decision: ราคาห่างจากจุดเข้า 4.43% แล้ว ไม่ควรไล่ราคา
🎯 Action: โครงสร้างยังลงต่อ สามารถกด SELL/Short ตามแผนได้ถ้ารับความเสี่ยงตาม SL นี้ได้
⚠️ Note: ครบอายุ CDC เดิม แต่ตลาดยังลงต่อและราคายังไม่ไกลจากจุดเข้าใหม่
🧠 Context: Forecast SELL 92/100 | Trend ขาลง | R&gt;G 1/100 | flip 11 bars
📌 Plan: Entry 4,340.18 | SL 4,210.26 | TP1 4,210.26 | TP2 4,106.33
📏 Risk: Risk 2.96% | RR TP1 1.00R / TP2 1.80R
🧭 Level Source: actual+fallback
🤖 AI: ยืนยันเพิ่ม | p(win) 84% | exp +2.67%
🧠 Entry AI: รอ | Watch | p(entry) 23% | p(avoid) 52%
📘 กติกาใช้งาน: รอ Watch เมื่อ p(entry) ยังไม่ถึง 80% หรือ p(avoid) ยังสูง | รอบนี้ 23% / 52%
────────────────
🕒 เวลา: 2026-06-21 01:08
📈 TradingView"
4d88693cfee29762,2026-06-21 01:08:16,CDCVIX15,LINK-USD,SELL,15m,64,A,87.5,เข้าได้ตามแผนหลัก แต่ยังต้องเคารพ SL และจังหวะเข้า,,91.0,110.91999999999999,False,,Trade Plan,,watch,ครบอายุ CDC เดิม แต่ตลาดยังลงต่อและราคายังไม่ไกลจากจุดเข้าใหม่,กลาง,neutral,AI มองว่ากลาง ๆ ใช้ช่วยดูเพิ่ม แต่ยังไม่ใช่จังหวะเด่น,0.5312839061748692,2.2712432697531266,0.0,scored,ok,รอ,watch,ผ่านเกณฑ์ Watch monitor ใช้เฝ้าดูจังหวะต่อเนื่อง,premium_standard_v4,watch,watch,watch,watch,CDCVIX15,0.1774564475512353,0.2998688727014916,0.5226746797472732,0.6,0.95,0.55,0.9,0.5,0.85,phase4_entry_quality_v4_utf_calibrated,v4_utf_v2,2026-06-18T12:10:15.151463Z,v4_utf_v2,v4_utf_v2,v4_utf_v2,0.0,scored,ok,Watch Only,watch,เป็นแผนเฝ้ารอจังหวะ ไม่ใช่ entry ทันที,-1.0,True,,,,,,,,,8.350000381469727,8.022559802532196,,,None,SELL,90.98528760164089,ถือครบ 24 แท่งของแผน CDC แล้ว จึงปิดรอบเพื่อลดการยืดเยื้อ,409,,,,,,,,,,,,,,,,11.0,False,66.0,63.41387091969884,91.0,,0.0,CDCVIX15|LINK-USD|SELL|2026-06-16 19:00,"🔴 CDC+VixFix 15m SELL | LINK-USD
LINK-USD
────────────────
📍 Snapshot: ราคา 7.90 (+0.00%)
🧭 1H Trend: DOWN | STRONG | ActionZone 15m, Price Action 15m
🧪 Edge: Conf 91%
🚦 สถานะ: 🟡 รอ
📝 Decision: ราคาห่างจากจุดเข้า 5.34% แล้ว ไม่ควรไล่ราคา
🎯 Action: โครงสร้างยังลงต่อ สามารถกด SELL/Short ตามแผนได้ถ้ารับความเสี่ยงตาม SL นี้ได้
⚠️ Note: ครบอายุ CDC เดิม แต่ตลาดยังลงต่อและราคายังไม่ไกลจากจุดเข้าใหม่
🧠 Context: Forecast SELL 91/100 | Trend ขาลง | R&gt;G 11/100 | flip 10 bars
📌 Plan: Entry 8.35 | SL 8.02 | TP1 8.02 | TP2 7.76
📏 Risk: Risk 3.88% | RR TP1 1.00R / TP2 1.80R
🧭 Level Source: actual+fallback
🤖 AI: กลาง | p(win) 53% | exp +2.27%
🧠 Entry AI: รอ | Watch | p(entry) 18% | p(avoid) 52%
📘 กติกาใช้งาน: รอ Watch เมื่อ p(entry) ยังไม่ถึง 80% หรือ p(avoid) ยังสูง | รอบนี้ 18% / 52%
────────────────
🕒 เวลา: 2026-06-21 01:08
📈 TradingView"
161c5cc64dec0383,2026-06-21 10:40:10,CDCVIX15,NEAR-USD,BUY,15m,64,A,87.5,เข้าได้ตามแผนหลัก แต่ยังต้องเคารพ SL และจังหวะเข้า,,95.0,103.04,False,,Trade Plan,,entry,cdc_fresh_signal,กลาง,neutral,AI มองว่ากลาง ๆ ใช้ช่วยดูเพิ่ม แต่ยังไม่ใช่จังหวะเด่น,0.4989426120052579,0.8407267137201518,0.0,scored,ok,รอ,watch,ผ่านเกณฑ์ Watch monitor ใช้เฝ้าดูจังหวะต่อเนื่อง,premium_standard_v4,watch,watch,watch,watch,CDCVIX15,0.4851082787623392,0.028063306700393614,0.4868284145372671,0.6,0.95,0.55,0.9,0.5,0.85,phase4_entry_quality_v4_utf_calibrated,v4_utf_v2,2026-06-18T12:10:15.151463Z,v4_utf_v2,v4_utf_v2,v4_utf_v2,0.0,scored,ok,Premium Entry,premium_entry,"เทรนด์ตรง, RR ดี, สัญญาณสด และคุณภาพเข้าเด่น",5.0,True,,,,,,,,,2.2039999961853027,2.1637141363961354,,,None,BUY,92.0,"CDC ยังหนุนขาขึ้น, เพิ่งมี VixFix spike ฝั่ง panic low และโมเมนตัมเริ่มฟื้น",1,,,,,,,,,,,,,,,,95.0,False,66.0,63.04214211978377,95.0,,0.0,CDCVIX15|NEAR-USD|BUY|2026-06-21 10:30,"🟢 CDC+VixFix 15m BUY | NEAR-USD
NEAR-USD
────────────────
📍 Snapshot: ราคา 2.20 (+0.00%)
🧭 1H Trend: UP | STRONG | ActionZone 15m, Price Action 15m
🧪 Edge: Conf 95%
🚦 สถานะ: 🟢 เข้าได้
📝 Decision: แผนยังใกล้จุดเข้าและมี SL/TP พร้อมใช้งาน
🎯 Action: ถ้ายังไม่มีสถานะ สามารถกด BUY/Long ตามแผนได้
⚠️ Note: ถ้ามี Short เดิม ควรปิด Short ก่อนแล้วค่อยเปิด BUY
🧠 Context: Forecast BUY 92/100 | Trend ขาขึ้น | R&gt;G 95/100 | flip 2 bars | follow-through
📌 Plan: Entry 2.20 | SL 2.16 | TP1 2.24 | TP2 2.28
📏 Risk: Risk 1.35% | RR TP1 1.00R / TP2 1.80R
🧭 Level Source: actual+fallback
🤖 AI: กลาง | p(win) 50% | exp +0.84%
🧠 Entry AI: รอ | Watch | p(entry) 49% | p(avoid) 49%
📘 กติกาใช้งาน: รอ Watch เมื่อ p(entry) ยังไม่ถึง 80% หรือ p(avoid) ยังสูง | รอบนี้ 49% / 49%
────────────────
🕒 เวลา: 2026-06-21 10:40
📈 TradingView"
863bae1894d2e0af,2026-06-22 00:02:36,CDCVIX15,LINK-USD,SELL,15m,64,A,87.5,เข้าได้ตามแผนหลัก แต่ยังต้องเคารพ SL และจังหวะเข้า,,95.0,123.22,False,,Trade Plan,,watch,ครบอายุ CDC เดิม แต่ตลาดยังลงต่อและราคายังไม่ไกลจากจุดเข้าใหม่,กลาง,neutral,AI มองว่ากลาง ๆ ใช้ช่วยดูเพิ่ม แต่ยังไม่ใช่จังหวะเด่น,0.5450431105591338,2.05886526327957,0.0,scored,ok,รอ,watch,ผ่านเกณฑ์ Watch monitor ใช้เฝ้าดูจังหวะต่อเนื่อง,premium_standard_v4,watch,watch,watch,watch,CDCVIX15,0.12873444808834222,0.36070037470100275,0.5105651772106551,0.6,0.95,0.55,0.9,0.5,0.85,phase4_entry_quality_v4_utf_calibrated,v4_utf_v2,2026-06-18T12:10:15.151463Z,v4_utf_v2,v4_utf_v2,v4_utf_v2,0.0,scored,ok,Watch Only,watch,เป็นแผนเฝ้ารอจังหวะ ไม่ใช่ entry ทันที,-1.0,True,,,,,,,,,8.357000350952148,8.062144837379456,,,None,SELL,85.09150038538068,ถือครบ 24 แท่งของแผน CDC แล้ว จึงปิดรอบเพื่อลดการยืดเยื้อ,595,,,,,,,,,,,,,,,,11.0,False,66.0,63.11112858728682,95.0,,0.0,CDCVIX15|LINK-USD|SELL|2026-06-15 19:30,"🔴 CDC+VixFix 15m SELL | LINK-USD
LINK-USD
────────────────
📍 Snapshot: ราคา 7.94 (+0.00%)
🧭 1H Trend: UP | STRONG | ActionZone 15m, Price Action 15m
🧪 Edge: Conf 95%
🚦 สถานะ: 🟡 รอ
📝 Decision: ราคาห่างจากจุดเข้า 4.95% แล้ว ไม่ควรไล่ราคา
🎯 Action: โครงสร้างยังลงต่อ สามารถกด SELL/Short ตามแผนได้ถ้ารับความเสี่ยงตาม SL นี้ได้
⚠️ Note: ครบอายุ CDC เดิม แต่ตลาดยังลงต่อและราคายังไม่ไกลจากจุดเข้าใหม่
🧠 Context: Forecast SELL 85/100 | Trend ขาลง | R&gt;G 11/100 | flip 9 bars
📌 Plan: Entry 8.36 | SL 8.06 | TP1 8.06 | TP2 7.83
📏 Risk: Risk 3.49% | RR TP1 1.00R / TP2 1.80R
🧭 Level Source: actual+fallback
🤖 AI: กลาง | p(win) 55% | exp +2.06%
🧠 Entry AI: รอ | Watch | p(entry) 13% | p(avoid) 51%
📘 กติกาใช้งาน: รอ Watch เมื่อ p(entry) ยังไม่ถึง 80% หรือ p(avoid) ยังสูง | รอบนี้ 13% / 51%
────────────────
🕒 เวลา: 2026-06-22 00:02
📈 TradingView"
5b1361b3cb6362b0,2026-06-22 04:52:22,CDCVIX15,PAXG-USD,SELL,15m,64,A,87.5,เข้าได้ตามแผนหลัก แต่ยังต้องเคารพ SL และจังหวะเข้า,,91.0,119.18,False,,Trade Plan,,watch,ครบอายุ CDC เดิม แต่ตลาดยังลงต่อและราคายังไม่ไกลจากจุดเข้าใหม่,ยืนยันเพิ่ม,confirmed,AI เห็นด้วยกับสัญญาณนี้ ใช้เพิ่มความมั่นใจได้,0.8169668756514695,2.4149802874991346,6.0,scored,ok,รอ,watch,ผ่านเกณฑ์ Watch monitor ใช้เฝ้าดูจังหวะต่อเนื่อง,premium_standard_v4,watch,watch,watch,watch,CDCVIX15,0.18738406457611143,0.28880150082491873,0.5238144345989698,0.6,0.95,0.55,0.9,0.5,0.85,phase4_entry_quality_v4_utf_calibrated,v4_utf_v2,2026-06-18T12:10:15.151463Z,v4_utf_v2,v4_utf_v2,v4_utf_v2,0.0,scored,ok,Watch Only,watch,เป็นแผนเฝ้ารอจังหวะ ไม่ใช่ entry ทันที,-1.0,True,,,,,,,,,4340.18017578125,4213.742268066406,,,None,SELL,92.0,ถือครบ 24 แท่งของแผน CDC แล้ว จึงปิดรอบเพื่อลดการยืดเยื้อ,613,,,,,,,,,,,,,,,,30.0,False,66.0,63.34967333891554,91.0,,0.0,CDCVIX15|PAXG-USD|SELL|2026-06-15 19:45,"🔴 CDC+VixFix 15m SELL | PAXG-USD
PAXG-USD
────────────────
📍 Snapshot: ราคา 4,151.47 (+0.00%)
🧭 1H Trend: DOWN | STRONG | ActionZone 15m, Price Action 15m
🧪 Edge: Conf 91%
🚦 สถานะ: 🟡 รอ
📝 Decision: ราคาห่างจากจุดเข้า 4.35% แล้ว ไม่ควรไล่ราคา
🎯 Action: โครงสร้างยังลงต่อ สามารถกด SELL/Short ตามแผนได้ถ้ารับความเสี่ยงตาม SL นี้ได้
⚠️ Note: ครบอายุ CDC เดิม แต่ตลาดยังลงต่อและราคายังไม่ไกลจากจุดเข้าใหม่
🧠 Context: Forecast SELL 92/100 | Trend ขาลง | R&gt;G 30/100 | flip 11 bars
📌 Plan: Entry 4,340.18 | SL 4,213.74 | TP1 4,213.74 | TP2 4,112.59
📏 Risk: Risk 2.88% | RR TP1 1.00R / TP2 1.80R
🧭 Level Source: actual+fallback
🤖 AI: ยืนยันเพิ่ม | p(win) 82% | exp +2.41%
🧠 Entry AI: รอ | Watch | p(entry) 19% | p(avoid) 52%
📘 กติกาใช้งาน: รอ Watch เมื่อ p(entry) ยังไม่ถึง 80% หรือ p(avoid) ยังสูง | รอบนี้ 19% / 52%
────────────────
🕒 เวลา: 2026-06-22 04:52
📈 TradingView"
b684f22db01d4d39,2026-06-22 04:52:23,CDCVIX15,NEAR-USD,SELL,15m,64,A,86.6,เข้าได้ตามแผนหลัก แต่ยังต้องเคารพ SL และจังหวะเข้า,,89.11720716313879,109.15017473335045,False,,Trade Plan,,watch,ครบอายุ CDC เดิม แต่ตลาดยังลงต่อและราคายังไม่ไกลจากจุดเข้าใหม่,กลาง,neutral,AI มองว่ากลาง ๆ ใช้ช่วยดูเพิ่ม แต่ยังไม่ใช่จังหวะเด่น,0.5886861160048308,2.4511120813482323,0.0,scored,ok,รอ,watch,ผ่านเกณฑ์ Watch monitor ใช้เฝ้าดูจังหวะต่อเนื่อง,premium_standard_v4,watch,watch,watch,watch,CDCVIX15,0.35784765515426015,0.15105263007596076,0.4910997147697791,0.6,0.95,0.55,0.9,0.5,0.85,phase4_entry_quality_v4_utf_calibrated,v4_utf_v2,2026-06-18T12:10:15.151463Z,v4_utf_v2,v4_utf_v2,v4_utf_v2,0.0,scored,ok,Watch Only,watch,เป็นแผนเฝ้ารอจังหวะ ไม่ใช่ entry ทันที,-1.0,True,,,,,,,,,2.2079999446868896,2.160857217652457,,,None,SELL,83.7240238771293,ถือครบ 24 แท่งของแผน CDC แล้ว จึงปิดรอบเพื่อลดการยืดเยื้อ,74,,,,,,,,,,,,,,,,22.0,False,66.0,63.34967333891554,89.11720716313879,,0.0,CDCVIX15|NEAR-USD|SELL|2026-06-21 10:30,"🔴 CDC+VixFix 15m SELL | NEAR-USD
NEAR-USD
────────────────
📍 Snapshot: ราคา 2.12 (+0.00%)
🧭 1H Trend: DOWN | STRONG | ActionZone 15m, Price Action 15m
🧪 Edge: Conf 89%
🚦 สถานะ: 🟡 รอ
📝 Decision: ราคาห่างจากจุดเข้า 3.94% แล้ว ไม่ควรไล่ราคา
🎯 Action: โครงสร้างยังลงต่อ สามารถกด SELL/Short ตามแผนได้ถ้ารับความเสี่ยงตาม SL นี้ได้
⚠️ Note: ครบอายุ CDC เดิม แต่ตลาดยังลงต่อและราคายังไม่ไกลจากจุดเข้าใหม่
🧠 Context: Forecast SELL 84/100 | Trend ขาลง | R&gt;G 22/100 | flip 55 bars
📌 Plan: Entry 2.21 | SL 2.16 | TP1 2.16 | TP2 2.12
📏 Risk: Risk 1.75% | RR TP1 1.00R / TP2 1.80R
🧭 Level Source: actual+fallback
🤖 AI: กลาง | p(win) 59% | exp +2.45%
🧠 Entry AI: รอ | Watch | p(entry) 36% | p(avoid) 49%
📘 กติกาใช้งาน: รอ Watch เมื่อ p(entry) ยังไม่ถึง 80% หรือ p(avoid) ยังสูง | รอบนี้ 36% / 49%
────────────────
🕒 เวลา: 2026-06-22 04:52
📈 TradingView"
2d2e481210979b1a,2026-06-22 06:09:23,CDCVIX15,SOL-USD,SELL,15m,64,A,87.3,เข้าได้ตามแผนหลัก แต่ยังต้องเคารพ SL และจังหวะเข้า,,89.76704755317186,109.76102469998155,False,,Trade Plan,,watch,ครบอายุ CDC เดิม แต่ตลาดยังลงต่อและราคายังไม่ไกลจากจุดเข้าใหม่,กลาง,neutral,AI มองว่ากลาง ๆ ใช้ช่วยดูเพิ่ม แต่ยังไม่ใช่จังหวะเด่น,0.5552781795401992,-0.004815861502531105,0.0,scored,ok,รอ,watch,ผ่านเกณฑ์ Watch monitor ใช้เฝ้าดูจังหวะต่อเนื่อง,premium_standard_v4,watch,watch,watch,watch,CDCVIX15,0.2677672814446326,0.21440934503464493,0.5178233735207225,0.6,0.95,0.55,0.9,0.5,0.85,phase4_entry_quality_v4_utf_calibrated,v4_utf_v2,2026-06-18T12:10:15.151463Z,v4_utf_v2,v4_utf_v2,v4_utf_v2,0.0,scored,ok,Watch Only,watch,เป็นแผนเฝ้ารอจังหวะ ไม่ใช่ entry ทันที,-1.0,True,,,,,,,,,75.33000183105469,74.02714429582868,,,None,SELL,85.89015851057287,ถือครบ 24 แท่งของแผน CDC แล้ว จึงปิดรอบเพื่อลดการยืดเยื้อ,597,,,,,,,,,,,,,,,,26.0,False,66.0,63.420306622937034,89.76704755317186,,0.0,CDCVIX15|SOL-USD|SELL|2026-06-16 01:00,"🔴 CDC+VixFix 15m SELL | SOL-USD
SOL-USD
────────────────
📍 Snapshot: ราคา 72.84 (+0.00%)
🧭 1H Trend: UP | STRONG | ActionZone 15m, Price Action 15m
🧪 Edge: Conf 90%
🚦 สถานะ: 🟡 รอ
📝 Decision: ราคาห่างจากจุดเข้า 3.31% แล้ว ไม่ควรไล่ราคา
🎯 Action: โครงสร้างยังลงต่อ สามารถกด SELL/Short ตามแผนได้ถ้ารับความเสี่ยงตาม SL นี้ได้
⚠️ Note: ครบอายุ CDC เดิม แต่ตลาดยังลงต่อและราคายังไม่ไกลจากจุดเข้าใหม่
🧠 Context: Forecast SELL 86/100 | Trend ขาลง | R&gt;G 26/100 | flip 19 bars
📌 Plan: Entry 75.33 | SL 74.03 | TP1 74.03 | TP2 72.98
📏 Risk: Risk 1.37% | RR TP1 1.00R / TP2 1.80R
🧭 Level Source: actual+fallback
🤖 AI: กลาง | p(win) 56% | exp -0.00%
🧠 Entry AI: รอ | Watch | p(entry) 27% | p(avoid) 52%
📘 กติกาใช้งาน: รอ Watch เมื่อ p(entry) ยังไม่ถึง 80% หรือ p(avoid) ยังสูง | รอบนี้ 27% / 52%
────────────────
🕒 เวลา: 2026-06-22 06:09
📈 TradingView"
d1244655971f6846,2026-06-23 00:48:38,CDCVIX15,TRX-USD,BUY,15m,64,B,84.8,เข้าได้ แต่ควรลดขนาดไม้ลงเล็กน้อยหากราคาเริ่มไล่ห่าง,,87.46283286974146,96.10580624016215,False,,Trade Plan,,watch,short_trade_watch:AI ยังไม่มั่นใจพอสำหรับ short entry,ยังไม่ชัด,low_conviction,AI ยังไม่มั่นใจพอ ควรรอดูเพิ่ม,0.42926017659718935,-1.853341521036733,-2.5,scored,ok,รอ,watch,ผ่านเกณฑ์ Watch monitor ใช้เฝ้าดูจังหวะต่อเนื่อง,premium_standard_v4,watch,watch,watch,watch,CDCVIX15,0.01981055783271552,0.1407271939458341,0.8394622482214503,0.6,0.95,0.55,0.9,0.5,0.85,phase4_entry_quality_v4_utf_calibrated,v4_utf_v2,2026-06-18T12:10:15.151463Z,v4_utf_v2,v4_utf_v2,v4_utf_v2,0.0,scored,ok,Watch Only,watch,AI ยังไม่มั่นใจพอสำหรับ short entry,-1.0,True,,,,,,,,,0.33163216710090637,0.32665768459439276,,,None,BUY,88.20944289913822,"CDC ยังหนุนขาขึ้น, เพิ่งมี VixFix spike ฝั่ง panic low และโมเมนตัมเริ่มฟื้น",6,,,,,,,,,,,,,,,,95.0,True,66.0,63.48434576253557,87.46283286974146,,0.0,CDCVIX15|TRX-USD|BUY|2026-06-22 23:30,"🟢 CDC+VixFix 15m BUY | TRX-USD
TRX-USD
────────────────
📍 Snapshot: ราคา 0.331888 (+0.00%)
🧭 1H Trend: UP | STRONG | ActionZone 15m, Price Action 15m
🧪 Edge: Conf 87%
🚦 สถานะ: 🟢 เข้าได้
📝 Decision: แผนยังใกล้จุดเข้าและมี SL/TP พร้อมใช้งาน
🎯 Action: ถ้ายังไม่มีสถานะ สามารถกด BUY/Long ตามแผนได้
⚠️ Note: ถ้ามี Short เดิม ควรปิด Short ก่อนแล้วค่อยเปิด BUY
🧠 Context: Forecast BUY 88/100 | Trend ขาขึ้น | R&gt;G 95/100 | flip 7 bars | reclaim
📌 Plan: Entry 0.331632 | SL 0.326658 | TP1 0.336607 | TP2 0.340586
📏 Risk: Risk 1.61% | RR TP1 1.00R / TP2 1.80R
🧭 Level Source: actual+fallback
🤖 AI: ยังไม่ชัด | p(win) 43% | exp -1.85%
🧠 Entry AI: รอ | Watch | p(entry) 2% | p(avoid) 84%
📘 กติกาใช้งาน: รอ Watch เมื่อ p(entry) ยังไม่ถึง 80% หรือ p(avoid) ยังสูง | รอบนี้ 2% / 84%
────────────────
🕒 เวลา: 2026-06-23 00:48
📈 TradingView"
034d0ba6f2a47cdd,2026-06-23 03:39:51,CDCVIX15,ETH-USD,SELL,15m,64,A,87.5,เข้าได้ตามแผนหลัก แต่ยังต้องเคารพ SL และจังหวะเข้า,,91.0,110.91999999999999,False,,Trade Plan,,watch,ครบอายุ CDC เดิม แต่ตลาดยังลงต่อและราคายังไม่ไกลจากจุดเข้าใหม่,ยืนยันเพิ่ม,confirmed,AI เห็นด้วยกับสัญญาณนี้ ใช้เพิ่มความมั่นใจได้,0.630970826710466,3.2002550035949895,6.0,scored,ok,รอ,watch,ผ่านเกณฑ์ Watch monitor ใช้เฝ้าดูจังหวะต่อเนื่อง,premium_standard_v4,watch,watch,watch,watch,CDCVIX15,0.29608907508258253,0.19271277953816615,0.5111981453792515,0.6,0.95,0.55,0.9,0.5,0.85,phase4_entry_quality_v4_utf_calibrated,v4_utf_v2,2026-06-18T12:10:15.151463Z,v4_utf_v2,v4_utf_v2,v4_utf_v2,0.0,scored,ok,Watch Only,watch,เป็นแผนเฝ้ารอจังหวะ ไม่ใช่ entry ทันที,-1.0,True,,,,,,,,,1828.8299560546875,1760.152114868164,,,None,SELL,92.0,ถือครบ 24 แท่งของแผน CDC แล้ว จึงปิดรอบเพื่อลดการยืดเยื้อ,677,,,,,,,,,,,,,,,,1.0,False,66.0,63.33651371246575,91.0,,0.0,CDCVIX15|ETH-USD|SELL|2026-06-16 02:30,"🔴 CDC+VixFix 15m SELL | ETH-USD
ETH-USD
────────────────
📍 Snapshot: ราคา 1,734.14 (+0.00%)
🧭 1H Trend: DOWN | STRONG | ActionZone 15m, Price Action 15m
🧪 Edge: Conf 91%
🚦 สถานะ: 🟡 รอ
📝 Decision: ราคาห่างจากจุดเข้า 5.18% แล้ว ไม่ควรไล่ราคา
🎯 Action: โครงสร้างยังลงต่อ สามารถกด SELL/Short ตามแผนได้ถ้ารับความเสี่ยงตาม SL นี้ได้
⚠️ Note: ครบอายุ CDC เดิม แต่ตลาดยังลงต่อและราคายังไม่ไกลจากจุดเข้าใหม่
🧠 Context: Forecast SELL 92/100 | Trend ขาลง | R&gt;G 1/100 | flip 55 bars
📌 Plan: Entry 1,828.83 | SL 1,760.15 | TP1 1,760.15 | TP2 1,705.21
📏 Risk: Risk 3.27% | RR TP1 1.00R / TP2 1.80R
🧭 Level Source: actual+fallback
🤖 AI: ยืนยันเพิ่ม | p(win) 63% | exp +3.20%
🧠 Entry AI: รอ | Watch | p(entry) 30% | p(avoid) 51%
📘 กติกาใช้งาน: รอ Watch เมื่อ p(entry) ยังไม่ถึง 80% หรือ p(avoid) ยังสูง | รอบนี้ 30% / 51%
────────────────
🕒 เวลา: 2026-06-23 03:39
📈 TradingView"
30ca82cff1d1207b,2026-06-23 03:39:51,CDCVIX15,SOL-USD,SELL,15m,64,A,87.5,เข้าได้ตามแผนหลัก แต่ยังต้องเคารพ SL และจังหวะเข้า,,91.0,119.18,False,,Trade Plan,,watch,ครบอายุ CDC เดิม แต่ตลาดยังลงต่อและราคายังไม่ไกลจากจุดเข้าใหม่,กลาง,neutral,AI มองว่ากลาง ๆ ใช้ช่วยดูเพิ่ม แต่ยังไม่ใช่จังหวะเด่น,0.5127472626744027,-0.09341412792954457,0.0,scored,ok,รอ,watch,ผ่านเกณฑ์ Watch monitor ใช้เฝ้าดูจังหวะต่อเนื่อง,premium_standard_v4,watch,watch,watch,watch,CDCVIX15,0.19763386472315828,0.278051938975639,0.5243141963012028,0.6,0.95,0.55,0.9,0.5,0.85,phase4_entry_quality_v4_utf_calibrated,v4_utf_v2,2026-06-18T12:10:15.151463Z,v4_utf_v2,v4_utf_v2,v4_utf_v2,0.0,scored,ok,Watch Only,watch,เป็นแผนเฝ้ารอจังหวะ ไม่ใช่ entry ทันที,-1.0,True,,,,,,,,,75.33000183105469,73.80064907073975,,,None,SELL,92.0,ถือครบ 24 แท่งของแผน CDC แล้ว จึงปิดรอบเพื่อลดการยืดเยื้อ,683,,,,,,,,,,,,,,,,16.0,False,66.0,63.33651371246575,91.0,,0.0,CDCVIX15|SOL-USD|SELL|2026-06-16 01:00,"🔴 CDC+VixFix 15m SELL | SOL-USD
SOL-USD
────────────────
📍 Snapshot: ราคา 72.71 (+0.00%)
🧭 1H Trend: DOWN | STRONG | ActionZone 15m, Price Action 15m
🧪 Edge: Conf 91%
🚦 สถานะ: 🟡 รอ
📝 Decision: ราคาห่างจากจุดเข้า 3.48% แล้ว ไม่ควรไล่ราคา
🎯 Action: โครงสร้างยังลงต่อ สามารถกด SELL/Short ตามแผนได้ถ้ารับความเสี่ยงตาม SL นี้ได้
⚠️ Note: ครบอายุ CDC เดิม แต่ตลาดยังลงต่อและราคายังไม่ไกลจากจุดเข้าใหม่
🧠 Context: Forecast SELL 92/100 | Trend ขาลง | R&gt;G 16/100 | flip 37 bars
📌 Plan: Entry 75.33 | SL 73.80 | TP1 73.80 | TP2 72.58
📏 Risk: Risk 1.60% | RR TP1 1.00R / TP2 1.80R
🧭 Level Source: actual+fallback
🤖 AI: กลาง | p(win) 51% | exp -0.09%
🧠 Entry AI: รอ | Watch | p(entry) 20% | p(avoid) 52%
📘 กติกาใช้งาน: รอ Watch เมื่อ p(entry) ยังไม่ถึง 80% หรือ p(avoid) ยังสูง | รอบนี้ 20% / 52%
────────────────
🕒 เวลา: 2026-06-23 03:39
📈 TradingView"
d872e76101ae142e,2026-06-23 06:49:11,CDCVIX15,ETH-USD,SELL,15m,64,A,87.5,เข้าได้ตามแผนหลัก แต่ยังต้องเคารพ SL และจังหวะเข้า,,91.0,110.91999999999999,False,,Trade Plan,,watch,ครบอายุ CDC เดิม แต่ตลาดยังลงต่อและราคายังไม่ไกลจากจุดเข้าใหม่,ยืนยันเพิ่ม,confirmed,AI เห็นด้วยกับสัญญาณนี้ ใช้เพิ่มความมั่นใจได้,0.6198054433100386,3.3439374157604886,6.0,scored,ok,รอ,watch,ผ่านเกณฑ์ Watch monitor ใช้เฝ้าดูจังหวะต่อเนื่อง,premium_standard_v4,watch,watch,watch,watch,CDCVIX15,0.2776499195748871,0.20670672367321377,0.5156433567518991,0.6,0.95,0.55,0.9,0.5,0.85,phase4_entry_quality_v4_utf_calibrated,v4_utf_v2,2026-06-18T12:10:15.151463Z,v4_utf_v2,v4_utf_v2,v4_utf_v2,0.0,scored,ok,Watch Only,watch,เป็นแผนเฝ้ารอจังหวะ ไม่ใช่ entry ทันที,-1.0,True,,,,,,,,,1828.8299560546875,1751.3723400878907,,,None,SELL,91.791249066294,ถือครบ 24 แท่งของแผน CDC แล้ว จึงปิดรอบเพื่อลดการยืดเยื้อ,690,,,,,,,,,,,,,,,,1.0,False,66.0,63.31237136140933,91.0,,0.0,CDCVIX15|ETH-USD|SELL|2026-06-16 02:30,"🔴 CDC+VixFix 15m SELL | ETH-USD
ETH-USD
────────────────
📍 Snapshot: ราคา 1,725.49 (+0.00%)
🧭 1H Trend: DOWN | STRONG | ActionZone 15m, Price Action 15m
🧪 Edge: Conf 91%
🚦 สถานะ: 🟡 รอ
📝 Decision: ราคาห่างจากจุดเข้า 5.65% แล้ว ไม่ควรไล่ราคา
🎯 Action: โครงสร้างยังลงต่อ สามารถกด SELL/Short ตามแผนได้ถ้ารับความเสี่ยงตาม SL นี้ได้
⚠️ Note: ครบอายุ CDC เดิม แต่ตลาดยังลงต่อและราคายังไม่ไกลจากจุดเข้าใหม่
🧠 Context: Forecast SELL 92/100 | Trend ขาลง | R&gt;G 1/100 | flip 68 bars
📌 Plan: Entry 1,828.83 | SL 1,751.37 | TP1 1,751.37 | TP2 1,689.41
📏 Risk: Risk 3.68% | RR TP1 1.00R / TP2 1.80R
🧭 Level Source: actual+fallback
🤖 AI: ยืนยันเพิ่ม | p(win) 62% | exp +3.34%
🧠 Entry AI: รอ | Watch | p(entry) 28% | p(avoid) 52%
📘 กติกาใช้งาน: รอ Watch เมื่อ p(entry) ยังไม่ถึง 80% หรือ p(avoid) ยังสูง | รอบนี้ 28% / 52%
────────────────
🕒 เวลา: 2026-06-23 06:49
📈 TradingView"
a37e3f961db39d93,2026-06-23 06:49:12,CDCVIX15,SOL-USD,SELL,15m,64,A,87.5,เข้าได้ตามแผนหลัก แต่ยังต้องเคารพ SL และจังหวะเข้า,,91.0,110.91999999999999,False,,Trade Plan,,watch,ครบอายุ CDC เดิม แต่ตลาดยังลงต่อและราคายังไม่ไกลจากจุดเข้าใหม่,กลาง,neutral,AI มองว่ากลาง ๆ ใช้ช่วยดูเพิ่ม แต่ยังไม่ใช่จังหวะเด่น,0.5356558789015883,0.4803048949074423,0.0,scored,ok,รอ,watch,ผ่านเกณฑ์ Watch monitor ใช้เฝ้าดูจังหวะต่อเนื่อง,premium_standard_v4,watch,watch,watch,watch,CDCVIX15,0.25079686203895524,0.2284888488124884,0.5207142891485566,0.6,0.95,0.55,0.9,0.5,0.85,phase4_entry_quality_v4_utf_calibrated,v4_utf_v2,2026-06-18T12:10:15.151463Z,v4_utf_v2,v4_utf_v2,v4_utf_v2,0.0,scored,ok,Watch Only,watch,เป็นแผนเฝ้ารอจังหวะ ไม่ใช่ entry ทันที,-1.0,True,,,,,,,,,75.33000183105469,72.94805278778077,,,None,SELL,92.0,ถือครบ 24 แท่งของแผน CDC แล้ว จึงปิดรอบเพื่อลดการยืดเยื้อ,696,,,,,,,,,,,,,,,,16.0,False,66.0,63.31237136140933,91.0,,0.0,CDCVIX15|SOL-USD|SELL|2026-06-16 01:00,"🔴 CDC+VixFix 15m SELL | SOL-USD
SOL-USD
────────────────
📍 Snapshot: ราคา 71.87 (+0.00%)
🧭 1H Trend: DOWN | STRONG | ActionZone 15m, Price Action 15m
🧪 Edge: Conf 91%
🚦 สถานะ: 🟡 รอ
📝 Decision: ราคาห่างจากจุดเข้า 4.59% แล้ว ไม่ควรไล่ราคา
🎯 Action: โครงสร้างยังลงต่อ สามารถกด SELL/Short ตามแผนได้ถ้ารับความเสี่ยงตาม SL นี้ได้
⚠️ Note: ครบอายุ CDC เดิม แต่ตลาดยังลงต่อและราคายังไม่ไกลจากจุดเข้าใหม่
🧠 Context: Forecast SELL 92/100 | Trend ขาลง | R&gt;G 16/100 | flip 50 bars
📌 Plan: Entry 75.33 | SL 72.95 | TP1 72.95 | TP2 71.04
📏 Risk: Risk 2.50% | RR TP1 1.00R / TP2 1.80R
🧭 Level Source: actual+fallback
🤖 AI: กลาง | p(win) 54% | exp +0.48%
🧠 Entry AI: รอ | Watch | p(entry) 25% | p(avoid) 52%
📘 กติกาใช้งาน: รอ Watch เมื่อ p(entry) ยังไม่ถึง 80% หรือ p(avoid) ยังสูง | รอบนี้ 25% / 52%
────────────────
🕒 เวลา: 2026-06-23 06:49
📈 TradingView"
3ee2ae28527fc476,2026-06-24 18:17:13,CDCVIX15,PAXG-USD,SELL,15m,64,A,87.5,เข้าได้ตามแผนหลัก แต่ยังต้องเคารพ SL และจังหวะเข้า,,91.0,110.91999999999999,False,,Trade Plan,,watch,ครบอายุ CDC เดิม แต่ตลาดยังลงต่อและราคายังไม่ไกลจากจุดเข้าใหม่,ยืนยันเพิ่ม,confirmed,AI เห็นด้วยกับสัญญาณนี้ ใช้เพิ่มความมั่นใจได้,0.851436788158198,2.5002828040103102,6.0,scored,ok,รอ,watch,ผ่านเกณฑ์ Watch monitor ใช้เฝ้าดูจังหวะต่อเนื่อง,premium_standard_v4,watch,watch,watch,watch,CDCVIX15,0.2539802040044466,0.2256297250468349,0.5203900709487185,0.6,0.95,0.55,0.9,0.5,0.85,phase4_entry_quality_v4_utf_calibrated,v4_utf_v2,2026-06-18T12:10:15.151463Z,v4_utf_v2,v4_utf_v2,v4_utf_v2,0.0,scored,ok,Watch Only,watch,เป็นแผนเฝ้ารอจังหวะ ไม่ใช่ entry ทันที,-1.0,True,,,,,,,,,4197.47021484375,4095.179810791016,,,None,SELL,92.0,ถือครบ 24 แท่งของแผน CDC แล้ว จึงปิดรอบเพื่อลดการยืดเยื้อ,182,,,,,,,,,,,,,,,,1.0,False,66.0,63.18412414404442,91.0,,0.0,CDCVIX15|PAXG-USD|SELL|2026-06-22 21:00,"🔴 CDC+VixFix 15m SELL | PAXG-USD
PAXG-USD
────────────────
📍 Snapshot: ราคา 4,034.66 (+0.00%)
🧭 1H Trend: DOWN | STRONG | ActionZone 15m, Price Action 15m
🧪 Edge: Conf 91%
🚦 สถานะ: 🟡 รอ
📝 Decision: ราคาห่างจากจุดเข้า 3.88% แล้ว ไม่ควรไล่ราคา
🎯 Action: โครงสร้างยังลงต่อ สามารถกด SELL/Short ตามแผนได้ถ้ารับความเสี่ยงตาม SL นี้ได้
⚠️ Note: ครบอายุ CDC เดิม แต่ตลาดยังลงต่อและราคายังไม่ไกลจากจุดเข้าใหม่
🧠 Context: Forecast SELL 92/100 | Trend ขาลง | R&gt;G 1/100 | flip 18 bars
📌 Plan: Entry 4,197.47 | SL 4,095.18 | TP1 4,095.18 | TP2 4,013.35
📏 Risk: Risk 2.41% | RR TP1 1.00R / TP2 1.80R
🧭 Level Source: actual+fallback
🤖 AI: ยืนยันเพิ่ม | p(win) 85% | exp +2.50%
🧠 Entry AI: รอ | Watch | p(entry) 25% | p(avoid) 52%
📘 กติกาใช้งาน: รอ Watch เมื่อ p(entry) ยังไม่ถึง 80% หรือ p(avoid) ยังสูง | รอบนี้ 25% / 52%
────────────────
🕒 เวลา: 2026-06-24 18:17
📈 TradingView"
f221309a58c8b88b,2026-06-25 05:54:06,CDCVIX15,PAXG-USD,SELL,15m,64,A,87.5,เข้าได้ตามแผนหลัก แต่ยังต้องเคารพ SL และจังหวะเข้า,,91.0,110.91999999999999,False,,Trade Plan,,watch,ครบอายุ CDC เดิม แต่ตลาดยังลงต่อและราคายังไม่ไกลจากจุดเข้าใหม่,ยืนยันเพิ่ม,confirmed,AI เห็นด้วยกับสัญญาณนี้ ใช้เพิ่มความมั่นใจได้,0.8380678629587914,2.8058174488554855,6.0,scored,ok,รอ,watch,ผ่านเกณฑ์ Watch monitor ใช้เฝ้าดูจังหวะต่อเนื่อง,premium_standard_v4,watch,watch,watch,watch,CDCVIX15,0.20281762892168925,0.272717014379415,0.5244653566988956,0.6,0.95,0.55,0.9,0.5,0.85,phase4_entry_quality_v4_utf_calibrated,v4_utf_v2,2026-06-18T12:10:15.151463Z,v4_utf_v2,v4_utf_v2,v4_utf_v2,0.0,scored,ok,Watch Only,watch,เป็นแผนเฝ้ารอจังหวะ ไม่ใช่ entry ทันที,-1.0,True,,,,,,,,,4197.47021484375,4052.1642297363283,,,None,SELL,92.0,ถือครบ 24 แท่งของแผน CDC แล้ว จึงปิดรอบเพื่อลดการยืดเยื้อ,228,,,,,,,,,,,,,,,,1.0,False,66.0,63.69736855371368,91.0,,0.0,CDCVIX15|PAXG-USD|SELL|2026-06-22 21:00,"🔴 CDC+VixFix 15m SELL | PAXG-USD
PAXG-USD
────────────────
📍 Snapshot: ราคา 3,992.28 (+0.00%)
🧭 1H Trend: DOWN | STRONG | ActionZone 15m, Price Action 15m
🧪 Edge: Conf 91%
🚦 สถานะ: 🟡 รอ
📝 Decision: ราคาห่างจากจุดเข้า 4.89% แล้ว ไม่ควรไล่ราคา
🎯 Action: โครงสร้างยังลงต่อ สามารถกด SELL/Short ตามแผนได้ถ้ารับความเสี่ยงตาม SL นี้ได้
⚠️ Note: ครบอายุ CDC เดิม แต่ตลาดยังลงต่อและราคายังไม่ไกลจากจุดเข้าใหม่
🧠 Context: Forecast SELL 92/100 | Trend ขาลง | R&gt;G 1/100 | flip 64 bars
📌 Plan: Entry 4,197.47 | SL 4,052.16 | TP1 4,052.16 | TP2 3,935.92
📏 Risk: Risk 3.43% | RR TP1 1.00R / TP2 1.80R
🧭 Level Source: actual+fallback
🤖 AI: ยืนยันเพิ่ม | p(win) 84% | exp +2.81%
🧠 Entry AI: รอ | Watch | p(entry) 20% | p(avoid) 52%
📘 กติกาใช้งาน: รอ Watch เมื่อ p(entry) ยังไม่ถึง 80% หรือ p(avoid) ยังสูง | รอบนี้ 20% / 52%
────────────────
🕒 เวลา: 2026-06-25 05:54
📈 TradingView"
fea32bdea0881bf1,2026-06-25 13:17:50,CDCVIX15,PAXG-USD,SELL,15m,64,A,87.5,เข้าได้ตามแผนหลัก แต่ยังต้องเคารพ SL และจังหวะเข้า,,91.0,119.18,False,,Trade Plan,,watch,ครบอายุ CDC เดิม แต่ตลาดยังลงต่อและราคายังไม่ไกลจากจุดเข้าใหม่,ยืนยันเพิ่ม,confirmed,AI เห็นด้วยกับสัญญาณนี้ ใช้เพิ่มความมั่นใจได้,0.8018276334091025,2.6980406990770645,6.0,scored,ok,รอ,watch,ผ่านเกณฑ์ Watch monitor ใช้เฝ้าดูจังหวะต่อเนื่อง,premium_standard_v4,watch,watch,watch,watch,CDCVIX15,0.2065374900849594,0.2687695566157128,0.5246929532993279,0.6,0.95,0.55,0.9,0.5,0.85,phase4_entry_quality_v4_utf_calibrated,v4_utf_v2,2026-06-18T12:10:15.151463Z,v4_utf_v2,v4_utf_v2,v4_utf_v2,0.0,scored,ok,Watch Only,watch,เป็นแผนเฝ้ารอจังหวะ ไม่ใช่ entry ทันที,-1.0,True,,,,,,,,,4197.47021484375,4034.3915698242185,,,None,SELL,92.0,ถือครบ 24 แท่งของแผน CDC แล้ว จึงปิดรอบเพื่อลดการยืดเยื้อ,258,,,,,,,,,,,,,,,,1.0,False,66.0,63.31774067380645,91.0,,0.0,CDCVIX15|PAXG-USD|SELL|2026-06-22 21:00,"🔴 CDC+VixFix 15m SELL | PAXG-USD
PAXG-USD
────────────────
📍 Snapshot: ราคา 3,974.77 (+0.00%)
🧭 1H Trend: DOWN | STRONG | ActionZone 15m, Price Action 15m
🧪 Edge: Conf 91%
🚦 สถานะ: 🟡 รอ
📝 Decision: ราคาห่างจากจุดเข้า 5.31% แล้ว ไม่ควรไล่ราคา
🎯 Action: โครงสร้างยังลงต่อ สามารถกด SELL/Short ตามแผนได้ถ้ารับความเสี่ยงตาม SL นี้ได้
⚠️ Note: ครบอายุ CDC เดิม แต่ตลาดยังลงต่อและราคายังไม่ไกลจากจุดเข้าใหม่
🧠 Context: Forecast SELL 92/100 | Trend ขาลง | R&gt;G 1/100 | flip 28 bars
📌 Plan: Entry 4,197.47 | SL 4,034.39 | TP1 4,034.39 | TP2 3,903.93
📏 Risk: Risk 3.85% | RR TP1 1.00R / TP2 1.80R
🧭 Level Source: actual+fallback
🤖 AI: ยืนยันเพิ่ม | p(win) 80% | exp +2.70%
🧠 Entry AI: รอ | Watch | p(entry) 21% | p(avoid) 52%
📘 กติกาใช้งาน: รอ Watch เมื่อ p(entry) ยังไม่ถึง 80% หรือ p(avoid) ยังสูง | รอบนี้ 21% / 52%
────────────────
🕒 เวลา: 2026-06-25 13:17
📈 TradingView"
9f3552d7fcbcd873,2026-06-25 18:08:06,CDCVIX15,PAXG-USD,SELL,15m,64,A,87.5,เข้าได้ตามแผนหลัก แต่ยังต้องเคารพ SL และจังหวะเข้า,,91.0,119.18,False,,Trade Plan,,watch,ครบอายุ CDC เดิม แต่ตลาดยังลงต่อและราคายังไม่ไกลจากจุดเข้าใหม่,ยืนยันเพิ่ม,confirmed,AI เห็นด้วยกับสัญญาณนี้ ใช้เพิ่มความมั่นใจได้,0.8040363165564626,2.656225674089238,6.0,scored,ok,รอ,watch,ผ่านเกณฑ์ Watch monitor ใช้เฝ้าดูจังหวะต่อเนื่อง,premium_standard_v4,watch,watch,watch,watch,CDCVIX15,0.1824055860374769,0.2940237848579049,0.523570629104618,0.6,0.95,0.55,0.9,0.5,0.85,phase4_entry_quality_v4_utf_calibrated,v4_utf_v2,2026-06-18T12:10:15.151463Z,v4_utf_v2,v4_utf_v2,v4_utf_v2,0.0,scored,ok,Watch Only,watch,เป็นแผนเฝ้ารอจังหวะ ไม่ใช่ entry ทันที,-1.0,True,,,,,,,,,4197.47021484375,4040.2786193847655,,,None,SELL,92.0,ถือครบ 24 แท่งของแผน CDC แล้ว จึงปิดรอบเพื่อลดการยืดเยื้อ,277,,,,,,,,,,,,,,,,15.0,False,66.0,63.16630760075568,91.0,,0.0,CDCVIX15|PAXG-USD|SELL|2026-06-22 21:00,"🔴 CDC+VixFix 15m SELL | PAXG-USD
PAXG-USD
────────────────
📍 Snapshot: ราคา 3,980.57 (+0.00%)
🧭 1H Trend: DOWN | STRONG | ActionZone 15m, Price Action 15m
🧪 Edge: Conf 91%
🚦 สถานะ: 🟡 รอ
📝 Decision: ราคาห่างจากจุดเข้า 5.17% แล้ว ไม่ควรไล่ราคา
🎯 Action: โครงสร้างยังลงต่อ สามารถกด SELL/Short ตามแผนได้ถ้ารับความเสี่ยงตาม SL นี้ได้
⚠️ Note: ครบอายุ CDC เดิม แต่ตลาดยังลงต่อและราคายังไม่ไกลจากจุดเข้าใหม่
🧠 Context: Forecast SELL 92/100 | Trend ขาลง | R&gt;G 15/100 | flip 4 bars
📌 Plan: Entry 4,197.47 | SL 4,040.28 | TP1 4,040.28 | TP2 3,914.53
📏 Risk: Risk 3.71% | RR TP1 1.00R / TP2 1.80R
🧭 Level Source: actual+fallback
🤖 AI: ยืนยันเพิ่ม | p(win) 80% | exp +2.66%
🧠 Entry AI: รอ | Watch | p(entry) 18% | p(avoid) 52%
📘 กติกาใช้งาน: รอ Watch เมื่อ p(entry) ยังไม่ถึง 80% หรือ p(avoid) ยังสูง | รอบนี้ 18% / 52%
────────────────
🕒 เวลา: 2026-06-25 18:08
📈 TradingView"
f1b1b4b8c614ad32,2026-06-25 18:08:06,CDCVIX15,BTC-USD,SELL,15m,64,A,86.4,เข้าได้ตามแผนหลัก แต่ยังต้องเคารพ SL และจังหวะเข้า,,89.0,109.03999999999999,False,,Trade Plan,,watch,ครบอายุ CDC เดิม แต่ตลาดยังลงต่อและราคายังไม่ไกลจากจุดเข้าใหม่,กลาง,neutral,AI มองว่ากลาง ๆ ใช้ช่วยดูเพิ่ม แต่ยังไม่ใช่จังหวะเด่น,0.557853908226531,0.9748234470458955,0.0,scored,ok,รอ,watch,ผ่านเกณฑ์ Watch monitor ใช้เฝ้าดูจังหวะต่อเนื่อง,premium_standard_v4,watch,watch,watch,watch,CDCVIX15,0.2541092004543886,0.2255344894013424,0.5203563101442691,0.6,0.95,0.55,0.9,0.5,0.85,phase4_entry_quality_v4_utf_calibrated,v4_utf_v2,2026-06-18T12:10:15.151463Z,v4_utf_v2,v4_utf_v2,v4_utf_v2,0.0,scored,ok,Watch Only,watch,เป็นแผนเฝ้ารอจังหวะ ไม่ใช่ entry ทันที,-1.0,True,,,,,,,,,63638.1484375,61924.07552734375,,,None,SELL,92.0,ถือครบ 24 แท่งของแผน CDC แล้ว จึงปิดรอบเพื่อลดการยืดเยื้อ,487,,,,,,,,,,,,,,,,16.0,False,66.0,63.16630760075568,89.0,,0.0,CDCVIX15|BTC-USD|SELL|2026-06-20 16:30,"🔴 CDC+VixFix 15m SELL | BTC-USD
BTC-USD
────────────────
📍 Snapshot: ราคา 61,008.94 (+0.00%)
🧭 1H Trend: DOWN | STRONG | ActionZone 15m, Price Action 15m
🧪 Edge: Conf 89%
🚦 สถานะ: 🟡 รอ
📝 Decision: ราคาห่างจากจุดเข้า 4.13% แล้ว ไม่ควรไล่ราคา
🎯 Action: โครงสร้างยังลงต่อ สามารถกด SELL/Short ตามแผนได้ถ้ารับความเสี่ยงตาม SL นี้ได้
⚠️ Note: ครบอายุ CDC เดิม แต่ตลาดยังลงต่อและราคายังไม่ไกลจากจุดเข้าใหม่
🧠 Context: Forecast SELL 92/100 | Trend ขาลง | R&gt;G 16/100 | flip 7 bars
📌 Plan: Entry 63,638.15 | SL 61,924.08 | TP1 61,924.08 | TP2 60,552.82
📏 Risk: Risk 2.34% | RR TP1 1.00R / TP2 1.80R
🧭 Level Source: actual+fallback
🤖 AI: กลาง | p(win) 56% | exp +0.97%
🧠 Entry AI: รอ | Watch | p(entry) 25% | p(avoid) 52%
📘 กติกาใช้งาน: รอ Watch เมื่อ p(entry) ยังไม่ถึง 80% หรือ p(avoid) ยังสูง | รอบนี้ 25% / 52%
────────────────
🕒 เวลา: 2026-06-25 18:08
📈 TradingView"
811c2563daad2833,2026-06-26 01:19:52,CDCVIX15,SOL-USD,SELL,15m,64,A,86.4,เข้าได้ตามแผนหลัก แต่ยังต้องเคารพ SL และจังหวะเข้า,,88.93121191920652,108.97533920405412,False,,Trade Plan,,watch,ครบอายุ CDC เดิม แต่ตลาดยังลงต่อและราคายังไม่ไกลจากจุดเข้าใหม่,ยังไม่ชัด,low_conviction,AI ยังไม่มั่นใจพอ ควรรอดูเพิ่ม,0.41118203247073487,1.6359605413427103,-2.5,scored,ok,รอ,watch,ผ่านเกณฑ์ Watch monitor ใช้เฝ้าดูจังหวะต่อเนื่อง,premium_standard_v4,watch,watch,watch,watch,CDCVIX15,0.4240874568605778,0.11372407356522324,0.46218846957419896,0.6,0.95,0.55,0.9,0.5,0.85,phase4_entry_quality_v4_utf_calibrated,v4_utf_v2,2026-06-18T12:10:15.151463Z,v4_utf_v2,v4_utf_v2,v4_utf_v2,0.0,scored,ok,Watch Only,watch,เป็นแผนเฝ้ารอจังหวะ ไม่ใช่ entry ทันที,-1.0,True,,,,,,,,,73.69000244140625,68.204281943185,,,None,SELL,83.10403973068841,ถือครบ 24 แท่งของแผน CDC แล้ว จึงปิดรอบเพื่อลดการยืดเยื้อ,406,,,,,,,,,,,,,,,,16.0,False,66.0,64.61072777937792,88.93121191920652,,0.0,CDCVIX15|SOL-USD|SELL|2026-06-21 20:00,"🔴 CDC+VixFix 15m SELL | SOL-USD
SOL-USD
────────────────
📍 Snapshot: ราคา 66.49 (+0.00%)
🧭 1H Trend: DOWN | STRONG | ActionZone 15m, Price Action 15m
🧪 Edge: Conf 89%
🚦 สถานะ: 🟡 รอ
📝 Decision: ราคาห่างจากจุดเข้า 9.77% แล้ว ไม่ควรไล่ราคา
🎯 Action: โครงสร้างยังลงต่อ สามารถกด SELL/Short ตามแผนได้ถ้ารับความเสี่ยงตาม SL นี้ได้
⚠️ Note: ครบอายุ CDC เดิม แต่ตลาดยังลงต่อและราคายังไม่ไกลจากจุดเข้าใหม่
🧠 Context: Forecast SELL 83/100 | Trend ขาลง | R&gt;G 16/100 | flip 38 bars
📌 Plan: Entry 73.69 | SL 68.20 | TP1 68.20 | TP2 63.82
📏 Risk: Risk 7.37% | RR TP1 1.00R / TP2 1.80R
🧭 Level Source: actual+fallback
🤖 AI: ยังไม่ชัด | p(win) 41% | exp +1.64%
🧠 Entry AI: รอ | Watch | p(entry) 42% | p(avoid) 46%
📘 กติกาใช้งาน: รอ Watch เมื่อ p(entry) ยังไม่ถึง 80% หรือ p(avoid) ยังสูง | รอบนี้ 42% / 46%
────────────────
🕒 เวลา: 2026-06-26 01:19
📈 TradingView"
4f30de8adbaa36b9,2026-06-26 08:53:23,CDCVIX15,PAXG-USD,SELL,15m,64,A,87.5,เข้าได้ตามแผนหลัก แต่ยังต้องเคารพ SL และจังหวะเข้า,,91.0,119.18,False,,Trade Plan,,watch,ครบอายุ CDC เดิม แต่ตลาดยังลงต่อและราคายังไม่ไกลจากจุดเข้าใหม่,ยืนยันเพิ่ม,confirmed,AI เห็นด้วยกับสัญญาณนี้ ใช้เพิ่มความมั่นใจได้,0.8144657758143208,2.4537861784048145,6.0,scored,ok,รอ,watch,ผ่านเกณฑ์ Watch monitor ใช้เฝ้าดูจังหวะต่อเนื่อง,premium_standard_v4,watch,watch,watch,watch,CDCVIX15,0.19394142573431872,0.28171028234999185,0.5243482919156894,0.6,0.95,0.55,0.9,0.5,0.85,phase4_entry_quality_v4_utf_calibrated,v4_utf_v2,2026-06-18T12:10:15.151463Z,v4_utf_v2,v4_utf_v2,v4_utf_v2,0.0,scored,ok,Watch Only,watch,เป็นแผนเฝ้ารอจังหวะ ไม่ใช่ entry ทันที,-1.0,True,,,,,,,,,4197.47021484375,4068.779650878906,,,None,SELL,92.0,ถือครบ 24 แท่งของแผน CDC แล้ว จึงปิดรอบเพื่อลดการยืดเยื้อ,324,,,,,,,,,,,,,,,,1.0,False,66.0,63.46193705325999,91.0,,0.0,CDCVIX15|PAXG-USD|SELL|2026-06-22 21:00,"🔴 CDC+VixFix 15m SELL | PAXG-USD
PAXG-USD
────────────────
📍 Snapshot: ราคา 4,008.65 (+0.00%)
🧭 1H Trend: DOWN | STRONG | ActionZone 15m, Price Action 15m
🧪 Edge: Conf 91%
🚦 สถานะ: 🟡 รอ
📝 Decision: ราคาห่างจากจุดเข้า 4.50% แล้ว ไม่ควรไล่ราคา
🎯 Action: โครงสร้างยังลงต่อ สามารถกด SELL/Short ตามแผนได้ถ้ารับความเสี่ยงตาม SL นี้ได้
⚠️ Note: ครบอายุ CDC เดิม แต่ตลาดยังลงต่อและราคายังไม่ไกลจากจุดเข้าใหม่
🧠 Context: Forecast SELL 92/100 | Trend ขาลง | R&gt;G 1/100 | flip 31 bars
📌 Plan: Entry 4,197.47 | SL 4,068.78 | TP1 4,068.78 | TP2 3,965.83
📏 Risk: Risk 3.04% | RR TP1 1.00R / TP2 1.80R
🧭 Level Source: actual+fallback
🤖 AI: ยืนยันเพิ่ม | p(win) 81% | exp +2.45%
🧠 Entry AI: รอ | Watch | p(entry) 19% | p(avoid) 52%
📘 กติกาใช้งาน: รอ Watch เมื่อ p(entry) ยังไม่ถึง 80% หรือ p(avoid) ยังสูง | รอบนี้ 19% / 52%
────────────────
🕒 เวลา: 2026-06-26 08:53
📈 TradingView"
0b67a311f62cd34d,2026-06-26 19:08:55,CDCVIX15,BNB-USD,SELL,15m,64,A,87.5,เข้าได้ตามแผนหลัก แต่ยังต้องเคารพ SL และจังหวะเข้า,,91.0,110.91999999999999,False,,Trade Plan,,watch,ครบอายุ CDC เดิม แต่ตลาดยังลงต่อและราคายังไม่ไกลจากจุดเข้าใหม่,ยืนยันเพิ่ม,confirmed,AI เห็นด้วยกับสัญญาณนี้ ใช้เพิ่มความมั่นใจได้,0.6408943064366482,2.291077423274666,6.0,scored,ok,รอ,watch,ผ่านเกณฑ์ Watch monitor ใช้เฝ้าดูจังหวะต่อเนื่อง,premium_standard_v4,watch,watch,watch,watch,CDCVIX15,0.2424501160211399,0.23582705997077447,0.5217228240080856,0.6,0.95,0.55,0.9,0.5,0.85,phase4_entry_quality_v4_utf_calibrated,v4_utf_v2,2026-06-18T12:10:15.151463Z,v4_utf_v2,v4_utf_v2,v4_utf_v2,0.0,scored,ok,Watch Only,watch,เป็นแผนเฝ้ารอจังหวะ ไม่ใช่ entry ทันที,-1.0,True,,,,,,,,,586.9000244140625,566.9383975219727,,,None,SELL,92.0,ถือครบ 24 แท่งของแผน CDC แล้ว จึงปิดรอบเพื่อลดการยืดเยื้อ,580,,,,,,,,,,,,,,,,1.0,False,66.0,63.430694597698555,91.0,,0.0,CDCVIX15|BNB-USD|SELL|2026-06-20 18:15,"🔴 CDC+VixFix 15m SELL | BNB-USD
BNB-USD
────────────────
📍 Snapshot: ราคา 558.56 (+0.00%)
🧭 1H Trend: DOWN | STRONG | ActionZone 15m, Price Action 15m
🧪 Edge: Conf 91%
🚦 สถานะ: 🟡 รอ
📝 Decision: ราคาห่างจากจุดเข้า 4.83% แล้ว ไม่ควรไล่ราคา
🎯 Action: โครงสร้างยังลงต่อ สามารถกด SELL/Short ตามแผนได้ถ้ารับความเสี่ยงตาม SL นี้ได้
⚠️ Note: ครบอายุ CDC เดิม แต่ตลาดยังลงต่อและราคายังไม่ไกลจากจุดเข้าใหม่
🧠 Context: Forecast SELL 92/100 | Trend ขาลง | R&gt;G 1/100 | flip 24 bars
📌 Plan: Entry 586.90 | SL 566.94 | TP1 566.94 | TP2 550.97
📏 Risk: Risk 2.96% | RR TP1 1.00R / TP2 1.80R
🧭 Level Source: actual+fallback
🤖 AI: ยืนยันเพิ่ม | p(win) 64% | exp +2.29%
🧠 Entry AI: รอ | Watch | p(entry) 24% | p(avoid) 52%
📘 กติกาใช้งาน: รอ Watch เมื่อ p(entry) ยังไม่ถึง 80% หรือ p(avoid) ยังสูง | รอบนี้ 24% / 52%
────────────────
🕒 เวลา: 2026-06-26 19:08
📈 TradingView"
14b2d5a294d28601,2026-06-26 21:46:57,CDCVIX15,PAXG-USD,BUY,15m,64,A,87.5,เข้าได้ตามแผนหลัก แต่ยังต้องเคารพ SL และจังหวะเข้า,,95.0,103.04,False,,Trade Plan,,watch,short_trade_watch:คุณภาพจังหวะเข้าไม่ครบสำหรับ short trade,ยืนยันเพิ่ม,confirmed,AI เห็นด้วยกับสัญญาณนี้ ใช้เพิ่มความมั่นใจได้,0.7976506868461279,0.5897177821177346,6.0,scored,ok,รอ,watch,ผ่านเกณฑ์ Watch monitor ใช้เฝ้าดูจังหวะต่อเนื่อง,premium_standard_v4,watch,watch,watch,watch,CDCVIX15,0.42729309687232375,0.049707760199250696,0.5229991429284255,0.6,0.95,0.55,0.9,0.5,0.85,phase4_entry_quality_v4_utf_calibrated,v4_utf_v2,2026-06-18T12:10:15.151463Z,v4_utf_v2,v4_utf_v2,v4_utf_v2,0.0,scored,ok,Watch Only,watch,คุณภาพจังหวะเข้าไม่ครบสำหรับ short trade,-1.0,True,,,,,,,,,4047.760009765625,3987.0436096191406,,,None,BUY,85.71044773723042,"CDC ยังหนุนขาขึ้น, เพิ่งมี VixFix spike ฝั่ง panic low และโมเมนตัมเริ่มฟื้น",6,,,,,,,,,,,,,,,,95.0,True,66.0,63.9259871012677,95.0,,0.0,CDCVIX15|PAXG-USD|BUY|2026-06-26 20:15,"🟢 CDC+VixFix 15m BUY | PAXG-USD
PAXG-USD
────────────────
📍 Snapshot: ราคา 4,072.24 (+0.00%)
🧭 1H Trend: UP | STRONG | ActionZone 15m, Price Action 15m
🧪 Edge: Conf 95%
🚦 สถานะ: 🟢 เข้าได้
📝 Decision: แผนยังใกล้จุดเข้าและมี SL/TP พร้อมใช้งาน
🎯 Action: ถ้ายังไม่มีสถานะ สามารถกด BUY/Long ตามแผนได้
⚠️ Note: ถ้ามี Short เดิม ควรปิด Short ก่อนแล้วค่อยเปิด BUY
🧠 Context: Forecast BUY 86/100 | Trend ขาขึ้น | R&gt;G 95/100 | flip 8 bars | reclaim
📌 Plan: Entry 4,047.76 | SL 3,987.04 | TP1 4,108.48 | TP2 4,157.05
📏 Risk: Risk 1.30% | RR TP1 1.00R / TP2 1.80R
🧭 Level Source: actual+fallback
🤖 AI: ยืนยันเพิ่ม | p(win) 80% | exp +0.59%
🧠 Entry AI: รอ | Watch | p(entry) 43% | p(avoid) 52%
📘 กติกาใช้งาน: รอ Watch เมื่อ p(entry) ยังไม่ถึง 80% หรือ p(avoid) ยังสูง | รอบนี้ 43% / 52%
────────────────
🕒 เวลา: 2026-06-26 21:46
📈 TradingView"
65e6748d86aae3af,2026-06-26 21:46:58,CDCVIX15,BNB-USD,SELL,15m,64,A,87.5,เข้าได้ตามแผนหลัก แต่ยังต้องเคารพ SL และจังหวะเข้า,,91.0,110.91999999999999,False,,Trade Plan,,watch,ครบอายุ CDC เดิม แต่ตลาดยังลงต่อและราคายังไม่ไกลจากจุดเข้าใหม่,ยืนยันเพิ่ม,confirmed,AI เห็นด้วยกับสัญญาณนี้ ใช้เพิ่มความมั่นใจได้,0.6518127045725793,2.146439969802441,6.0,scored,ok,รอ,watch,ผ่านเกณฑ์ Watch monitor ใช้เฝ้าดูจังหวะต่อเนื่อง,premium_standard_v4,watch,watch,watch,watch,CDCVIX15,0.31641979509160134,0.17819717933649742,0.5053830255719013,0.6,0.95,0.55,0.9,0.5,0.85,phase4_entry_quality_v4_utf_calibrated,v4_utf_v2,2026-06-18T12:10:15.151463Z,v4_utf_v2,v4_utf_v2,v4_utf_v2,0.0,scored,ok,Watch Only,watch,เป็นแผนเฝ้ารอจังหวะ ไม่ใช่ entry ทันที,-1.0,True,,,,,,,,,586.9000244140625,569.7671726771763,,,None,SELL,90.63528412746028,ถือครบ 24 แท่งของแผน CDC แล้ว จึงปิดรอบเพื่อลดการยืดเยื้อ,590,,,,,,,,,,,,,,,,15.0,False,66.0,63.9259871012677,91.0,,0.0,CDCVIX15|BNB-USD|SELL|2026-06-20 18:15,"🔴 CDC+VixFix 15m SELL | BNB-USD
BNB-USD
────────────────
📍 Snapshot: ราคา 559.46 (+0.00%)
🧭 1H Trend: DOWN | STRONG | ActionZone 15m, Price Action 15m
🧪 Edge: Conf 91%
🚦 สถานะ: 🟡 รอ
📝 Decision: ราคาห่างจากจุดเข้า 4.68% แล้ว ไม่ควรไล่ราคา
🎯 Action: โครงสร้างยังลงต่อ สามารถกด SELL/Short ตามแผนได้ถ้ารับความเสี่ยงตาม SL นี้ได้
⚠️ Note: ครบอายุ CDC เดิม แต่ตลาดยังลงต่อและราคายังไม่ไกลจากจุดเข้าใหม่
🧠 Context: Forecast SELL 91/100 | Trend ขาลง | R&gt;G 15/100 | flip 34 bars
📌 Plan: Entry 586.90 | SL 569.77 | TP1 569.77 | TP2 556.06
📏 Risk: Risk 2.54% | RR TP1 1.00R / TP2 1.80R
🧭 Level Source: actual+fallback
🤖 AI: ยืนยันเพิ่ม | p(win) 65% | exp +2.15%
🧠 Entry AI: รอ | Watch | p(entry) 32% | p(avoid) 51%
📘 กติกาใช้งาน: รอ Watch เมื่อ p(entry) ยังไม่ถึง 80% หรือ p(avoid) ยังสูง | รอบนี้ 32% / 51%
────────────────
🕒 เวลา: 2026-06-26 21:46
📈 TradingView"
3512da7c6690295a,2026-06-26 23:58:38,CDCVIX15,TRX-USD,SELL,15m,64,A,87.5,เข้าได้ตามแผนหลัก แต่ยังต้องเคารพ SL และจังหวะเข้า,,91.0,110.91999999999999,False,,Trade Plan,,watch,ครบอายุ CDC เดิม แต่ตลาดยังลงต่อและราคายังไม่ไกลจากจุดเข้าใหม่,ยืนยันเพิ่ม,confirmed,AI เห็นด้วยกับสัญญาณนี้ ใช้เพิ่มความมั่นใจได้,0.6856542476410676,0.8060062450523868,6.0,scored,ok,รอ,watch,ผ่านเกณฑ์ Watch monitor ใช้เฝ้าดูจังหวะต่อเนื่อง,premium_standard_v4,watch,watch,watch,watch,CDCVIX15,0.4894880033891529,0.0830007625992117,0.42751123401163543,0.6,0.95,0.55,0.9,0.5,0.85,phase4_entry_quality_v4_utf_calibrated,v4_utf_v2,2026-06-18T12:10:15.151463Z,v4_utf_v2,v4_utf_v2,v4_utf_v2,0.0,scored,ok,Watch Only,watch,เป็นแผนเฝ้ารอจังหวะ ไม่ใช่ entry ทันที,-1.0,True,,,,,,,,,0.3288326561450958,0.3235779792070389,,,None,SELL,92.0,ถือครบ 24 แท่งของแผน CDC แล้ว จึงปิดรอบเพื่อลดการยืดเยื้อ,124,,,,,,,,,,,,,,,,32.0,False,66.0,64.24290831015232,91.0,,0.0,CDCVIX15|TRX-USD|SELL|2026-06-25 17:00,"🔴 CDC+VixFix 15m SELL | TRX-USD
TRX-USD
────────────────
📍 Snapshot: ราคา 0.318796 (+0.00%)
🧭 1H Trend: DOWN | STRONG | ActionZone 15m, Price Action 15m
🧪 Edge: Conf 91%
🚦 สถานะ: 🟡 รอ
📝 Decision: ราคาห่างจากจุดเข้า 3.05% แล้ว ไม่ควรไล่ราคา
🎯 Action: โครงสร้างยังลงต่อ สามารถกด SELL/Short ตามแผนได้ถ้ารับความเสี่ยงตาม SL นี้ได้
⚠️ Note: ครบอายุ CDC เดิม แต่ตลาดยังลงต่อและราคายังไม่ไกลจากจุดเข้าใหม่
🧠 Context: Forecast SELL 92/100 | Trend ขาลง | R&gt;G 32/100 | flip 125 bars
📌 Plan: Entry 0.328833 | SL 0.323578 | TP1 0.323578 | TP2 0.319374
📏 Risk: Risk 1.39% | RR TP1 1.00R / TP2 1.80R
🧭 Level Source: actual+fallback
🤖 AI: ยืนยันเพิ่ม | p(win) 69% | exp +0.81%
🧠 Entry AI: รอ | Watch | p(entry) 49% | p(avoid) 43%
📘 กติกาใช้งาน: รอ Watch เมื่อ p(entry) ยังไม่ถึง 80% หรือ p(avoid) ยังสูง | รอบนี้ 49% / 43%
────────────────
🕒 เวลา: 2026-06-26 23:58
📈 TradingView"
afe64e3465628204,2026-06-27 04:53:18,CDCVIX15,PAXG-USD,BUY,15m,64,A,87.5,เข้าได้ตามแผนหลัก แต่ยังต้องเคารพ SL และจังหวะเข้า,,95.0,103.04,False,,Trade Plan,,watch,short_trade_watch:คุณภาพจังหวะเข้าไม่ครบสำหรับ short trade,ยืนยันเพิ่ม,confirmed,AI เห็นด้วยกับสัญญาณนี้ ใช้เพิ่มความมั่นใจได้,0.7976519975776031,0.5897557126703188,6.0,scored,ok,รอ,watch,ผ่านเกณฑ์ Watch monitor ใช้เฝ้าดูจังหวะต่อเนื่อง,premium_standard_v4,watch,watch,watch,watch,CDCVIX15,0.42729309687232375,0.049707760199250696,0.5229991429284255,0.6,0.95,0.55,0.9,0.5,0.85,phase4_entry_quality_v4_utf_calibrated,v4_utf_v2,2026-06-18T12:10:15.151463Z,v4_utf_v2,v4_utf_v2,v4_utf_v2,0.0,scored,ok,Watch Only,watch,คุณภาพจังหวะเข้าไม่ครบสำหรับ short trade,-1.0,True,,,,,,,,,4079.06005859375,4017.874157714844,,,None,BUY,85.86453109801656,"CDC ยังหนุนขาขึ้น, เพิ่งมี VixFix spike ฝั่ง panic low และโมเมนตัมเริ่มฟื้น",5,,,,,,,,,,,,,,,,80.0,False,66.0,64.46321665410176,95.0,,0.0,CDCVIX15|PAXG-USD|BUY|2026-06-27 03:45,"🟢 CDC+VixFix 15m BUY | PAXG-USD
PAXG-USD
────────────────
📍 Snapshot: ราคา 4,073.01 (+0.00%)
🧭 1H Trend: UP | STRONG | ActionZone 15m, Price Action 15m
🧪 Edge: Conf 95%
🚦 สถานะ: 🟢 เข้าได้
📝 Decision: แผนยังใกล้จุดเข้าและมี SL/TP พร้อมใช้งาน
🎯 Action: ถ้ายังไม่มีสถานะ สามารถกด BUY/Long ตามแผนได้
⚠️ Note: ถ้ามี Short เดิม ควรปิด Short ก่อนแล้วค่อยเปิด BUY
🧠 Context: Forecast BUY 86/100 | Trend ขาขึ้น | R&gt;G 80/100 | flip 5 bars
📌 Plan: Entry 4,079.06 | SL 4,017.87 | TP1 4,152.48 | TP2 4,207.55
📏 Risk: Risk 1.23% | RR TP1 1.20R / TP2 2.10R
🧭 Level Source: actual+fallback
🤖 AI: ยืนยันเพิ่ม | p(win) 80% | exp +0.59%
🧠 Entry AI: รอ | Watch | p(entry) 43% | p(avoid) 52%
📘 กติกาใช้งาน: รอ Watch เมื่อ p(entry) ยังไม่ถึง 80% หรือ p(avoid) ยังสูง | รอบนี้ 43% / 52%
────────────────
🕒 เวลา: 2026-06-27 04:53
📈 TradingView"
2a7d42f65f1ebd48,2026-06-28 00:05:15,CDCVIX15,SOL-USD,SELL,15m,64,A,85.5,เข้าได้ตามแผนหลัก แต่ยังต้องเคารพ SL และจังหวะเข้า,,88.15481160815101,108.24552291166194,False,,Trade Plan,,watch,"cdc_time_stop_sell_watch:d_pct=4.6727786896320245,d_r=1.4409390930004609",กลาง,neutral,AI มองว่ากลาง ๆ ใช้ช่วยดูเพิ่ม แต่ยังไม่ใช่จังหวะเด่น,0.5114748512970602,0.3028633658338883,0.0,scored,ok,รอ,watch,ผ่านเกณฑ์ Watch monitor ใช้เฝ้าดูจังหวะต่อเนื่อง,premium_standard_v4,watch,watch,watch,watch,CDCVIX15,0.24440938470732482,0.23390591368438876,0.5216847016082863,0.6,0.95,0.55,0.9,0.5,0.85,phase4_entry_quality_v4_utf_calibrated,v4_utf_v2,2026-06-18T12:10:15.151463Z,v4_utf_v2,v4_utf_v2,v4_utf_v2,0.0,scored,ok,Watch Only,watch,เป็นแผนเฝ้ารอจังหวะ ไม่ใช่ entry ทันที,-1.0,True,,,,,,,,,75.33000183105469,72.88714752197265,,,None,SELL,80.51603869383669,ถือครบ 24 แท่งของแผน CDC แล้ว จึงปิดรอบเพื่อลดการยืดเยื้อ,1149,,,,,,,,,,,,,,,,15.0,False,66.0,63.2797202611453,88.15481160815101,,0.0,CDCVIX15|SOL-USD|SELL|2026-06-16 01:00,"🔴 CDC+VixFix 15m SELL | SOL-USD
SOL-USD
────────────────
📍 Snapshot: ราคา 71.81 (+0.00%)
🧭 1H Trend: UP | STRONG | ActionZone 15m, Price Action 15m
🧪 Edge: Conf 88%
🚦 สถานะ: ⛔ ห้ามเข้า
📝 Decision: เป็นสัญญาณปิดรอบหรือลดความเสี่ยง ไม่ใช่จุดเปิดไม้ใหม่
🎯 Action: ถ้ามี BUY/Long เดิม ให้ปิดกำไรหรือปิดลดความเสี่ยงตามแผนนี้
⚠️ Note: ยังไม่ใช่สัญญาณเปิด Short ใหม่ เว้นแต่โครงสร้างลงและระบบอื่นยืนยันซ้ำ
🧠 Context: Forecast SELL 81/100 | Trend ขาขึ้น | R&gt;G 15/100 | flip 17 bars
📌 Plan: Entry 75.33 | SL 72.89 | TP1 72.89 | TP2 70.93
📏 Risk: Risk 2.56% | RR TP1 1.00R / TP2 1.80R
🧭 Level Source: actual+fallback
🤖 AI: กลาง | p(win) 51% | exp +0.30%
🧠 Entry AI: รอ | Watch | p(entry) 24% | p(avoid) 52%
📘 กติกาใช้งาน: รอ Watch เมื่อ p(entry) ยังไม่ถึง 80% หรือ p(avoid) ยังสูง | รอบนี้ 24% / 52%
────────────────
🕒 เวลา: 2026-06-28 00:05
📈 TradingView"
d75a0cc9cc82d1cd,2026-06-28 02:51:50,CDCVIX15,BNB-USD,SELL,15m,64,A,87.5,เข้าได้ตามแผนหลัก แต่ยังต้องเคารพ SL และจังหวะเข้า,,91.0,110.91999999999999,False,,Trade Plan,,watch,ครบอายุ CDC เดิม แต่ตลาดยังลงต่อและราคายังไม่ไกลจากจุดเข้าใหม่,ยืนยันเพิ่ม,confirmed,AI เห็นด้วยกับสัญญาณนี้ ใช้เพิ่มความมั่นใจได้,0.6399466575602974,2.303524368153956,6.0,scored,ok,รอ,watch,ผ่านเกณฑ์ Watch monitor ใช้เฝ้าดูจังหวะต่อเนื่อง,premium_standard_v4,watch,watch,watch,watch,CDCVIX15,0.26669944246520244,0.21544884465840253,0.5178517128763951,0.6,0.95,0.55,0.9,0.5,0.85,phase4_entry_quality_v4_utf_calibrated,v4_utf_v2,2026-06-18T12:10:15.151463Z,v4_utf_v2,v4_utf_v2,v4_utf_v2,0.0,scored,ok,Watch Only,watch,เป็นแผนเฝ้ารอจังหวะ ไม่ใช่ entry ทันที,-1.0,True,,,,,,,,,586.9000244140625,566.694807434082,,,None,SELL,92.0,ถือครบ 24 แท่งของแผน CDC แล้ว จึงปิดรอบเพื่อลดการยืดเยื้อ,707,,,,,,,,,,,,,,,,1.0,False,66.0,63.32194648154214,91.0,,0.0,CDCVIX15|BNB-USD|SELL|2026-06-20 18:15,"🔴 CDC+VixFix 15m SELL | BNB-USD
BNB-USD
────────────────
📍 Snapshot: ราคา 558.32 (+0.00%)
🧭 1H Trend: DOWN | STRONG | ActionZone 15m, Price Action 15m
🧪 Edge: Conf 91%
🚦 สถานะ: 🟡 รอ
📝 Decision: ราคาห่างจากจุดเข้า 4.87% แล้ว ไม่ควรไล่ราคา
🎯 Action: โครงสร้างยังลงต่อ สามารถกด SELL/Short ตามแผนได้ถ้ารับความเสี่ยงตาม SL นี้ได้
⚠️ Note: ครบอายุ CDC เดิม แต่ตลาดยังลงต่อและราคายังไม่ไกลจากจุดเข้าใหม่
🧠 Context: Forecast SELL 92/100 | Trend ขาลง | R&gt;G 1/100 | flip 15 bars
📌 Plan: Entry 586.90 | SL 566.69 | TP1 566.69 | TP2 550.53
📏 Risk: Risk 3.41% | RR TP1 1.00R / TP2 1.80R
🧭 Level Source: actual+fallback
🤖 AI: ยืนยันเพิ่ม | p(win) 64% | exp +2.30%
🧠 Entry AI: รอ | Watch | p(entry) 27% | p(avoid) 52%
📘 กติกาใช้งาน: รอ Watch เมื่อ p(entry) ยังไม่ถึง 80% หรือ p(avoid) ยังสูง | รอบนี้ 27% / 52%
────────────────
🕒 เวลา: 2026-06-28 02:51
📈 TradingView"
4effa6596eeb2aa8,2026-06-28 02:51:51,CDCVIX15,BTC-USD,SELL,15m,64,A,87.5,เข้าได้ตามแผนหลัก แต่ยังต้องเคารพ SL และจังหวะเข้า,,91.0,110.91999999999999,False,,Trade Plan,,watch,ครบอายุ CDC เดิม แต่ตลาดยังลงต่อและราคายังไม่ไกลจากจุดเข้าใหม่,กลาง,neutral,AI มองว่ากลาง ๆ ใช้ช่วยดูเพิ่ม แต่ยังไม่ใช่จังหวะเด่น,0.5379761265113977,1.4939388873971289,0.0,scored,ok,รอ,watch,ผ่านเกณฑ์ Watch monitor ใช้เฝ้าดูจังหวะต่อเนื่อง,premium_standard_v4,watch,watch,watch,watch,CDCVIX15,0.15672136872930362,0.32388323187456336,0.5193953993961331,0.6,0.95,0.55,0.9,0.5,0.85,phase4_entry_quality_v4_utf_calibrated,v4_utf_v2,2026-06-18T12:10:15.151463Z,v4_utf_v2,v4_utf_v2,v4_utf_v2,0.0,scored,ok,Watch Only,watch,เป็นแผนเฝ้ารอจังหวะ ไม่ใช่ entry ทันที,-1.0,True,,,,,,,,,63638.1484375,60997.44,,,None,SELL,92.0,ถือครบ 24 แท่งของแผน CDC แล้ว จึงปิดรอบเพื่อลดการยืดเยื้อ,714,,,,,,,,,,,,,,,,32.0,False,66.0,63.32194648154214,91.0,,0.0,CDCVIX15|BTC-USD|SELL|2026-06-20 16:30,"🔴 CDC+VixFix 15m SELL | BTC-USD
BTC-USD
────────────────
📍 Snapshot: ราคา 60,096.00 (+0.00%)
🧭 1H Trend: DOWN | STRONG | ActionZone 15m, Price Action 15m
🧪 Edge: Conf 91%
🚦 สถานะ: 🟡 รอ
📝 Decision: ราคาห่างจากจุดเข้า 5.57% แล้ว ไม่ควรไล่ราคา
🎯 Action: โครงสร้างยังลงต่อ สามารถกด SELL/Short ตามแผนได้ถ้ารับความเสี่ยงตาม SL นี้ได้
⚠️ Note: ครบอายุ CDC เดิม แต่ตลาดยังลงต่อและราคายังไม่ไกลจากจุดเข้าใหม่
🧠 Context: Forecast SELL 92/100 | Trend ขาลง | R&gt;G 32/100 | flip 4 bars
📌 Plan: Entry 63,638.15 | SL 60,997.44 | TP1 60,997.44 | TP2 58,884.87
📏 Risk: Risk 4.11% | RR TP1 1.00R / TP2 1.80R
🧭 Level Source: actual+fallback
🤖 AI: กลาง | p(win) 54% | exp +1.49%
🧠 Entry AI: รอ | Watch | p(entry) 16% | p(avoid) 52%
📘 กติกาใช้งาน: รอ Watch เมื่อ p(entry) ยังไม่ถึง 80% หรือ p(avoid) ยังสูง | รอบนี้ 16% / 52%
────────────────
🕒 เวลา: 2026-06-28 02:51
📈 TradingView"
2e748526c3401144,2026-06-28 05:03:35,CDCVIX15,BNB-USD,SELL,15m,64,A,87.5,เข้าได้ตามแผนหลัก แต่ยังต้องเคารพ SL และจังหวะเข้า,,91.0,110.91999999999999,False,,Trade Plan,,watch,ครบอายุ CDC เดิม แต่ตลาดยังลงต่อและราคายังไม่ไกลจากจุดเข้าใหม่,ยืนยันเพิ่ม,confirmed,AI เห็นด้วยกับสัญญาณนี้ ใช้เพิ่มความมั่นใจได้,0.629691247288737,2.437335356707468,6.0,scored,ok,รอ,watch,ผ่านเกณฑ์ Watch monitor ใช้เฝ้าดูจังหวะต่อเนื่อง,premium_standard_v4,watch,watch,watch,watch,CDCVIX15,0.28666839273854366,0.19981807419206812,0.5135135330693881,0.6,0.95,0.55,0.9,0.5,0.85,phase4_entry_quality_v4_utf_calibrated,v4_utf_v2,2026-06-18T12:10:15.151463Z,v4_utf_v2,v4_utf_v2,v4_utf_v2,0.0,scored,ok,Watch Only,watch,เป็นแผนเฝ้ารอจังหวะ ไม่ใช่ entry ทันที,-1.0,True,,,,,,,,,586.9000244140625,564.0760900878906,,,None,SELL,92.0,ถือครบ 24 แท่งของแผน CDC แล้ว จึงปิดรอบเพื่อลดการยืดเยื้อ,716,,,,,,,,,,,,,,,,1.0,False,66.0,63.210457421778045,91.0,,0.0,CDCVIX15|BNB-USD|SELL|2026-06-20 18:15,"🔴 CDC+VixFix 15m SELL | BNB-USD
BNB-USD
────────────────
📍 Snapshot: ราคา 555.74 (+0.00%)
🧭 1H Trend: DOWN | STRONG | ActionZone 15m, Price Action 15m
🧪 Edge: Conf 91%
🚦 สถานะ: 🟡 รอ
📝 Decision: ราคาห่างจากจุดเข้า 5.31% แล้ว ไม่ควรไล่ราคา
🎯 Action: โครงสร้างยังลงต่อ สามารถกด SELL/Short ตามแผนได้ถ้ารับความเสี่ยงตาม SL นี้ได้
⚠️ Note: ครบอายุ CDC เดิม แต่ตลาดยังลงต่อและราคายังไม่ไกลจากจุดเข้าใหม่
🧠 Context: Forecast SELL 92/100 | Trend ขาลง | R&gt;G 1/100 | flip 24 bars
📌 Plan: Entry 586.90 | SL 564.08 | TP1 564.08 | TP2 545.82
📏 Risk: Risk 3.85% | RR TP1 1.00R / TP2 1.80R
🧭 Level Source: actual+fallback
🤖 AI: ยืนยันเพิ่ม | p(win) 63% | exp +2.44%
🧠 Entry AI: รอ | Watch | p(entry) 29% | p(avoid) 51%
📘 กติกาใช้งาน: รอ Watch เมื่อ p(entry) ยังไม่ถึง 80% หรือ p(avoid) ยังสูง | รอบนี้ 29% / 51%
────────────────
🕒 เวลา: 2026-06-28 05:03
📈 TradingView"
ea8bee76df15e370,2026-06-28 05:03:36,CDCVIX15,BTC-USD,SELL,15m,64,A,87.5,เข้าได้ตามแผนหลัก แต่ยังต้องเคารพ SL และจังหวะเข้า,,91.0,110.91999999999999,False,,Trade Plan,,watch,ครบอายุ CDC เดิม แต่ตลาดยังลงต่อและราคายังไม่ไกลจากจุดเข้าใหม่,กลาง,neutral,AI มองว่ากลาง ๆ ใช้ช่วยดูเพิ่ม แต่ยังไม่ใช่จังหวะเด่น,0.5343562044396296,1.531022890840994,0.0,scored,ok,รอ,watch,ผ่านเกณฑ์ Watch monitor ใช้เฝ้าดูจังหวะต่อเนื่อง,premium_standard_v4,watch,watch,watch,watch,CDCVIX15,0.16062095499193577,0.319027134821488,0.5203519101865763,0.6,0.95,0.55,0.9,0.5,0.85,phase4_entry_quality_v4_utf_calibrated,v4_utf_v2,2026-06-18T12:10:15.151463Z,v4_utf_v2,v4_utf_v2,v4_utf_v2,0.0,scored,ok,Watch Only,watch,เป็นแผนเฝ้ารอจังหวะ ไม่ใช่ entry ทันที,-1.0,True,,,,,,,,,63638.1484375,60909.80505859375,,,None,SELL,92.0,ถือครบ 24 แท่งของแผน CDC แล้ว จึงปิดรอบเพื่อลดการยืดเยื้อ,723,,,,,,,,,,,,,,,,32.0,False,66.0,63.210457421778045,91.0,,0.0,CDCVIX15|BTC-USD|SELL|2026-06-20 16:30,"🔴 CDC+VixFix 15m SELL | BTC-USD
BTC-USD
────────────────
📍 Snapshot: ราคา 60,009.66 (+0.00%)
🧭 1H Trend: DOWN | STRONG | ActionZone 15m, Price Action 15m
🧪 Edge: Conf 91%
🚦 สถานะ: 🟡 รอ
📝 Decision: ราคาห่างจากจุดเข้า 5.70% แล้ว ไม่ควรไล่ราคา
🎯 Action: โครงสร้างยังลงต่อ สามารถกด SELL/Short ตามแผนได้ถ้ารับความเสี่ยงตาม SL นี้ได้
⚠️ Note: ครบอายุ CDC เดิม แต่ตลาดยังลงต่อและราคายังไม่ไกลจากจุดเข้าใหม่
🧠 Context: Forecast SELL 92/100 | Trend ขาลง | R&gt;G 32/100 | flip 13 bars
📌 Plan: Entry 63,638.15 | SL 60,909.81 | TP1 60,909.81 | TP2 58,727.13
📏 Risk: Risk 4.24% | RR TP1 1.00R / TP2 1.80R
🧭 Level Source: actual+fallback
🤖 AI: กลาง | p(win) 53% | exp +1.53%
🧠 Entry AI: รอ | Watch | p(entry) 16% | p(avoid) 52%
📘 กติกาใช้งาน: รอ Watch เมื่อ p(entry) ยังไม่ถึง 80% หรือ p(avoid) ยังสูง | รอบนี้ 16% / 52%
────────────────
🕒 เวลา: 2026-06-28 05:03
📈 TradingView"
63c35fa4b5b98d66,2026-06-28 06:16:38,CDCVIX15,DOGE-USD,SELL,15m,64,A,87.5,เข้าได้ตามแผนหลัก แต่ยังต้องเคารพ SL และจังหวะเข้า,,91.0,110.91999999999999,False,,Trade Plan,,watch,ครบอายุ CDC เดิม แต่ตลาดยังลงต่อและราคายังไม่ไกลจากจุดเข้าใหม่,กลาง,neutral,AI มองว่ากลาง ๆ ใช้ช่วยดูเพิ่ม แต่ยังไม่ใช่จังหวะเด่น,0.5562564809124586,1.718211725580343,0.0,scored,ok,รอ,watch,ผ่านเกณฑ์ Watch monitor ใช้เฝ้าดูจังหวะต่อเนื่อง,premium_standard_v4,watch,watch,watch,watch,CDCVIX15,0.02435380509707862,0.5879393676649652,0.3877068272379562,0.6,0.95,0.55,0.9,0.5,0.85,phase4_entry_quality_v4_utf_calibrated,v4_utf_v2,2026-06-18T12:10:15.151463Z,v4_utf_v2,v4_utf_v2,v4_utf_v2,0.0,scored,ok,Watch Only,watch,เป็นแผนเฝ้ารอจังหวะ ไม่ใช่ entry ทันที,-1.0,True,,,,,,,,,0.07705000042915344,0.07552614893764258,,,None,SELL,92.0,ถือครบ 48 แท่งของแผน CDC แล้ว จึงปิดรอบเพื่อลดการยืดเยื้อ,266,,,,,,,,,,,,,,,,11.0,False,66.0,63.27963368791018,91.0,,0.0,CDCVIX15|DOGE-USD|SELL|2026-06-25 12:00,"🔴 CDC+VixFix 15m SELL | DOGE-USD
DOGE-USD
────────────────
📍 Snapshot: ราคา 0.074410 (+0.00%)
🧭 1H Trend: DOWN | STRONG | ActionZone 15m, Price Action 15m
🧪 Edge: Conf 91%
🚦 สถานะ: 🟡 รอ
📝 Decision: ราคาห่างจากจุดเข้า 3.43% แล้ว ไม่ควรไล่ราคา
🎯 Action: โครงสร้างยังลงต่อ สามารถกด SELL/Short ตามแผนได้ถ้ารับความเสี่ยงตาม SL นี้ได้
⚠️ Note: ครบอายุ CDC เดิม แต่ตลาดยังลงต่อและราคายังไม่ไกลจากจุดเข้าใหม่
🧠 Context: Forecast SELL 92/100 | Trend ขาลง | R&gt;G 11/100 | flip 40 bars
📌 Plan: Entry 0.077050 | SL 0.075526 | TP1 0.075526 | TP2 0.074307
📏 Risk: Risk 1.46% | RR TP1 1.00R / TP2 1.80R
🧭 Level Source: actual+fallback
🤖 AI: กลาง | p(win) 56% | exp +1.72%
🧠 Entry AI: รอ | Watch | p(entry) 2% | p(avoid) 39%
📘 กติกาใช้งาน: รอ Watch เมื่อ p(entry) ยังไม่ถึง 80% หรือ p(avoid) ยังสูง | รอบนี้ 2% / 39%
────────────────
🕒 เวลา: 2026-06-28 06:16
📈 TradingView"
36408402e6d85c98,2026-06-28 06:16:38,CDCVIX15,SOL-USD,SELL,15m,64,A,87.5,เข้าได้ตามแผนหลัก แต่ยังต้องเคารพ SL และจังหวะเข้า,,91.0,110.91999999999999,False,,Trade Plan,,watch,ครบอายุ CDC เดิม แต่ตลาดยังลงต่อและราคายังไม่ไกลจากจุดเข้าใหม่,กลาง,neutral,AI มองว่ากลาง ๆ ใช้ช่วยดูเพิ่ม แต่ยังไม่ใช่จังหวะเด่น,0.5408986567631108,0.416285659588354,0.0,scored,ok,รอ,watch,ผ่านเกณฑ์ Watch monitor ใช้เฝ้าดูจังหวะต่อเนื่อง,premium_standard_v4,watch,watch,watch,watch,CDCVIX15,0.2535241978797676,0.22615654050750914,0.5203192616127233,0.6,0.95,0.55,0.9,0.5,0.85,phase4_entry_quality_v4_utf_calibrated,v4_utf_v2,2026-06-18T12:10:15.151463Z,v4_utf_v2,v4_utf_v2,v4_utf_v2,0.0,scored,ok,Watch Only,watch,เป็นแผนเฝ้ารอจังหวะ ไม่ใช่ entry ทันที,-1.0,True,,,,,,,,,73.69000244140625,71.51689907073974,,,None,SELL,92.0,ถือครบ 24 แท่งของแผน CDC แล้ว จึงปิดรอบเพื่อลดการยืดเยื้อ,618,,,,,,,,,,,,,,,,1.0,False,66.0,63.27963368791018,91.0,,0.0,CDCVIX15|SOL-USD|SELL|2026-06-21 20:00,"🔴 CDC+VixFix 15m SELL | SOL-USD
SOL-USD
────────────────
📍 Snapshot: ราคา 70.46 (+0.00%)
🧭 1H Trend: DOWN | STRONG | ActionZone 15m, Price Action 15m
🧪 Edge: Conf 91%
🚦 สถานะ: 🟡 รอ
📝 Decision: ราคาห่างจากจุดเข้า 4.38% แล้ว ไม่ควรไล่ราคา
🎯 Action: โครงสร้างยังลงต่อ สามารถกด SELL/Short ตามแผนได้ถ้ารับความเสี่ยงตาม SL นี้ได้
⚠️ Note: ครบอายุ CDC เดิม แต่ตลาดยังลงต่อและราคายังไม่ไกลจากจุดเข้าใหม่
🧠 Context: Forecast SELL 92/100 | Trend ขาลง | R&gt;G 1/100 | flip 42 bars
📌 Plan: Entry 73.69 | SL 71.52 | TP1 71.52 | TP2 69.78
📏 Risk: Risk 2.68% | RR TP1 1.00R / TP2 1.80R
🧭 Level Source: actual+fallback
🤖 AI: กลาง | p(win) 54% | exp +0.42%
🧠 Entry AI: รอ | Watch | p(entry) 25% | p(avoid) 52%
📘 กติกาใช้งาน: รอ Watch เมื่อ p(entry) ยังไม่ถึง 80% หรือ p(avoid) ยังสูง | รอบนี้ 25% / 52%
────────────────
🕒 เวลา: 2026-06-28 06:16
📈 TradingView"
f99b4b8dad2b13d1,2026-06-28 13:02:18,CDCVIX15,TRX-USD,BUY,15m,64,A,87.5,เข้าได้ตามแผนหลัก แต่ยังต้องเคารพ SL และจังหวะเข้า,,95.0,103.04,False,,Trade Plan,,entry,cdc_fresh_signal,กลาง,neutral,AI มองว่ากลาง ๆ ใช้ช่วยดูเพิ่ม แต่ยังไม่ใช่จังหวะเด่น,0.5798386865727658,-0.8545676532179038,0.0,scored,ok,รอ,watch,ผ่านเกณฑ์ Watch monitor ใช้เฝ้าดูจังหวะต่อเนื่อง,premium_standard_v4,watch,watch,watch,watch,CDCVIX15,0.44449257870024134,0.03599334195480546,0.5195140793449532,0.6,0.95,0.55,0.9,0.5,0.85,phase4_entry_quality_v4_utf_calibrated,v4_utf_v2,2026-06-18T12:10:15.151463Z,v4_utf_v2,v4_utf_v2,v4_utf_v2,0.0,scored,ok,Premium Entry,premium_entry,"เทรนด์ตรง, RR ดี, สัญญาณสด และคุณภาพเข้าเด่น",5.0,True,,,,,,,,,0.3219824731349945,0.31715273603796956,,,None,BUY,90.2203373851383,"CDC ยังหนุนขาขึ้น, เพิ่งมี VixFix spike ฝั่ง panic low และโมเมนตัมเริ่มฟื้น",1,,,,,,,,,,,,,,,,95.0,False,66.0,63.18556028023482,95.0,,0.0,CDCVIX15|TRX-USD|BUY|2026-06-28 12:45,"🟢 CDC+VixFix 15m BUY | TRX-USD
TRX-USD
────────────────
📍 Snapshot: ราคา 0.321982 (+0.00%)
🧭 1H Trend: UP | STRONG | ActionZone 15m, Price Action 15m
🧪 Edge: Conf 95%
🚦 สถานะ: 🟢 เข้าได้
📝 Decision: แผนยังใกล้จุดเข้าและมี SL/TP พร้อมใช้งาน
🎯 Action: ถ้ายังไม่มีสถานะ สามารถกด BUY/Long ตามแผนได้
⚠️ Note: ถ้ามี Short เดิม ควรปิด Short ก่อนแล้วค่อยเปิด BUY
🧠 Context: Forecast BUY 90/100 | Trend ขาขึ้น | R&gt;G 95/100 | flip 1 bars
📌 Plan: Entry 0.321982 | SL 0.317153 | TP1 0.326812 | TP2 0.330676
📏 Risk: Risk 1.31% | RR TP1 1.00R / TP2 1.80R
🧭 Level Source: actual+fallback
🤖 AI: กลาง | p(win) 58% | exp -0.85%
🧠 Entry AI: รอ | Watch | p(entry) 44% | p(avoid) 52%
📘 กติกาใช้งาน: รอ Watch เมื่อ p(entry) ยังไม่ถึง 80% หรือ p(avoid) ยังสูง | รอบนี้ 44% / 52%
────────────────
🕒 เวลา: 2026-06-28 13:02
📈 TradingView"
01a588ad04b06ade,2026-06-28 13:36:27,CDCVIX15,BNB-USD,SELL,15m,64,A,87.2,เข้าได้ตามแผนหลัก แต่ยังต้องเคารพ SL และจังหวะเข้า,,89.68080452645616,109.67995625486878,False,,Trade Plan,,watch,ครบอายุ CDC เดิม แต่ตลาดยังลงต่อและราคายังไม่ไกลจากจุดเข้าใหม่,ยืนยันเพิ่ม,confirmed,AI เห็นด้วยกับสัญญาณนี้ ใช้เพิ่มความมั่นใจได้,0.6085640627472362,2.451427165747562,6.0,scored,ok,รอ,watch,ผ่านเกณฑ์ Watch monitor ใช้เฝ้าดูจังหวะต่อเนื่อง,premium_standard_v4,watch,watch,watch,watch,CDCVIX15,0.34663235815015425,0.15821006357764975,0.49515757827219586,0.6,0.95,0.55,0.9,0.5,0.85,phase4_entry_quality_v4_utf_calibrated,v4_utf_v2,2026-06-18T12:10:15.151463Z,v4_utf_v2,v4_utf_v2,v4_utf_v2,0.0,scored,ok,Watch Only,watch,เป็นแผนเฝ้ารอจังหวะ ไม่ใช่ entry ทันที,-1.0,True,,,,,,,,,586.9000244140625,562.56375,,,None,SELL,85.60268175485385,ถือครบ 24 แท่งของแผน CDC แล้ว จึงปิดรอบเพื่อลดการยืดเยื้อ,750,,,,,,,,,,,,,,,,1.0,False,66.0,63.23566233288948,89.68080452645616,,0.0,CDCVIX15|BNB-USD|SELL|2026-06-20 18:15,"🔴 CDC+VixFix 15m SELL | BNB-USD
BNB-USD
────────────────
📍 Snapshot: ราคา 554.25 (+0.00%)
🧭 1H Trend: DOWN | STRONG | ActionZone 15m, Price Action 15m
🧪 Edge: Conf 90%
🚦 สถานะ: 🟡 รอ
📝 Decision: ราคาห่างจากจุดเข้า 5.56% แล้ว ไม่ควรไล่ราคา
🎯 Action: โครงสร้างยังลงต่อ สามารถกด SELL/Short ตามแผนได้ถ้ารับความเสี่ยงตาม SL นี้ได้
⚠️ Note: ครบอายุ CDC เดิม แต่ตลาดยังลงต่อและราคายังไม่ไกลจากจุดเข้าใหม่
🧠 Context: Forecast SELL 86/100 | Trend ขาลง | R&gt;G 1/100 | flip 58 bars
📌 Plan: Entry 586.90 | SL 562.56 | TP1 562.56 | TP2 543.09
📏 Risk: Risk 3.61% | RR TP1 1.00R / TP2 1.80R
🧭 Level Source: actual+fallback
🤖 AI: ยืนยันเพิ่ม | p(win) 61% | exp +2.45%
🧠 Entry AI: รอ | Watch | p(entry) 35% | p(avoid) 50%
📘 กติกาใช้งาน: รอ Watch เมื่อ p(entry) ยังไม่ถึง 80% หรือ p(avoid) ยังสูง | รอบนี้ 35% / 50%
────────────────
🕒 เวลา: 2026-06-28 13:36
📈 TradingView"
9cc93becb5e27951,2026-06-29 00:35:03,CDCVIX15,SOL-USD,SELL,15m,64,A,87.5,เข้าได้ตามแผนหลัก แต่ยังต้องเคารพ SL และจังหวะเข้า,,91.0,119.18,False,,Trade Plan,,watch,ครบอายุ CDC เดิม แต่ตลาดยังลงต่อและราคายังไม่ไกลจากจุดเข้าใหม่,กลาง,neutral,AI มองว่ากลาง ๆ ใช้ช่วยดูเพิ่ม แต่ยังไม่ใช่จังหวะเด่น,0.46274793207708087,0.5132048503939419,0.0,scored,ok,รอ,watch,ผ่านเกณฑ์ Watch monitor ใช้เฝ้าดูจังหวะต่อเนื่อง,premium_standard_v4,watch,watch,watch,watch,CDCVIX15,0.20640837444750038,0.26917804478252033,0.5244135807699792,0.6,0.95,0.55,0.9,0.5,0.85,phase4_entry_quality_v4_utf_calibrated,v4_utf_v2,2026-06-18T12:10:15.151463Z,v4_utf_v2,v4_utf_v2,v4_utf_v2,0.0,scored,ok,Watch Only,watch,เป็นแผนเฝ้ารอจังหวะ ไม่ใช่ entry ทันที,-1.0,True,,,,,,,,,75.33000183105469,72.27814907073974,,,None,SELL,92.0,ถือครบ 24 แท่งของแผน CDC แล้ว จึงปิดรอบเพื่อลดการยืดเยื้อ,1247,,,,,,,,,,,,,,,,11.0,False,66.0,63.36224431593542,91.0,,0.0,CDCVIX15|SOL-USD|SELL|2026-06-16 01:00,"🔴 CDC+VixFix 15m SELL | SOL-USD
SOL-USD
────────────────
📍 Snapshot: ราคา 71.21 (+0.00%)
🧭 1H Trend: UP | STRONG | ActionZone 15m, Price Action 15m
🧪 Edge: Conf 91%
🚦 สถานะ: 🟡 รอ
📝 Decision: ราคาห่างจากจุดเข้า 5.47% แล้ว ไม่ควรไล่ราคา
🎯 Action: โครงสร้างยังลงต่อ สามารถกด SELL/Short ตามแผนได้ถ้ารับความเสี่ยงตาม SL นี้ได้
⚠️ Note: ครบอายุ CDC เดิม แต่ตลาดยังลงต่อและราคายังไม่ไกลจากจุดเข้าใหม่
🧠 Context: Forecast SELL 92/100 | Trend ขาลง | R&gt;G 11/100 | flip 11 bars
📌 Plan: Entry 75.33 | SL 72.28 | TP1 72.28 | TP2 69.84
📏 Risk: Risk 3.20% | RR TP1 1.00R / TP2 1.80R
🧭 Level Source: actual+fallback
🤖 AI: กลาง | p(win) 46% | exp +0.51%
🧠 Entry AI: รอ | Watch | p(entry) 21% | p(avoid) 52%
📘 กติกาใช้งาน: รอ Watch เมื่อ p(entry) ยังไม่ถึง 80% หรือ p(avoid) ยังสูง | รอบนี้ 21% / 52%
────────────────
🕒 เวลา: 2026-06-29 00:35
📈 TradingView"
b82ae811e7594d2d,2026-06-29 00:35:03,CDCVIX15,DOGE-USD,SELL,15m,64,A,87.5,เข้าได้ตามแผนหลัก แต่ยังต้องเคารพ SL และจังหวะเข้า,,91.0,110.91999999999999,False,,Trade Plan,,watch,ครบอายุ CDC เดิม แต่ตลาดยังลงต่อและราคายังไม่ไกลจากจุดเข้าใหม่,กลาง,neutral,AI มองว่ากลาง ๆ ใช้ช่วยดูเพิ่ม แต่ยังไม่ใช่จังหวะเด่น,0.506240472134936,2.327177656680991,0.0,scored,ok,รอ,watch,ผ่านเกณฑ์ Watch monitor ใช้เฝ้าดูจังหวะต่อเนื่อง,premium_standard_v4,watch,watch,watch,watch,CDCVIX15,0.022161072335843662,0.5970582604281827,0.38078066723597376,0.6,0.95,0.55,0.9,0.5,0.85,phase4_entry_quality_v4_utf_calibrated,v4_utf_v2,2026-06-18T12:10:15.151463Z,v4_utf_v2,v4_utf_v2,v4_utf_v2,0.0,scored,ok,Watch Only,watch,เป็นแผนเฝ้ารอจังหวะ ไม่ใช่ entry ทันที,-1.0,True,,,,,,,,,0.07705000042915344,0.07396305121481418,,,None,SELL,92.0,ถือครบ 48 แท่งของแผน CDC แล้ว จึงปิดรอบเพื่อลดการยืดเยื้อ,339,,,,,,,,,,,,,,,,11.0,False,66.0,63.36224431593542,91.0,,0.0,CDCVIX15|DOGE-USD|SELL|2026-06-25 12:00,"🔴 CDC+VixFix 15m SELL | DOGE-USD
DOGE-USD
────────────────
📍 Snapshot: ราคา 0.072870 (+0.00%)
🧭 1H Trend: DOWN | STRONG | ActionZone 15m, Price Action 15m
🧪 Edge: Conf 91%
🚦 สถานะ: 🟡 รอ
📝 Decision: ราคาห่างจากจุดเข้า 5.43% แล้ว ไม่ควรไล่ราคา
🎯 Action: โครงสร้างยังลงต่อ สามารถกด SELL/Short ตามแผนได้ถ้ารับความเสี่ยงตาม SL นี้ได้
⚠️ Note: ครบอายุ CDC เดิม แต่ตลาดยังลงต่อและราคายังไม่ไกลจากจุดเข้าใหม่
🧠 Context: Forecast SELL 92/100 | Trend ขาลง | R&gt;G 11/100 | flip 113 bars
📌 Plan: Entry 0.077050 | SL 0.073963 | TP1 0.073963 | TP2 0.071493
📏 Risk: Risk 3.49% | RR TP1 1.00R / TP2 1.80R
🧭 Level Source: actual+fallback
🤖 AI: กลาง | p(win) 51% | exp +2.33%
🧠 Entry AI: รอ | Watch | p(entry) 2% | p(avoid) 38%
📘 กติกาใช้งาน: รอ Watch เมื่อ p(entry) ยังไม่ถึง 80% หรือ p(avoid) ยังสูง | รอบนี้ 2% / 38%
────────────────
🕒 เวลา: 2026-06-29 00:35
📈 TradingView"
225f06584e57a1e1,2026-06-29 01:49:37,CDCVIX15,SOL-USD,SELL,15m,64,A,87.5,เข้าได้ตามแผนหลัก แต่ยังต้องเคารพ SL และจังหวะเข้า,,91.0,119.18,False,,Trade Plan,,watch,ครบอายุ CDC เดิม แต่ตลาดยังลงต่อและราคายังไม่ไกลจากจุดเข้าใหม่,กลาง,neutral,AI มองว่ากลาง ๆ ใช้ช่วยดูเพิ่ม แต่ยังไม่ใช่จังหวะเด่น,0.45313623402979325,0.630484397465825,0.0,scored,ok,รอ,watch,ผ่านเกณฑ์ Watch monitor ใช้เฝ้าดูจังหวะต่อเนื่อง,premium_standard_v4,watch,watch,watch,watch,CDCVIX15,0.19145106533442674,0.28440170482049876,0.5241472298450746,0.6,0.95,0.55,0.9,0.5,0.85,phase4_entry_quality_v4_utf_calibrated,v4_utf_v2,2026-06-18T12:10:15.151463Z,v4_utf_v2,v4_utf_v2,v4_utf_v2,0.0,scored,ok,Watch Only,watch,เป็นแผนเฝ้ารอจังหวะ ไม่ใช่ entry ทันที,-1.0,True,,,,,,,,,75.33000183105469,71.9837981414795,,,None,SELL,92.0,ถือครบ 24 แท่งของแผน CDC แล้ว จึงปิดรอบเพื่อลดการยืดเยื้อ,1252,,,,,,,,,,,,,,,,1.0,False,66.0,63.33284041988291,91.0,,0.0,CDCVIX15|SOL-USD|SELL|2026-06-16 01:00,"🔴 CDC+VixFix 15m SELL | SOL-USD
SOL-USD
────────────────
📍 Snapshot: ราคา 70.92 (+0.00%)
🧭 1H Trend: DOWN | STRONG | ActionZone 15m, Price Action 15m
🧪 Edge: Conf 91%
🚦 สถานะ: 🟡 รอ
📝 Decision: ราคาห่างจากจุดเข้า 5.85% แล้ว ไม่ควรไล่ราคา
🎯 Action: โครงสร้างยังลงต่อ สามารถกด SELL/Short ตามแผนได้ถ้ารับความเสี่ยงตาม SL นี้ได้
⚠️ Note: ครบอายุ CDC เดิม แต่ตลาดยังลงต่อและราคายังไม่ไกลจากจุดเข้าใหม่
🧠 Context: Forecast SELL 92/100 | Trend ขาลง | R&gt;G 1/100 | flip 16 bars
📌 Plan: Entry 75.33 | SL 71.98 | TP1 71.98 | TP2 69.31
📏 Risk: Risk 3.51% | RR TP1 1.00R / TP2 1.80R
🧭 Level Source: actual+fallback
🤖 AI: กลาง | p(win) 45% | exp +0.63%
🧠 Entry AI: รอ | Watch | p(entry) 19% | p(avoid) 52%
📘 กติกาใช้งาน: รอ Watch เมื่อ p(entry) ยังไม่ถึง 80% หรือ p(avoid) ยังสูง | รอบนี้ 19% / 52%
────────────────
🕒 เวลา: 2026-06-29 01:49
📈 TradingView"
87860a9b0b699020,2026-06-29 04:19:12,CDCVIX15,DOGE-USD,SELL,15m,64,A,87.5,เข้าได้ตามแผนหลัก แต่ยังต้องเคารพ SL และจังหวะเข้า,,91.0,119.18,False,,Trade Plan,,watch,ครบอายุ CDC เดิม แต่ตลาดยังลงต่อและราคายังไม่ไกลจากจุดเข้าใหม่,กลาง,neutral,AI มองว่ากลาง ๆ ใช้ช่วยดูเพิ่ม แต่ยังไม่ใช่จังหวะเด่น,0.4602136359358428,2.0338507730096906,0.0,scored,ok,รอ,watch,ผ่านเกณฑ์ Watch monitor ใช้เฝ้าดูจังหวะต่อเนื่อง,premium_standard_v4,watch,watch,watch,watch,CDCVIX15,0.016591996453597886,0.6224576758140878,0.36095032773231434,0.6,0.95,0.55,0.9,0.5,0.85,phase4_entry_quality_v4_utf_calibrated,v4_utf_v2,2026-06-18T12:10:15.151463Z,v4_utf_v2,v4_utf_v2,v4_utf_v2,0.0,scored,ok,Watch Only,watch,เป็นแผนเฝ้ารอจังหวะ ไม่ใช่ entry ทันที,-1.0,True,,,,,,,,,0.07705000042915344,0.07411529622972012,,,None,SELL,92.0,ถือครบ 48 แท่งของแผน CDC แล้ว จึงปิดรอบเพื่อลดการยืดเยื้อ,354,,,,,,,,,,,,,,,,11.0,False,66.0,63.28860457743898,91.0,,0.0,CDCVIX15|DOGE-USD|SELL|2026-06-25 12:00,"🔴 CDC+VixFix 15m SELL | DOGE-USD
DOGE-USD
────────────────
📍 Snapshot: ราคา 0.073020 (+0.00%)
🧭 1H Trend: DOWN | STRONG | ActionZone 15m, Price Action 15m
🧪 Edge: Conf 91%
🚦 สถานะ: 🟡 รอ
📝 Decision: ราคาห่างจากจุดเข้า 5.23% แล้ว ไม่ควรไล่ราคา
🎯 Action: โครงสร้างยังลงต่อ สามารถกด SELL/Short ตามแผนได้ถ้ารับความเสี่ยงตาม SL นี้ได้
⚠️ Note: ครบอายุ CDC เดิม แต่ตลาดยังลงต่อและราคายังไม่ไกลจากจุดเข้าใหม่
🧠 Context: Forecast SELL 92/100 | Trend ขาลง | R&gt;G 11/100 | flip 128 bars
📌 Plan: Entry 0.077050 | SL 0.074115 | TP1 0.074115 | TP2 0.071768
📏 Risk: Risk 3.31% | RR TP1 1.00R / TP2 1.80R
🧭 Level Source: actual+fallback
🤖 AI: กลาง | p(win) 46% | exp +2.03%
🧠 Entry AI: รอ | Watch | p(entry) 2% | p(avoid) 36%
📘 กติกาใช้งาน: รอ Watch เมื่อ p(entry) ยังไม่ถึง 80% หรือ p(avoid) ยังสูง | รอบนี้ 2% / 36%
────────────────
🕒 เวลา: 2026-06-29 04:19
📈 TradingView"
964efac32460114f,2026-06-29 19:48:36,CDCVIX15,SOL-USD,BUY,15m,64,B,80.1,เข้าได้ แต่ควรลดขนาดไม้ลงเล็กน้อยหากราคาเริ่มไล่ห่าง,,83.13422952047037,88.90349115883275,False,,Trade Plan,,watch,short_trade_watch:AI ยังไม่มั่นใจพอสำหรับ short entry,ยังไม่ชัด,low_conviction,AI ยังไม่มั่นใจพอ ควรรอดูเพิ่ม,0.2956772674380478,-2.633321890256153,-2.5,scored,ok,รอ,watch,ผ่านเกณฑ์ Watch monitor ใช้เฝ้าดูจังหวะต่อเนื่อง,premium_standard_v4,watch,watch,watch,watch,CDCVIX15,0.02745526628036225,0.21521011190759304,0.7573346218120448,0.6,0.95,0.55,0.9,0.5,0.85,phase4_entry_quality_v4_utf_calibrated,v4_utf_v2,2026-06-18T12:10:15.151463Z,v4_utf_v2,v4_utf_v2,v4_utf_v2,0.0,scored,ok,Watch Only,watch,AI ยังไม่มั่นใจพอสำหรับ short entry,-1.0,True,,,,,,,,,73.9000015258789,72.0199966430664,,,None,BUY,73.78076506823456,"CDC ยังหนุนขาขึ้น, เพิ่งมี VixFix spike ฝั่ง panic low และโมเมนตัมเริ่มฟื้น",3,,,,,,,,,,,,,,,,92.75615301364691,False,66.0,64.60148000689685,83.13422952047037,,0.0,CDCVIX15|SOL-USD|BUY|2026-06-29 19:15,"🟢 CDC+VixFix 15m BUY | SOL-USD
SOL-USD
────────────────
📍 Snapshot: ราคา 73.49 (+0.00%)
🧭 1H Trend: UP | STRONG | ActionZone 15m, Price Action 15m
🧪 Edge: Conf 83%
🚦 สถานะ: 🟢 เข้าได้
📝 Decision: แผนยังใกล้จุดเข้าและมี SL/TP พร้อมใช้งาน
🎯 Action: ถ้ายังไม่มีสถานะ สามารถกด BUY/Long ตามแผนได้
⚠️ Note: ถ้ามี Short เดิม ควรปิด Short ก่อนแล้วค่อยเปิด BUY
🧠 Context: Forecast BUY 74/100 | Trend ขาขึ้น | R&gt;G 93/100 | flip 4 bars
📌 Plan: Entry 73.90 | SL 72.02 | TP1 75.78 | TP2 77.28
📏 Risk: Risk 2.72% | RR TP1 1.00R / TP2 1.80R
🧭 Level Source: actual+fallback
🤖 AI: ยังไม่ชัด | p(win) 30% | exp -2.63%
🧠 Entry AI: รอ | Watch | p(entry) 3% | p(avoid) 76%
📘 กติกาใช้งาน: รอ Watch เมื่อ p(entry) ยังไม่ถึง 80% หรือ p(avoid) ยังสูง | รอบนี้ 3% / 76%
────────────────
🕒 เวลา: 2026-06-29 19:48
📈 TradingView"
b6dce41cfc0c21e8,2026-06-30 19:41:49,CDCVIX15,XRP-USD,SELL,15m,64,A,87.5,เข้าได้ตามแผนหลัก แต่ยังต้องเคารพ SL และจังหวะเข้า,,91.0,110.91999999999999,False,,Trade Plan,,watch,ครบอายุ CDC เดิม แต่ตลาดยังลงต่อและราคายังไม่ไกลจากจุดเข้าใหม่,ยืนยันเพิ่ม,confirmed,AI เห็นด้วยกับสัญญาณนี้ ใช้เพิ่มความมั่นใจได้,0.6548362666010663,1.3573306758452086,6.0,scored,ok,รอ,watch,ผ่านเกณฑ์ Watch monitor ใช้เฝ้าดูจังหวะต่อเนื่อง,premium_standard_v4,watch,watch,watch,watch,CDCVIX15,0.2502533266627655,0.2289393466651611,0.5208073266720733,0.6,0.95,0.55,0.9,0.5,0.85,phase4_entry_quality_v4_utf_calibrated,v4_utf_v2,2026-06-18T12:10:15.151463Z,v4_utf_v2,v4_utf_v2,v4_utf_v2,0.0,scored,ok,Watch Only,watch,เป็นแผนเฝ้ารอจังหวะ ไม่ใช่ entry ทันที,-1.0,True,,,,,,,,,1.0616999864578247,1.0452470582723619,,,None,SELL,92.0,ถือครบ 48 แท่งของแผน CDC แล้ว จึงปิดรอบเพื่อลดการยืดเยื้อ,79,,,,,,,,,,,,,,,,42.0,False,66.0,63.27009202133631,91.0,,0.0,CDCVIX15|XRP-USD|SELL|2026-06-30 00:00,"🔴 CDC+VixFix 15m SELL | XRP-USD
XRP-USD
────────────────
📍 Snapshot: ราคา 1.03 (+0.00%)
🧭 1H Trend: DOWN | STRONG | ActionZone 15m, Price Action 15m
🧪 Edge: Conf 91%
🚦 สถานะ: 🟡 รอ
📝 Decision: ราคาห่างจากจุดเข้า 3.00% แล้ว ไม่ควรไล่ราคา
🎯 Action: โครงสร้างยังลงต่อ สามารถกด SELL/Short ตามแผนได้ถ้ารับความเสี่ยงตาม SL นี้ได้
⚠️ Note: ครบอายุ CDC เดิม แต่ตลาดยังลงต่อและราคายังไม่ไกลจากจุดเข้าใหม่
⏳ Hold Plan: ถือได้ประมาณ 12 ชม. (48 แท่ง 15m) ถ้าไม่ไปตามทางควรลดไม้หรือปิดรอบ
🧠 Context: Forecast SELL 92/100 | Trend ขาลง | R&gt;G 42/100 | flip 79 bars
📌 Plan: Entry 1.06 | SL 1.05 | TP1 1.05 | TP2 1.03
📏 Risk: Risk 1.22% | RR TP1 1.00R / TP2 1.80R
🧭 Level Source: actual+fallback
🤖 AI: ยืนยันเพิ่ม | p(win) 65% | exp +1.36%
🧠 Entry AI: รอ | Watch | p(entry) 25% | p(avoid) 52%
📘 กติกาใช้งาน: รอ Watch เมื่อ p(entry) ยังไม่ถึง 80% หรือ p(avoid) ยังสูง | รอบนี้ 25% / 52%
────────────────
🕒 เวลา: 2026-06-30 19:41
📈 TradingView"
fe561e699bf6117a,2026-06-30 19:41:50,CDCVIX15,LINK-USD,SELL,15m,64,A,87.5,เข้าได้ตามแผนหลัก แต่ยังต้องเคารพ SL และจังหวะเข้า,,91.0,110.91999999999999,False,,Trade Plan,,watch,ครบอายุ CDC เดิม แต่ตลาดยังลงต่อและราคายังไม่ไกลจากจุดเข้าใหม่,กลาง,neutral,AI มองว่ากลาง ๆ ใช้ช่วยดูเพิ่ม แต่ยังไม่ใช่จังหวะเด่น,0.5887986460647083,1.5632094090065776,0.0,scored,ok,รอ,watch,ผ่านเกณฑ์ Watch monitor ใช้เฝ้าดูจังหวะต่อเนื่อง,premium_standard_v4,watch,watch,watch,watch,CDCVIX15,0.1965958213362094,0.2793059308973416,0.5240982477664491,0.6,0.95,0.55,0.9,0.5,0.85,phase4_entry_quality_v4_utf_calibrated,v4_utf_v2,2026-06-18T12:10:15.151463Z,v4_utf_v2,v4_utf_v2,v4_utf_v2,0.0,scored,ok,Watch Only,watch,เป็นแผนเฝ้ารอจังหวะ ไม่ใช่ entry ทันที,-1.0,True,,,,,,,,,7.389999866485596,7.274504814147949,,,None,SELL,92.0,ถือครบ 24 แท่งของแผน CDC แล้ว จึงปิดรอบเพื่อลดการยืดเยื้อ,99,,,,,,,,,,,,,,,,26.0,False,66.0,63.27009202133631,91.0,,0.0,CDCVIX15|LINK-USD|SELL|2026-06-29 19:00,"🔴 CDC+VixFix 15m SELL | LINK-USD
LINK-USD
────────────────
📍 Snapshot: ราคา 7.17 (+0.00%)
🧭 1H Trend: DOWN | STRONG | ActionZone 15m, Price Action 15m
🧪 Edge: Conf 91%
🚦 สถานะ: 🟡 รอ
📝 Decision: ราคาห่างจากจุดเข้า 3.02% แล้ว ไม่ควรไล่ราคา
🎯 Action: โครงสร้างยังลงต่อ สามารถกด SELL/Short ตามแผนได้ถ้ารับความเสี่ยงตาม SL นี้ได้
⚠️ Note: ครบอายุ CDC เดิม แต่ตลาดยังลงต่อและราคายังไม่ไกลจากจุดเข้าใหม่
⏳ Hold Plan: ถือได้ประมาณ 6 ชม. (24 แท่ง 15m) ถ้าไม่ไปตามทางควรลดไม้หรือปิดรอบ
🧠 Context: Forecast SELL 92/100 | Trend ขาลง | R&gt;G 26/100 | flip 63 bars
📌 Plan: Entry 7.39 | SL 7.27 | TP1 7.27 | TP2 7.18
📏 Risk: Risk 1.23% | RR TP1 1.00R / TP2 1.80R
🧭 Level Source: actual+fallback
🤖 AI: กลาง | p(win) 59% | exp +1.56%
🧠 Entry AI: รอ | Watch | p(entry) 20% | p(avoid) 52%
📘 กติกาใช้งาน: รอ Watch เมื่อ p(entry) ยังไม่ถึง 80% หรือ p(avoid) ยังสูง | รอบนี้ 20% / 52%
────────────────
🕒 เวลา: 2026-06-30 19:41
📈 TradingView"
9d82099674d7515e,2026-07-01 01:13:54,CDCVIX15,PAXG-USD,BUY,15m,64,A,87.5,เข้าได้ตามแผนหลัก แต่ยังต้องเคารพ SL และจังหวะเข้า,,95.0,113.12,False,,Trade Plan,,entry,cdc_fresh_signal,ยืนยันเพิ่ม,confirmed,AI เห็นด้วยกับสัญญาณนี้ ใช้เพิ่มความมั่นใจได้,0.7543966087599949,0.3018278231086406,6.0,scored,ok,รอ,watch,ผ่านเกณฑ์ Watch monitor ใช้เฝ้าดูจังหวะต่อเนื่อง,premium_standard_v4,watch,watch,watch,watch,CDCVIX15,0.1949918022779114,0.10465401481845643,0.7003541829036322,0.6,0.95,0.55,0.9,0.5,0.85,phase4_entry_quality_v4_utf_calibrated,v4_utf_v2,2026-06-18T12:10:15.151463Z,v4_utf_v2,v4_utf_v2,v4_utf_v2,0.0,scored,ok,Premium Entry,premium_entry,"เทรนด์ตรง, RR ดี, สัญญาณสด และคุณภาพเข้าเด่น",5.0,True,,,,,,,,,4025.27001953125,3964.8909692382813,,,None,BUY,92.0,"CDC ยังหนุนขาขึ้น, เพิ่งมี VixFix spike ฝั่ง panic low และโมเมนตัมเริ่มฟื้น",1,,,,,,,,,,,,,,,,95.0,True,66.0,64.67444952499896,95.0,,0.0,CDCVIX15|PAXG-USD|BUY|2026-07-01 01:00,"🟢 CDC+VixFix 15m BUY | PAXG-USD
PAXG-USD
────────────────
📍 Snapshot: ราคา 4,025.27 (+0.00%)
🧭 1H Trend: UP | STRONG | ActionZone 15m, Price Action 15m
🧪 Edge: Conf 95%
🚦 สถานะ: 🟢 เข้าได้
📝 Decision: แผนยังใกล้จุดเข้าและมี SL/TP พร้อมใช้งาน
🎯 Action: ถ้ายังไม่มีสถานะ สามารถกด BUY/Long ตามแผนได้
⚠️ Note: ถ้ามี Short เดิม ควรปิด Short ก่อนแล้วค่อยเปิด BUY
⏳ Hold Plan: ถือได้ประมาณ 6 ชม. (24 แท่ง 15m) ถ้าไม่ไปตามทางควรลดไม้หรือปิดรอบ
🧠 Context: Forecast BUY 92/100 | Trend ขาขึ้น | R&gt;G 95/100 | flip 3 bars | reclaim
📌 Plan: Entry 4,025.27 | SL 3,964.89 | TP1 4,097.72 | TP2 4,152.07
📏 Risk: Risk 1.68% | RR TP1 1.20R / TP2 2.10R
🧭 Level Source: actual+fallback
🤖 AI: ยืนยันเพิ่ม | p(win) 75% | exp +0.30%
🧠 Entry AI: รอ | Watch | p(entry) 19% | p(avoid) 70%
📘 กติกาใช้งาน: รอ Watch เมื่อ p(entry) ยังไม่ถึง 80% หรือ p(avoid) ยังสูง | รอบนี้ 19% / 70%
────────────────
🕒 เวลา: 2026-07-01 01:13
📈 TradingView"
6ab52f9cc38672b7,2026-07-01 04:54:33,CDCVIX15,LINK-USD,SELL,15m,64,A,87.2,เข้าได้ตามแผนหลัก แต่ยังต้องเคารพ SL และจังหวะเข้า,,89.7664735114227,109.76048510073734,False,,Trade Plan,,watch,ครบอายุ CDC เดิม แต่ตลาดยังลงต่อและราคายังไม่ไกลจากจุดเข้าใหม่,กลาง,neutral,AI มองว่ากลาง ๆ ใช้ช่วยดูเพิ่ม แต่ยังไม่ใช่จังหวะเด่น,0.5720648268024812,1.5320448205436534,0.0,scored,ok,รอ,watch,ผ่านเกณฑ์ Watch monitor ใช้เฝ้าดูจังหวะต่อเนื่อง,premium_standard_v4,watch,watch,watch,watch,CDCVIX15,0.22606678460462076,0.2504953761723732,0.5234378392230061,0.6,0.95,0.55,0.9,0.5,0.85,phase4_entry_quality_v4_utf_calibrated,v4_utf_v2,2026-06-18T12:10:15.151463Z,v4_utf_v2,v4_utf_v2,v4_utf_v2,0.0,scored,ok,Watch Only,watch,เป็นแผนเฝ้ารอจังหวะ ไม่ใช่ entry ทันที,-1.0,True,,,,,,,,,7.389999866485596,7.267399845123291,,,None,SELL,85.8882450380757,ถือครบ 24 แท่งของแผน CDC แล้ว จึงปิดรอบเพื่อลดการยืดเยื้อ,136,,,,,,,,,,,,,,,,11.0,False,66.0,63.26625546889151,89.7664735114227,,0.0,CDCVIX15|LINK-USD|SELL|2026-06-29 19:00,"🔴 CDC+VixFix 15m SELL | LINK-USD
LINK-USD
────────────────
📍 Snapshot: ราคา 7.16 (+0.00%)
🧭 1H Trend: DOWN | STRONG | ActionZone 15m, Price Action 15m
🧪 Edge: Conf 90%
🚦 สถานะ: 🟡 รอ
📝 Decision: ราคาห่างจากจุดเข้า 3.11% แล้ว ไม่ควรไล่ราคา
🎯 Action: โครงสร้างยังลงต่อ สามารถกด SELL/Short ตามแผนได้ถ้ารับความเสี่ยงตาม SL นี้ได้
⚠️ Note: ครบอายุ CDC เดิม แต่ตลาดยังลงต่อและราคายังไม่ไกลจากจุดเข้าใหม่
⏳ Hold Plan: ถือได้ประมาณ 6 ชม. (24 แท่ง 15m) ถ้าไม่ไปตามทางควรลดไม้หรือปิดรอบ
🧠 Context: Forecast SELL 86/100 | Trend ขาลง | R&gt;G 11/100 | flip 9 bars
📌 Plan: Entry 7.39 | SL 7.27 | TP1 7.27 | TP2 7.17
📏 Risk: Risk 1.31% | RR TP1 1.00R / TP2 1.80R
🧭 Level Source: actual+fallback
🤖 AI: กลาง | p(win) 57% | exp +1.53%
🧠 Entry AI: รอ | Watch | p(entry) 23% | p(avoid) 52%
📘 กติกาใช้งาน: รอ Watch เมื่อ p(entry) ยังไม่ถึง 80% หรือ p(avoid) ยังสูง | รอบนี้ 23% / 52%
────────────────
🕒 เวลา: 2026-07-01 04:54
📈 TradingView"
3d81594917ee092f,2026-07-01 09:41:04,DAILY_SUMMARY,,INFO,15m,64,B,81.5,เข้าได้ แต่ควรลดขนาดไม้ลงเล็กน้อยหากราคาเริ่มไล่ห่าง,,68.4375,68.4375,False,,,,,,,,,,,,,,,,,,,,,,,,,,,,,,,,,,,,,,,,,,,,,,,,,,,,,,,,,,,,,,,,,,,,,,,,,,,,,,,,66.0,63.47304443291425,68.4375,1.9553003056209879,320.0,DAILYSUMMARY_EXEC|20260701,"Daily 09:00 Executive Summary
⏱️ เวลา: 2026-07-01 09:41
🤖 Runtime: ON | phase4_entry_quality_v5_3_clean_rerun_model.joblib | ver v4_utf_v2 | trained 2026-06-18T12:10:15.151463Z
🧭 Promotion: CDCVIX15:premium|standard|watch;PA15:watch
🧪 Latest Run: 2026-07-01 07:21:12 | raw 0 -> cand 0 -> sent 0
📤 Dispatch: daily_pick 0 | daily_summary 0 | quality drops all weather no actionable subplans 11, trend radar watch intent filtered 5, สัญญาณเกิน 7 แท่ง ไม่สดพอ 5
📣 Alert 1.0d: 4 alerts | directional 4 | daily_pick 0 | symbols 3
📊 Mix: intent watch 3, entry 1 | tier watch 4
🗂️ Top Flow: strategy CDCVIX15 4 | symbol LINK-USD 2, PAXG-USD 1, XRP-USD 1
🕒 Latest Alert: 2026-07-01 04:54:33
🎯 Realized 45d: settled 320 | WR 68.4% | RR 1.96 | PnL 4.81%
📅 Realized Updated: 2026-07-01 07:21:12
🔁 Feedback Loop: feedback - ready | train - filled | calibration - | shadow -
📌 Top Candidates Now: ยังไม่มี candidate ที่ผ่าน gate ในรอบนี้"
1aefe34921a13181,2026-07-01 14:07:43,DAILY_SUMMARY,,INFO,15m,64,B,81.4,เข้าได้ แต่ควรลดขนาดไม้ลงเล็กน้อยหากราคาเริ่มไล่ห่าง,,68.32298136645963,68.32298136645963,False,,,,,,,,,,,,,,,,,,,,,,,,,,,,,,,,,,,,,,,,,,,,,,,,,,,,,,,,,,,,,,,,,,,,,,,,,,,,,,,,66.0,63.37585749632795,68.32298136645963,1.947053577157902,322.0,DAILYSUMMARY_EXEC|20260701,"Daily 09:00 Executive Summary
⏱️ เวลา: 2026-07-01 14:07
🤖 Runtime: ON | phase4_entry_quality_v5_3_clean_rerun_model.joblib | ver v4_utf_v2 | trained 2026-06-18T12:10:15.151463Z
🧭 Promotion: CDCVIX15:premium|standard|watch;PA15:watch
🧪 Latest Run: 2026-07-01 12:04:04 | raw 0 -> cand 0 -> sent 0
📤 Dispatch: daily_pick 0 | daily_summary 0 | quality drops all weather no actionable subplans 11, candidate profile confidence below min 9, trend radar watch intent filtered 3
📣 Alert 1.0d: 5 alerts | directional 4 | daily_pick 0 | symbols 3
📊 Mix: intent watch 3, entry 1 | tier watch 4
🗂️ Top Flow: strategy CDCVIX15 4, DAILY_SUMMARY 1 | symbol LINK-USD 2, PAXG-USD 1, XRP-USD 1
🕒 Latest Alert: 2026-07-01 09:41:04
🎯 Realized 45d: settled 322 | WR 68.3% | RR 1.95 | PnL 4.78%
📅 Realized Updated: 2026-07-01 12:04:04
🔁 Feedback Loop: feedback - ready | train - filled | calibration - | shadow -
📌 Top Candidates Now:
1. CDCVIX15 | DOGE-USD | SELL | tier watch | conf 95% | score 114.7 | WR 95.0%
2. CDCVIX15 | ADA-USD | SELL | tier avoid | conf 88% | score 108.4 | WR 88.3%
3. CDCVIX15 | ETH-USD | SELL | tier avoid | conf 88% | score 107.8 | WR 87.7%"
99860fa1da1b8a06,2026-07-01 15:55:44,CDCVIX15,ADA-USD,BUY,15m,64,A,87.5,เข้าได้ตามแผนหลัก แต่ยังต้องเคารพ SL และจังหวะเข้า,,95.0,103.04,False,,Trade Plan,,entry,cdc_fresh_signal,กลาง,neutral,AI มองว่ากลาง ๆ ใช้ช่วยดูเพิ่ม แต่ยังไม่ใช่จังหวะเด่น,0.482914773934081,0.862021389270216,0.0,scored,ok,รอ,watch,ผ่านเกณฑ์ Watch monitor ใช้เฝ้าดูจังหวะต่อเนื่อง,premium_standard_v4,watch,watch,watch,watch,CDCVIX15,0.32772987205980586,0.03574584438871497,0.6365242835514792,0.6,0.95,0.55,0.9,0.5,0.85,phase4_entry_quality_v4_utf_calibrated,v4_utf_v2,2026-06-18T12:10:15.151463Z,v4_utf_v2,v4_utf_v2,v4_utf_v2,0.0,scored,ok,Premium Entry,premium_entry,"เทรนด์ตรง, RR ดี, สัญญาณสด และคุณภาพเข้าเด่น",5.0,True,,,,,,,,,0.14990000426769257,0.14698572350399836,,,None,BUY,92.0,"CDC ยังหนุนขาขึ้น, เพิ่งมี VixFix spike ฝั่ง panic low และโมเมนตัมเริ่มฟื้น",0,,,,,,,,,,,,,,,,89.0,False,66.0,63.336735843333464,95.0,,0.0,CDCVIX15|ADA-USD|BUY|2026-07-01 15:54,"🟢 CDC+VixFix 15m BUY | ADA-USD
ADA-USD
────────────────
📍 Snapshot: ราคา 0.149900 (+0.00%)
🧭 1H Trend: UP | STRONG | ActionZone 15m, Price Action 15m
🧪 Edge: Conf 95%
🚦 สถานะ: 🟢 เข้าได้
📝 Decision: แผนยังใกล้จุดเข้าและมี SL/TP พร้อมใช้งาน
🎯 Action: ถ้ายังไม่มีสถานะ สามารถกด BUY/Long ตามแผนได้
⚠️ Note: ถ้ามี Short เดิม ควรปิด Short ก่อนแล้วค่อยเปิด BUY
⏳ Hold Plan: ถือได้ประมาณ 6 ชม. (24 แท่ง 15m) ถ้าไม่ไปตามทางควรลดไม้หรือปิดรอบ
🧠 Context: Forecast BUY 92/100 | Trend ขาขึ้น | R&gt;G 89/100 | flip 2 bars
📌 Plan: Entry 0.149900 | SL 0.146986 | TP1 0.152814 | TP2 0.155146
📏 Risk: Risk 2.08% | RR TP1 1.00R / TP2 1.80R
🧭 Level Source: actual+fallback
🤖 AI: กลาง | p(win) 48% | exp +0.86%
🧠 Entry AI: รอ | Watch | p(entry) 33% | p(avoid) 64%
📘 กติกาใช้งาน: รอ Watch เมื่อ p(entry) ยังไม่ถึง 80% หรือ p(avoid) ยังสูง | รอบนี้ 33% / 64%
────────────────
🕒 เวลา: 2026-07-01 15:55
📈 TradingView"
45f44467177b8ee8,2026-07-01 18:57:35,CDCVIX15,DOGE-USD,SELL,15m,64,A,87.5,เข้าได้ตามแผนหลัก แต่ยังต้องเคารพ SL และจังหวะเข้า,,91.0,110.91999999999999,False,,Trade Plan,,watch,ครบอายุ CDC เดิม แต่ตลาดยังลงต่อและราคายังไม่ไกลจากจุดเข้าใหม่,กลาง,neutral,AI มองว่ากลาง ๆ ใช้ช่วยดูเพิ่ม แต่ยังไม่ใช่จังหวะเด่น,0.5490226942666959,1.8068512766526876,0.0,scored,ok,รอ,watch,ผ่านเกณฑ์ Watch monitor ใช้เฝ้าดูจังหวะต่อเนื่อง,premium_standard_v4,watch,watch,watch,watch,CDCVIX15,0.02703113319561935,0.5775594483164395,0.3954094184879412,0.6,0.95,0.55,0.9,0.5,0.85,phase4_entry_quality_v4_utf_calibrated,v4_utf_v2,2026-06-18T12:10:15.151463Z,v4_utf_v2,v4_utf_v2,v4_utf_v2,0.0,scored,ok,Watch Only,watch,เป็นแผนเฝ้ารอจังหวะ ไม่ใช่ entry ทันที,-1.0,True,,,,,,,,,0.07371000200510025,0.0720345488190651,,,None,SELL,92.0,ถือครบ 48 แท่งของแผน CDC แล้ว จึงปิดรอบเพื่อลดการยืดเยื้อ,172,,,,,,,,,,,,,,,,11.0,False,66.0,63.271230497783584,91.0,,0.0,CDCVIX15|DOGE-USD|SELL|2026-06-30 00:00,"🔴 CDC+VixFix 15m SELL | DOGE-USD
DOGE-USD
────────────────
📍 Snapshot: ราคา 0.070970 (+0.00%)
🧭 1H Trend: DOWN | STRONG | ActionZone 15m, Price Action 15m
🧪 Edge: Conf 91%
🚦 สถานะ: 🟡 รอ
📝 Decision: ราคาห่างจากจุดเข้า 3.72% แล้ว ไม่ควรไล่ราคา
🎯 Action: โครงสร้างยังลงต่อ สามารถกด SELL/Short ตามแผนได้ถ้ารับความเสี่ยงตาม SL นี้ได้
⚠️ Note: ครบอายุ CDC เดิม แต่ตลาดยังลงต่อและราคายังไม่ไกลจากจุดเข้าใหม่
⏳ Hold Plan: ถือได้ประมาณ 12 ชม. (48 แท่ง 15m) ถ้าไม่ไปตามทางควรลดไม้หรือปิดรอบ
🧠 Context: Forecast SELL 92/100 | Trend ขาลง | R&gt;G 11/100 | flip 39 bars
📌 Plan: Entry 0.073710 | SL 0.072035 | TP1 0.072035 | TP2 0.070694
📏 Risk: Risk 1.98% | RR TP1 1.00R / TP2 1.80R
🧭 Level Source: actual+fallback
🤖 AI: กลาง | p(win) 55% | exp +1.81%
🧠 Entry AI: รอ | Watch | p(entry) 3% | p(avoid) 40%
📘 กติกาใช้งาน: รอ Watch เมื่อ p(entry) ยังไม่ถึง 80% หรือ p(avoid) ยังสูง | รอบนี้ 3% / 40%
────────────────
🕒 เวลา: 2026-07-01 18:57
📈 TradingView"
80732877b4117b76,2026-07-02 13:33:01,DAILY_SUMMARY,,INFO,15m,64,B,81.1,เข้าได้ แต่ควรลดขนาดไม้ลงเล็กน้อยหากราคาเริ่มไล่ห่าง,,68.0,68.0,False,,,,,,,,,,,,,,,,,,,,,,,,,,,,,,,,,,,,,,,,,,,,,,,,,,,,,,,,,,,,,,,,,,,,,,,,,,,,,,,,66.0,63.35278239420364,68.0,1.9321426091280864,325.0,DAILYSUMMARY_EXEC|20260702,"Daily 09:00 Executive Summary
⏱️ เวลา: 2026-07-02 13:33
🤖 Runtime: ON | phase4_entry_quality_v5_3_clean_rerun_model.joblib | ver v4_utf_v2 | trained 2026-06-18T12:10:15.151463Z
🧭 Promotion: CDCVIX15:premium|standard|watch;PA15:watch
🧪 Latest Run: 2026-07-02 09:49:36 | raw 0 -> cand 0 -> sent 0
📤 Dispatch: daily_pick 0 | daily_summary 0 | quality drops all weather no actionable subplans 11, candidate profile confidence below min 11, trend radar watch intent filtered 1
📣 Alert 1.0d: 3 alerts | directional 2 | daily_pick 0 | symbols 2
📊 Mix: intent entry 1, watch 1 | tier watch 2
🗂️ Top Flow: strategy CDCVIX15 2, DAILY_SUMMARY 1 | symbol ADA-USD 1, DOGE-USD 1
🕒 Latest Alert: 2026-07-01 18:57:35
🎯 Realized 45d: settled 325 | WR 68.0% | RR 1.93 | PnL 4.75%
📅 Realized Updated: 2026-07-02 09:49:36
🔁 Feedback Loop: feedback - ready | train - filled | calibration - | shadow -
📌 Top Candidates Now: ยังไม่มี candidate ที่ผ่าน gate ในรอบนี้"
56c69bd088520c81,2026-07-02 13:37:46,CDCVIX15,NEAR-USD,BUY,15m,64,A,87.5,เข้าได้ตามแผนหลัก แต่ยังต้องเคารพ SL และจังหวะเข้า,,95.0,103.04,False,,Trade Plan,,entry,cdc_fresh_signal,กลาง,neutral,AI มองว่ากลาง ๆ ใช้ช่วยดูเพิ่ม แต่ยังไม่ใช่จังหวะเด่น,0.49538420045487414,0.8838241998732497,0.0,scored,ok,รอ,watch,ผ่านเกณฑ์ Watch monitor ใช้เฝ้าดูจังหวะต่อเนื่อง,premium_standard_v4,watch,watch,watch,watch,CDCVIX15,0.4576312460593064,0.03042963455817788,0.5119391193825157,0.6,0.95,0.55,0.9,0.5,0.85,phase4_entry_quality_v4_utf_calibrated,v4_utf_v2,2026-06-18T12:10:15.151463Z,v4_utf_v2,v4_utf_v2,v4_utf_v2,0.0,scored,ok,Premium Entry,premium_entry,"เทรนด์ตรง, RR ดี, สัญญาณสด และคุณภาพเข้าเด่น",5.0,True,,,,,,,,,1.9129999876022339,1.8752857276371546,,,None,BUY,92.0,"CDC ยังหนุนขาขึ้น, เพิ่งมี VixFix spike ฝั่ง panic low และโมเมนตัมเริ่มฟื้น",1,,,,,,,,,,,,,,,,95.0,False,66.0,63.349942124682954,95.0,,0.0,CDCVIX15|NEAR-USD|BUY|2026-07-02 13:30,"🟢 CDC+VixFix 15m BUY | NEAR-USD
NEAR-USD
────────────────
📍 Snapshot: ราคา 1.91 (+0.00%)
🧭 1H Trend: UP | STRONG | ActionZone 15m, Price Action 15m
🧪 Edge: Conf 95%
🚦 สถานะ: 🟢 เข้าได้
📝 Decision: แผนยังใกล้จุดเข้าและมี SL/TP พร้อมใช้งาน
🎯 Action: ถ้ายังไม่มีสถานะ สามารถกด BUY/Long ตามแผนได้
⚠️ Note: ถ้ามี Short เดิม ควรปิด Short ก่อนแล้วค่อยเปิด BUY
⏳ Hold Plan: ถือได้ประมาณ 6 ชม. (24 แท่ง 15m) ถ้าไม่ไปตามทางควรลดไม้หรือปิดรอบ
🧠 Context: Forecast BUY 92/100 | Trend ขาขึ้น | R&gt;G 95/100 | flip 2 bars | follow-through
📌 Plan: Entry 1.91 | SL 1.88 | TP1 1.95 | TP2 1.98
📏 Risk: Risk 2.11% | RR TP1 1.00R / TP2 1.80R
🧭 Level Source: actual+fallback
🤖 AI: กลาง | p(win) 50% | exp +0.88%
🧠 Entry AI: รอ | Watch | p(entry) 46% | p(avoid) 51%
📘 กติกาใช้งาน: รอ Watch เมื่อ p(entry) ยังไม่ถึง 80% หรือ p(avoid) ยังสูง | รอบนี้ 46% / 51%
────────────────
🕒 เวลา: 2026-07-02 13:37
📈 TradingView"
2fd80699544c5efa,2026-07-02 23:20:03,CDCVIX15,ETH-USD,BUY,15m,64,A,85.2,เข้าได้ตามแผนหลัก แต่ยังต้องเคารพ SL และจังหวะเข้า,,87.85204654471734,96.46388282113996,False,,Trade Plan,,watch,short_trade_watch:คุณภาพจังหวะเข้าไม่ครบสำหรับ short trade,กลาง,neutral,AI มองว่ากลาง ๆ ใช้ช่วยดูเพิ่ม แต่ยังไม่ใช่จังหวะเด่น,0.47312260711062676,0.7335403311867821,0.0,scored,ok,รอ,watch,ผ่านเกณฑ์ Watch monitor ใช้เฝ้าดูจังหวะต่อเนื่อง,premium_standard_v4,watch,watch,watch,watch,CDCVIX15,0.2118630568830973,0.09284655089426119,0.6952903922226416,0.6,0.95,0.55,0.9,0.5,0.85,phase4_entry_quality_v4_utf_calibrated,v4_utf_v2,2026-06-18T12:10:15.151463Z,v4_utf_v2,v4_utf_v2,v4_utf_v2,0.0,scored,ok,Watch Only,watch,คุณภาพจังหวะเข้าไม่ครบสำหรับ short trade,-1.0,True,,,,,,,,,1698.1500244140625,1660.0907418387276,,,Bullish Engulfing,BUY,89.50682181572445,"CDC ยังหนุนขาขึ้น, เพิ่งมี VixFix spike ฝั่ง panic low และโมเมนตัมเริ่มฟื้น",5,,,,,,,,,,,,,,,,61.0,True,66.0,63.89201126155446,87.85204654471734,,0.0,CDCVIX15|ETH-USD|BUY|2026-07-02 22:15,"🟢 CDC+VixFix 15m BUY | ETH-USD
ETH-USD
────────────────
📍 Snapshot: ราคา 1,693.01 (+0.00%)
🧭 1H Trend: UP | STRONG | ActionZone 15m, Price Action 15m
🧪 Edge: Conf 88%
🚦 สถานะ: 🟢 เข้าได้
📝 Decision: แผนยังใกล้จุดเข้าและมี SL/TP พร้อมใช้งาน
🎯 Action: ถ้ายังไม่มีสถานะ สามารถกด BUY/Long ตามแผนได้
⚠️ Note: ถ้ามี Short เดิม ควรปิด Short ก่อนแล้วค่อยเปิด BUY
⏳ Hold Plan: ถือได้ประมาณ 6 ชม. (24 แท่ง 15m) ถ้าไม่ไปตามทางควรลดไม้หรือปิดรอบ
🧠 Context: Forecast BUY 90/100 | Trend ขาขึ้น | R&gt;G 61/100 | flip 29 bars | reclaim
📌 Plan: Entry 1,698.15 | SL 1,660.09 | TP1 1,736.21 | TP2 1,766.66
📏 Risk: Risk 2.40% | RR TP1 1.00R / TP2 1.80R
🧭 Level Source: actual+fallback
🤖 AI: กลาง | p(win) 47% | exp +0.73%
🧠 Entry AI: รอ | Watch | p(entry) 21% | p(avoid) 70%
📘 กติกาใช้งาน: รอ Watch เมื่อ p(entry) ยังไม่ถึง 80% หรือ p(avoid) ยังสูง | รอบนี้ 21% / 70%
────────────────
🕒 เวลา: 2026-07-02 23:20
📈 TradingView"
0eb83215f2f7b3fb,2026-07-03 01:11:33,CDCVIX15,SOL-USD,BUY,15m,64,A,87.5,เข้าได้ตามแผนหลัก แต่ยังต้องเคารพ SL และจังหวะเข้า,,95.0,103.04,False,,Trade Plan,,entry,cdc_fresh_signal,กลาง,neutral,AI มองว่ากลาง ๆ ใช้ช่วยดูเพิ่ม แต่ยังไม่ใช่จังหวะเด่น,0.45878904071625165,-1.6329813292727529,0.0,scored,ok,รอ,watch,ผ่านเกณฑ์ Watch monitor ใช้เฝ้าดูจังหวะต่อเนื่อง,premium_standard_v4,watch,watch,watch,watch,CDCVIX15,0.4390061341899731,0.031788716524422625,0.5292051492856042,0.6,0.95,0.55,0.9,0.5,0.85,phase4_entry_quality_v4_utf_calibrated,v4_utf_v2,2026-06-18T12:10:15.151463Z,v4_utf_v2,v4_utf_v2,v4_utf_v2,0.0,scored,ok,Premium Entry,premium_entry,"เทรนด์ตรง, RR ดี, สัญญาณสด และคุณภาพเข้าเด่น",5.0,True,,,,,,,,,81.05999755859375,79.79999814714704,,,None,BUY,92.0,"CDC ยังหนุนขาขึ้น, เพิ่งมี VixFix spike ฝั่ง panic low และโมเมนตัมเริ่มฟื้น",4,,,,,,,,,,,,,,,,69.0,False,66.0,63.803689158752825,95.0,,0.0,CDCVIX15|SOL-USD|BUY|2026-07-03 00:15,"🟢 CDC+VixFix 15m BUY | SOL-USD
SOL-USD
────────────────
📍 Snapshot: ราคา 80.97 (+0.00%)
🧭 1H Trend: UP | STRONG | ActionZone 15m, Price Action 15m
🧪 Edge: Conf 95%
🚦 สถานะ: 🟢 เข้าได้
📝 Decision: แผนยังใกล้จุดเข้าและมี SL/TP พร้อมใช้งาน
🎯 Action: ถ้ายังไม่มีสถานะ สามารถกด BUY/Long ตามแผนได้
⚠️ Note: ถ้ามี Short เดิม ควรปิด Short ก่อนแล้วค่อยเปิด BUY
⏳ Hold Plan: ถือได้ประมาณ 6 ชม. (24 แท่ง 15m) ถ้าไม่ไปตามทางควรลดไม้หรือปิดรอบ
🧠 Context: Forecast BUY 92/100 | Trend ขาขึ้น | R&gt;G 69/100 | flip 1 bars | follow-through
📌 Plan: Entry 81.06 | SL 79.80 | TP1 82.32 | TP2 83.33
📏 Risk: Risk 1.27% | RR TP1 1.00R / TP2 1.80R
🧭 Level Source: actual+fallback
🤖 AI: กลาง | p(win) 46% | exp -1.63%
🧠 Entry AI: รอ | Watch | p(entry) 44% | p(avoid) 53%
📘 กติกาใช้งาน: รอ Watch เมื่อ p(entry) ยังไม่ถึง 80% หรือ p(avoid) ยังสูง | รอบนี้ 44% / 53%
────────────────
🕒 เวลา: 2026-07-03 01:11
📈 TradingView"
ceb4c6c89d0206b4,2026-07-03 01:11:34,CDCVIX15,BTC-USD,BUY,15m,64,A,87.5,เข้าได้ตามแผนหลัก แต่ยังต้องเคารพ SL และจังหวะเข้า,,95.0,113.12,False,,Trade Plan,,watch,short_trade_watch:AI ยังไม่มั่นใจพอสำหรับ short entry,ยังไม่ชัด,low_conviction,AI ยังไม่มั่นใจพอ ควรรอดูเพิ่ม,0.4294279516459285,-1.1362586616838013,-2.5,scored,ok,รอ,watch,ผ่านเกณฑ์ Watch monitor ใช้เฝ้าดูจังหวะต่อเนื่อง,premium_standard_v4,watch,watch,watch,watch,CDCVIX15,0.15605671567984863,0.21183630028004513,0.6321069840401061,0.6,0.95,0.55,0.9,0.5,0.85,phase4_entry_quality_v4_utf_calibrated,v4_utf_v2,2026-06-18T12:10:15.151463Z,v4_utf_v2,v4_utf_v2,v4_utf_v2,0.0,scored,ok,Watch Only,watch,AI ยังไม่มั่นใจพอสำหรับ short entry,-1.0,True,,,,,,,,,61728.55078125,60802.62251953125,,,None,BUY,92.0,"CDC ยังหนุนขาขึ้น, เพิ่งมี VixFix spike ฝั่ง panic low และโมเมนตัมเริ่มฟื้น",5,,,,,,,,,,,,,,,,84.0,False,66.0,63.803689158752825,95.0,,0.0,CDCVIX15|BTC-USD|BUY|2026-07-03 00:00,"🟢 CDC+VixFix 15m BUY | BTC-USD
BTC-USD
────────────────
📍 Snapshot: ราคา 61,758.33 (+0.00%)
🧭 1H Trend: UP | STRONG | ActionZone 15m, Price Action 15m
🧪 Edge: Conf 95%
🚦 สถานะ: 🟢 เข้าได้
📝 Decision: แผนยังใกล้จุดเข้าและมี SL/TP พร้อมใช้งาน
🎯 Action: ถ้ายังไม่มีสถานะ สามารถกด BUY/Long ตามแผนได้
⚠️ Note: ถ้ามี Short เดิม ควรปิด Short ก่อนแล้วค่อยเปิด BUY
⏳ Hold Plan: ถือได้ประมาณ 6 ชม. (24 แท่ง 15m) ถ้าไม่ไปตามทางควรลดไม้หรือปิดรอบ
🧠 Context: Forecast BUY 92/100 | Trend ขาขึ้น | R&gt;G 84/100 | flip 1 bars | follow-through
📌 Plan: Entry 61,728.55 | SL 60,802.62 | TP1 62,839.66 | TP2 63,673.00
📏 Risk: Risk 1.60% | RR TP1 1.20R / TP2 2.10R
🧭 Level Source: actual+fallback
🤖 AI: ยังไม่ชัด | p(win) 43% | exp -1.14%
🧠 Entry AI: รอ | Watch | p(entry) 16% | p(avoid) 63%
📘 กติกาใช้งาน: รอ Watch เมื่อ p(entry) ยังไม่ถึง 80% หรือ p(avoid) ยังสูง | รอบนี้ 16% / 63%
────────────────
🕒 เวลา: 2026-07-03 01:11
📈 TradingView"
0f929f647cf3fee8,2026-07-03 02:51:26,CDCVIX15,ADA-USD,BUY,15m,64,A,87.5,เข้าได้ตามแผนหลัก แต่ยังต้องเคารพ SL และจังหวะเข้า,,95.0,113.12,False,,Trade Plan,,watch,short_trade_watch:AI ยังไม่มั่นใจพอสำหรับ short entry,ยังไม่ชัด,low_conviction,AI ยังไม่มั่นใจพอ ควรรอดูเพิ่ม,0.4320880968862422,0.4431213898251226,-2.5,scored,ok,รอ,watch,ผ่านเกณฑ์ Watch monitor ใช้เฝ้าดูจังหวะต่อเนื่อง,premium_standard_v4,watch,watch,watch,watch,CDCVIX15,0.13741614090478382,0.0883429571281384,0.7742409019670777,0.6,0.95,0.55,0.9,0.5,0.85,phase4_entry_quality_v4_utf_calibrated,v4_utf_v2,2026-06-18T12:10:15.151463Z,v4_utf_v2,v4_utf_v2,v4_utf_v2,0.0,scored,ok,Watch Only,watch,AI ยังไม่มั่นใจพอสำหรับ short entry,-1.0,True,,,,,,,,,0.1599999964237213,0.1575999964773655,,,None,BUY,92.0,"CDC ยังหนุนขาขึ้น, เพิ่งมี VixFix spike ฝั่ง panic low และโมเมนตัมเริ่มฟื้น",1,,,,,,,,,,,,,,,,95.0,False,66.0,63.41258248489547,95.0,,0.0,CDCVIX15|ADA-USD|BUY|2026-07-03 02:45,"🟢 CDC+VixFix 15m BUY | ADA-USD
ADA-USD
────────────────
📍 Snapshot: ราคา 0.160000 (+0.00%)
🧭 1H Trend: UP | STRONG | ActionZone 15m, Price Action 15m
🧪 Edge: Conf 95%
🚦 สถานะ: 🟢 เข้าได้
📝 Decision: แผนยังใกล้จุดเข้าและมี SL/TP พร้อมใช้งาน
🎯 Action: ถ้ายังไม่มีสถานะ สามารถกด BUY/Long ตามแผนได้
⚠️ Note: ถ้ามี Short เดิม ควรปิด Short ก่อนแล้วค่อยเปิด BUY
⏳ Hold Plan: ถือได้ประมาณ 6 ชม. (24 แท่ง 15m) ถ้าไม่ไปตามทางควรลดไม้หรือปิดรอบ
🧠 Context: Forecast BUY 92/100 | Trend ขาขึ้น | R&gt;G 95/100 | flip 1 bars
📌 Plan: Entry 0.160000 | SL 0.157600 | TP1 0.162880 | TP2 0.165040
📏 Risk: Risk 1.60% | RR TP1 1.20R / TP2 2.10R
🧭 Level Source: actual+fallback
🤖 AI: ยังไม่ชัด | p(win) 43% | exp +0.44%
🧠 Entry AI: รอ | Watch | p(entry) 14% | p(avoid) 77%
📘 กติกาใช้งาน: รอ Watch เมื่อ p(entry) ยังไม่ถึง 80% หรือ p(avoid) ยังสูง | รอบนี้ 14% / 77%
────────────────
🕒 เวลา: 2026-07-03 02:51
📈 TradingView"
d9bf3824b79e0ebb,2026-07-03 04:00:10,CDCVIX15,ADA-USD,BUY,15m,64,A,87.5,เข้าได้ตามแผนหลัก แต่ยังต้องเคารพ SL และจังหวะเข้า,,95.0,103.04,False,,Trade Plan,,watch,short_trade_watch:คุณภาพจังหวะเข้าไม่ครบสำหรับ short trade,กลาง,neutral,AI มองว่ากลาง ๆ ใช้ช่วยดูเพิ่ม แต่ยังไม่ใช่จังหวะเด่น,0.4939110259965399,0.7286976994426788,0.0,scored,ok,รอ,watch,ผ่านเกณฑ์ Watch monitor ใช้เฝ้าดูจังหวะต่อเนื่อง,premium_standard_v4,watch,watch,watch,watch,CDCVIX15,0.27113997782068044,0.034904603164511556,0.6939554190148081,0.6,0.95,0.55,0.9,0.5,0.85,phase4_entry_quality_v4_utf_calibrated,v4_utf_v2,2026-06-18T12:10:15.151463Z,v4_utf_v2,v4_utf_v2,v4_utf_v2,0.0,scored,ok,Watch Only,watch,คุณภาพจังหวะเข้าไม่ครบสำหรับ short trade,-1.0,True,,,,,,,,,0.15970000624656677,0.15730450615286828,,,None,BUY,92.0,"CDC ยังหนุนขาขึ้น, เพิ่งมี VixFix spike ฝั่ง panic low และโมเมนตัมเริ่มฟื้น",5,,,,,,,,,,,,,,,,95.0,True,66.0,63.321390671103686,95.0,,0.0,CDCVIX15|ADA-USD|BUY|2026-07-03 02:45,"🟢 CDC+VixFix 15m BUY | ADA-USD
ADA-USD
────────────────
📍 Snapshot: ราคา 0.161100 (+0.00%)
🧭 1H Trend: UP | STRONG | ActionZone 15m, Price Action 15m
🧪 Edge: Conf 95%
🚦 สถานะ: 🟢 เข้าได้
📝 Decision: แผนยังใกล้จุดเข้าและมี SL/TP พร้อมใช้งาน
🎯 Action: ถ้ายังไม่มีสถานะ สามารถกด BUY/Long ตามแผนได้
⚠️ Note: ถ้ามี Short เดิม ควรปิด Short ก่อนแล้วค่อยเปิด BUY
⏳ Hold Plan: ถือได้ประมาณ 6 ชม. (24 แท่ง 15m) ถ้าไม่ไปตามทางควรลดไม้หรือปิดรอบ
🧠 Context: Forecast BUY 92/100 | Trend ขาขึ้น | R&gt;G 95/100 | flip 5 bars | reclaim
📌 Plan: Entry 0.159700 | SL 0.157305 | TP1 0.162575 | TP2 0.164731
📏 Risk: Risk 1.60% | RR TP1 1.20R / TP2 2.10R
🧭 Level Source: actual+fallback
🤖 AI: กลาง | p(win) 49% | exp +0.73%
🧠 Entry AI: รอ | Watch | p(entry) 27% | p(avoid) 69%
📘 กติกาใช้งาน: รอ Watch เมื่อ p(entry) ยังไม่ถึง 80% หรือ p(avoid) ยังสูง | รอบนี้ 27% / 69%
────────────────
🕒 เวลา: 2026-07-03 04:00
📈 TradingView"
27bb90e8a9d83d06,2026-07-03 13:27:57,DAILY_SUMMARY,,INFO,15m,64,B,81.0,เข้าได้ แต่ควรลดขนาดไม้ลงเล็กน้อยหากราคาเริ่มไล่ห่าง,,67.79141104294479,67.79141104294479,False,,,,,,,,,,,,,,,,,,,,,,,,,,,,,,,,,,,,,,,,,,,,,,,,,,,,,,,,,,,,,,,,,,,,,,,,,,,,,,,,66.0,63.424522710130375,67.79141104294479,1.9291512751758326,326.0,DAILYSUMMARY_EXEC|20260703,"Daily 09:00 Summary
⏱️ เวลา: 2026-07-03 13:27
🧭 ภาพรวม: regime TREND_DOWN | min conf 63.4% | cap/run 2 | daily pick 1
🧪 รอบล่าสุด: 2026-07-03 11:57:18 | raw 3 -> cand 0 -> sent 0
📤 สถานะส่ง: daily pick 0 | daily summary 0
🚫 เหตุที่ยังไม่ส่ง: all weather no actionable subplans 11, สัญญาณเกิน 7 แท่ง ไม่สดพอ 4, primary exit intent filtered 3
📣 กิจกรรมล่าสุด: 7 alerts/1.0d | directional 6 | daily pick 0 | symbols 5 | last 2026-07-03 04:00:10
📊 Flow: intent watch 4, entry 2 | tier watch 6 | strategy CDCVIX15 6, DAILY_SUMMARY 1
🗂️ สัญลักษณ์เด่น: ADA-USD 2, BTC-USD 1, ETH-USD 1 | signal BUY 6, INFO 1
🎯 ผลงานจริง 45d: WR 67.8% | RR 1.93 | PnL 4.74% | settled 326 | alerts/day 9.1
📅 อัปเดตผลงาน: 2026-07-03 11:57:18
📌 ตัวเด่นตอนนี้:
1. NEAR-USD | BUY | CDCVIX15 | tier watch | conf 95% | score 113.1 | WR 95.0%
🤖 ระบบ: ON | phase4_entry_quality_v5_3_clean_rerun_model.joblib | ver v4_utf_v2 | trained 2026-06-18T12:10:15.151463Z | promote CDCVIX15:premium|standard|watch;PA15:watch
🔁 Learning: feedback - ready | train - | calibration - | shadow -"
8d1c2d6bf35ba249,2026-07-03 22:07:11,CDCVIX15,BTC-USD,BUY,15m,64,A,87.5,เข้าได้ตามแผนหลัก แต่ยังต้องเคารพ SL และจังหวะเข้า,,95.0,103.04,False,,Trade Plan,,entry,cdc_fresh_signal,กลาง,neutral,AI มองว่ากลาง ๆ ใช้ช่วยดูเพิ่ม แต่ยังไม่ใช่จังหวะเด่น,0.49254608482209605,-0.825516723306962,0.0,scored,ok,รอ,watch,ผ่านเกณฑ์ Watch monitor ใช้เฝ้าดูจังหวะต่อเนื่อง,premium_standard_v4,watch,watch,watch,watch,CDCVIX15,0.2641785158583531,0.04827676048667907,0.6875447236549679,0.6,0.95,0.55,0.9,0.5,0.85,phase4_entry_quality_v4_utf_calibrated,v4_utf_v2,2026-06-18T12:10:15.151463Z,v4_utf_v2,v4_utf_v2,v4_utf_v2,0.0,scored,ok,Premium Entry,premium_entry,"เทรนด์ตรง, RR ดี, สัญญาณสด และคุณภาพเข้าเด่น",5.0,True,,,,,,,,,62098.96875,61167.48421875,,,None,BUY,92.0,"CDC ยังหนุนขาขึ้น, เพิ่งมี VixFix spike ฝั่ง panic low และโมเมนตัมเริ่มฟื้น",2,,,,,,,,,,,,,,,,95.0,True,66.0,63.4158435373147,95.0,,0.0,CDCVIX15|BTC-USD|BUY|2026-07-03 21:45,"🟢 CDC+VixFix 15m BUY | BTC-USD
BTC-USD
────────────────
📍 Snapshot: ราคา 62,269.21 (+0.00%)
🧭 1H Trend: UP | STRONG | ActionZone 15m, Price Action 15m
🧪 Edge: Conf 95%
🚦 สถานะ: 🟢 เข้าได้
📝 Decision: แผนยังใกล้จุดเข้าและมี SL/TP พร้อมใช้งาน
🎯 Action: ถ้ายังไม่มีสถานะ สามารถกด BUY/Long ตามแผนได้
⚠️ Note: ถ้ามี Short เดิม ควรปิด Short ก่อนแล้วค่อยเปิด BUY
⏳ Hold Plan: ถือได้ประมาณ 6 ชม. (24 แท่ง 15m) ถ้าไม่ไปตามทางควรลดไม้หรือปิดรอบ
🧠 Context: Forecast BUY 92/100 | Trend ขาขึ้น | R&gt;G 95/100 | flip 3 bars | reclaim
📌 Plan: Entry 62,098.97 | SL 61,167.48 | TP1 63,216.75 | TP2 64,055.09
📏 Risk: Risk 1.60% | RR TP1 1.20R / TP2 2.10R
🧭 Level Source: actual+fallback
🤖 AI: กลาง | p(win) 49% | exp -0.83%
🧠 Entry AI: รอ | Watch | p(entry) 26% | p(avoid) 69%
📘 กติกาใช้งาน: รอ Watch เมื่อ p(entry) ยังไม่ถึง 80% หรือ p(avoid) ยังสูง | รอบนี้ 26% / 69%
────────────────
🕒 เวลา: 2026-07-03 22:07
📈 TradingView"
46354d96d2fa3605,2026-07-03 23:44:43,CDCVIX15,BTC-USD,BUY,15m,64,A,85.0,เข้าได้ตามแผนหลัก แต่ยังต้องเคารพ SL และจังหวะเข้า,,87.67055240623922,105.71725793030161,False,,Trade Plan,,watch,short_trade_watch:AI ยังไม่มั่นใจพอสำหรับ short entry,ยังไม่ชัด,low_conviction,AI ยังไม่มั่นใจพอ ควรรอดูเพิ่ม,0.35561466683353393,-1.5005368501763472,-2.5,scored,ok,รอ,watch,ผ่านเกณฑ์ Watch monitor ใช้เฝ้าดูจังหวะต่อเนื่อง,premium_standard_v4,watch,watch,watch,watch,CDCVIX15,0.1050314614809415,0.1519533473883502,0.7430151911307084,0.6,0.95,0.55,0.9,0.5,0.85,phase4_entry_quality_v4_utf_calibrated,v4_utf_v2,2026-06-18T12:10:15.151463Z,v4_utf_v2,v4_utf_v2,v4_utf_v2,0.0,scored,ok,Watch Only,watch,AI ยังไม่มั่นใจพอสำหรับ short entry,-1.0,True,,,,,,,,,62015.69921875,61085.46373046875,,,None,BUY,88.90184135413075,"CDC ยังหนุนขาขึ้น, เพิ่งมี VixFix spike ฝั่ง panic low และโมเมนตัมเริ่มฟื้น",2,,,,,,,,,,,,,,,,95.0,False,66.0,64.3863576321861,87.67055240623922,,0.0,CDCVIX15|BTC-USD|BUY|2026-07-03 23:15,"🟢 CDC+VixFix 15m BUY | BTC-USD
BTC-USD
────────────────
📍 Snapshot: ราคา 62,012.91 (+0.00%)
🧭 1H Trend: UP | STRONG | ActionZone 15m, Price Action 15m
🧪 Edge: Conf 88%
🚦 สถานะ: 🟢 เข้าได้
📝 Decision: แผนยังใกล้จุดเข้าและมี SL/TP พร้อมใช้งาน
🎯 Action: ถ้ายังไม่มีสถานะ สามารถกด BUY/Long ตามแผนได้
⚠️ Note: ถ้ามี Short เดิม ควรปิด Short ก่อนแล้วค่อยเปิด BUY
⏳ Hold Plan: ถือได้ประมาณ 6 ชม. (24 แท่ง 15m) ถ้าไม่ไปตามทางควรลดไม้หรือปิดรอบ
🧠 Context: Forecast BUY 89/100 | Trend ขาขึ้น | R&gt;G 95/100 | flip 2 bars
📌 Plan: Entry 62,015.70 | SL 61,085.46 | TP1 62,945.93 | TP2 63,690.12
📏 Risk: Risk 1.61% | RR TP1 1.00R / TP2 1.80R
🧭 Level Source: actual+fallback
🤖 AI: ยังไม่ชัด | p(win) 36% | exp -1.50%
🧠 Entry AI: รอ | Watch | p(entry) 11% | p(avoid) 74%
📘 กติกาใช้งาน: รอ Watch เมื่อ p(entry) ยังไม่ถึง 80% หรือ p(avoid) ยังสูง | รอบนี้ 11% / 74%
────────────────
🕒 เวลา: 2026-07-03 23:44
📈 TradingView"
39fd931e898a1c02,2026-07-04 03:59:45,CDCVIX15,ADA-USD,BUY,15m,64,A,87.5,เข้าได้ตามแผนหลัก แต่ยังต้องเคารพ SL และจังหวะเข้า,,95.0,103.04,False,,Trade Plan,,entry,cdc_fresh_signal,กลาง,neutral,AI มองว่ากลาง ๆ ใช้ช่วยดูเพิ่ม แต่ยังไม่ใช่จังหวะเด่น,0.45362618874515137,1.2184689077628712,0.0,scored,ok,รอ,watch,ผ่านเกณฑ์ Watch monitor ใช้เฝ้าดูจังหวะต่อเนื่อง,premium_standard_v4,watch,watch,watch,watch,CDCVIX15,0.19722210700380208,0.07247041993639691,0.730307473059801,0.6,0.95,0.55,0.9,0.5,0.85,phase4_entry_quality_v4_utf_calibrated,v4_utf_v2,2026-06-18T12:10:15.151463Z,v4_utf_v2,v4_utf_v2,v4_utf_v2,0.0,scored,ok,Premium Entry,premium_entry,"เทรนด์ตรง, RR ดี, สัญญาณสด และคุณภาพเข้าเด่น",5.0,True,,,,,,,,,0.1826999932527542,0.1769785668168749,,,Bullish Engulfing,BUY,92.0,"CDC ยังหนุนขาขึ้น, เพิ่งมี VixFix spike ฝั่ง panic low และโมเมนตัมเริ่มฟื้น",0,,,,,,,,,,,,,,,,95.0,True,66.0,63.3355670964879,95.0,,0.0,CDCVIX15|ADA-USD|BUY|2026-07-04 03:59,"🟢 CDC+VixFix 15m BUY | ADA-USD
ADA-USD
────────────────
📍 Snapshot: ราคา 0.182700 (+0.00%)
🧭 1H Trend: UP | STRONG | ActionZone 15m, Price Action 15m
🧪 Edge: Conf 95%
🚦 สถานะ: 🟢 เข้าได้
📝 Decision: แผนยังใกล้จุดเข้าและมี SL/TP พร้อมใช้งาน
🎯 Action: ถ้ายังไม่มีสถานะ สามารถกด BUY/Long ตามแผนได้
⚠️ Note: ถ้ามี Short เดิม ควรปิด Short ก่อนแล้วค่อยเปิด BUY
⏳ Hold Plan: ถือได้ประมาณ 6 ชม. (24 แท่ง 15m) ถ้าไม่ไปตามทางควรลดไม้หรือปิดรอบ
🧠 Context: Forecast BUY 92/100 | Trend ขาขึ้น | R&gt;G 95/100 | flip 60 bars | reclaim
📌 Plan: Entry 0.182700 | SL 0.176979 | TP1 0.188421 | TP2 0.192999
📏 Risk: Risk 3.35% | RR TP1 1.00R / TP2 1.80R
🧭 Level Source: actual+fallback
🤖 AI: กลาง | p(win) 45% | exp +1.22%
🧠 Entry AI: รอ | Watch | p(entry) 20% | p(avoid) 73%
📘 กติกาใช้งาน: รอ Watch เมื่อ p(entry) ยังไม่ถึง 80% หรือ p(avoid) ยังสูง | รอบนี้ 20% / 73%
────────────────
🕒 เวลา: 2026-07-04 03:59
📈 TradingView"
95f731ba6ba14feb,2026-07-04 05:09:18,CDCVIX15,ADA-USD,BUY,15m,64,A,87.5,เข้าได้ตามแผนหลัก แต่ยังต้องเคารพ SL และจังหวะเข้า,,95.0,103.04,False,,Trade Plan,,watch,short_trade_watch:คุณภาพจังหวะเข้าไม่ครบสำหรับ short trade,กลาง,neutral,AI มองว่ากลาง ๆ ใช้ช่วยดูเพิ่ม แต่ยังไม่ใช่จังหวะเด่น,0.4576077852935562,1.1698380065632463,0.0,scored,ok,รอ,watch,ผ่านเกณฑ์ Watch monitor ใช้เฝ้าดูจังหวะต่อเนื่อง,premium_standard_v4,watch,watch,watch,watch,CDCVIX15,0.2615853424088378,0.04288176253959891,0.6955328950515633,0.6,0.95,0.55,0.9,0.5,0.85,phase4_entry_quality_v4_utf_calibrated,v4_utf_v2,2026-06-18T12:10:15.151463Z,v4_utf_v2,v4_utf_v2,v4_utf_v2,0.0,scored,ok,Watch Only,watch,คุณภาพจังหวะเข้าไม่ครบสำหรับ short trade,-1.0,True,,,,,,,,,0.18039999902248383,0.17504285808120454,,,Bullish Engulfing,BUY,66.89383655524455,"CDC ยังหนุนขาขึ้น, เพิ่งมี VixFix spike ฝั่ง panic low และโมเมนตัมเริ่มฟื้น",5,,,,,,,,,,,,,,,,68.3787673110489,False,66.0,63.391541877724194,95.0,,0.0,CDCVIX15|ADA-USD|BUY|2026-07-04 04:00,"🟢 CDC+VixFix 15m BUY | ADA-USD
ADA-USD
────────────────
📍 Snapshot: ราคา 0.179400 (+0.00%)
🧭 1H Trend: UP | STRONG | ActionZone 15m, Price Action 15m
🧪 Edge: Conf 95%
🚦 สถานะ: 🟢 เข้าได้
📝 Decision: แผนยังใกล้จุดเข้าและมี SL/TP พร้อมใช้งาน
🎯 Action: ถ้ายังไม่มีสถานะ สามารถกด BUY/Long ตามแผนได้
⚠️ Note: ถ้ามี Short เดิม ควรปิด Short ก่อนแล้วค่อยเปิด BUY
⏳ Hold Plan: ถือได้ประมาณ 6 ชม. (24 แท่ง 15m) ถ้าไม่ไปตามทางควรลดไม้หรือปิดรอบ
🧠 Context: Forecast BUY 67/100 | Trend ขาขึ้น | R&gt;G 68/100 | flip 65 bars | follow-through
📌 Plan: Entry 0.180400 | SL 0.175043 | TP1 0.185757 | TP2 0.190043
📏 Risk: Risk 3.18% | RR TP1 1.00R / TP2 1.80R
🧭 Level Source: actual+fallback
🤖 AI: กลาง | p(win) 46% | exp +1.17%
🧠 Entry AI: รอ | Watch | p(entry) 26% | p(avoid) 70%
📘 กติกาใช้งาน: รอ Watch เมื่อ p(entry) ยังไม่ถึง 80% หรือ p(avoid) ยังสูง | รอบนี้ 26% / 70%
────────────────
🕒 เวลา: 2026-07-04 05:09
📈 TradingView"
cbc5e6640ffe61b4,2026-07-04 06:18:24,CDCVIX15,ADA-USD,BUY,15m,64,A,87.5,เข้าได้ตามแผนหลัก แต่ยังต้องเคารพ SL และจังหวะเข้า,,95.0,103.04,False,,Trade Plan,,entry,cdc_fresh_signal,กลาง,neutral,AI มองว่ากลาง ๆ ใช้ช่วยดูเพิ่ม แต่ยังไม่ใช่จังหวะเด่น,0.4788541492009157,0.9113009699163225,0.0,scored,ok,รอ,watch,ผ่านเกณฑ์ Watch monitor ใช้เฝ้าดูจังหวะต่อเนื่อง,premium_standard_v4,watch,watch,watch,watch,CDCVIX15,0.3026545784863756,0.04440719169244759,0.6529382298211768,0.6,0.95,0.55,0.9,0.5,0.85,phase4_entry_quality_v4_utf_calibrated,v4_utf_v2,2026-06-18T12:10:15.151463Z,v4_utf_v2,v4_utf_v2,v4_utf_v2,0.0,scored,ok,Premium Entry,premium_entry,"เทรนด์ตรง, RR ดี, สัญญาณสด และคุณภาพเข้าเด่น",5.0,True,,,,,,,,,0.17990000545978546,0.17610715116773332,,,None,BUY,92.0,"CDC ยังหนุนขาขึ้น, เพิ่งมี VixFix spike ฝั่ง panic low และโมเมนตัมเริ่มฟื้น",2,,,,,,,,,,,,,,,,84.0,False,66.0,63.40874613290701,95.0,,0.0,CDCVIX15|ADA-USD|BUY|2026-07-04 06:00,"🟢 CDC+VixFix 15m BUY | ADA-USD
ADA-USD
────────────────
📍 Snapshot: ราคา 0.180300 (+0.00%)
🧭 1H Trend: UP | STRONG | ActionZone 15m, Price Action 15m
🧪 Edge: Conf 95%
🚦 สถานะ: 🟢 เข้าได้
📝 Decision: แผนยังใกล้จุดเข้าและมี SL/TP พร้อมใช้งาน
🎯 Action: ถ้ายังไม่มีสถานะ สามารถกด BUY/Long ตามแผนได้
⚠️ Note: ถ้ามี Short เดิม ควรปิด Short ก่อนแล้วค่อยเปิด BUY
⏳ Hold Plan: ถือได้ประมาณ 6 ชม. (24 แท่ง 15m) ถ้าไม่ไปตามทางควรลดไม้หรือปิดรอบ
🧠 Context: Forecast BUY 92/100 | Trend ขาขึ้น | R&gt;G 84/100 | flip 3 bars
📌 Plan: Entry 0.179900 | SL 0.176107 | TP1 0.183693 | TP2 0.186727
📏 Risk: Risk 2.26% | RR TP1 1.00R / TP2 1.80R
🧭 Level Source: actual+fallback
🤖 AI: กลาง | p(win) 48% | exp +0.91%
🧠 Entry AI: รอ | Watch | p(entry) 30% | p(avoid) 65%
📘 กติกาใช้งาน: รอ Watch เมื่อ p(entry) ยังไม่ถึง 80% หรือ p(avoid) ยังสูง | รอบนี้ 30% / 65%
────────────────
🕒 เวลา: 2026-07-04 06:18
📈 TradingView"
7486dd03938704f2,2026-07-04 11:50:09,CDCVIX15,BNB-USD,BUY,15m,64,A,87.5,เข้าได้ตามแผนหลัก แต่ยังต้องเคารพ SL และจังหวะเข้า,,95.0,113.12,False,,Trade Plan,,entry,cdc_fresh_signal,กลาง,neutral,AI มองว่ากลาง ๆ ใช้ช่วยดูเพิ่ม แต่ยังไม่ใช่จังหวะเด่น,0.5128274391419543,-0.19569270936264405,0.0,scored,ok,รอ,watch,ผ่านเกณฑ์ Watch monitor ใช้เฝ้าดูจังหวะต่อเนื่อง,premium_standard_v4,watch,watch,watch,watch,CDCVIX15,0.3161661293945392,0.07572224276062693,0.608111627844834,0.6,0.95,0.55,0.9,0.5,0.85,phase4_entry_quality_v4_utf_calibrated,v4_utf_v2,2026-06-18T12:10:15.151463Z,v4_utf_v2,v4_utf_v2,v4_utf_v2,0.0,scored,ok,Premium Entry,premium_entry,"เทรนด์ตรง, RR ดี, สัญญาณสด และคุณภาพเข้าเด่น",5.0,True,,,,,,,,,572.1099853515625,563.5283355712891,,,None,BUY,92.0,"CDC ยังหนุนขาขึ้น, เพิ่งมี VixFix spike ฝั่ง panic low และโมเมนตัมเริ่มฟื้น",1,,,,,,,,,,,,,,,,93.0,False,66.0,63.25651239948979,95.0,,0.0,CDCVIX15|BNB-USD|BUY|2026-07-04 11:45,"🟢 CDC+VixFix 15m BUY | BNB-USD
BNB-USD
────────────────
📍 Snapshot: ราคา 572.11 (+0.00%)
🧭 1H Trend: UP | STRONG | ActionZone 15m, Price Action 15m
🧪 Edge: Conf 95%
🚦 สถานะ: 🟢 เข้าได้
📝 Decision: แผนยังใกล้จุดเข้าและมี SL/TP พร้อมใช้งาน
🎯 Action: ถ้ายังไม่มีสถานะ สามารถกด BUY/Long ตามแผนได้
⚠️ Note: ถ้ามี Short เดิม ควรปิด Short ก่อนแล้วค่อยเปิด BUY
⏳ Hold Plan: ถือได้ประมาณ 6 ชม. (24 แท่ง 15m) ถ้าไม่ไปตามทางควรลดไม้หรือปิดรอบ
🧠 Context: Forecast BUY 92/100 | Trend ขาขึ้น | R&gt;G 93/100 | flip 2 bars
📌 Plan: Entry 572.11 | SL 563.53 | TP1 580.69 | TP2 587.56
📏 Risk: Risk 1.60% | RR TP1 1.00R / TP2 1.80R
🧭 Level Source: actual+fallback
🤖 AI: กลาง | p(win) 51% | exp -0.20%
🧠 Entry AI: รอ | Watch | p(entry) 32% | p(avoid) 61%
📘 กติกาใช้งาน: รอ Watch เมื่อ p(entry) ยังไม่ถึง 80% หรือ p(avoid) ยังสูง | รอบนี้ 32% / 61%
────────────────
🕒 เวลา: 2026-07-04 11:50
📈 TradingView"
0b5e77f57cf5f4a6,2026-07-04 13:08:18,DAILY_SUMMARY,,INFO,15m,64,B,80.9,เข้าได้ แต่ควรลดขนาดไม้ลงเล็กน้อยหากราคาเริ่มไล่ห่าง,,67.7710843373494,67.7710843373494,False,,,,,,,,,,,,,,,,,,,,,,,,,,,,,,,,,,,,,,,,,,,,,,,,,,,,,,,,,,,,,,,,,,,,,,,,,,,,,,,,66.0,63.249668550650796,67.7710843373494,1.9145703239936571,332.0,DAILYSUMMARY_EXEC|20260704,"Daily 09:00 Summary
⏱️ เวลา: 2026-07-04 13:08
🧭 ภาพรวม: regime TREND_DOWN | min conf 63.3% | cap/run 2 | daily pick 1
🧪 รอบล่าสุด: 2026-07-04 11:50:09 | raw 1 -> cand 1 -> sent 1
📤 สถานะส่ง: daily pick 0 | daily summary 0
🚫 เหตุที่ยังไม่ส่ง: all weather no actionable subplans 11, candidate profile confidence below min 9, trend radar watch intent filtered 1
📣 กิจกรรมล่าสุด: 7 alerts/1.0d | directional 6 | daily pick 0 | symbols 3 | last 2026-07-04 11:50:09
📊 Flow: intent entry 4, watch 2 | tier watch 6 | strategy CDCVIX15 6, DAILY_SUMMARY 1
🗂️ สัญลักษณ์เด่น: ADA-USD 3, BTC-USD 2, BNB-USD 1 | signal BUY 6, INFO 1
🎯 ผลงานจริง 45d: WR 67.8% | RR 1.91 | PnL 4.68% | settled 332 | alerts/day 9.2
📅 อัปเดตผลงาน: 2026-07-04 11:50:09
📌 ตัวเด่นตอนนี้:
1. TRX-USD | SELL | CDCVIX15 | tier avoid | conf 87% | score 115.0 | WR 86.9%
2. PAXG-USD | SELL | CDCVIX15 | tier avoid | conf 91% | score 110.9 | WR 91.0%
3. SOL-USD | SELL | CDCVIX15 | tier avoid | conf 85% | score 94.2 | WR 84.7%
🤖 ระบบ: ON | phase4_entry_quality_v5_3_clean_rerun_model.joblib | ver v4_utf_v2 | trained 2026-06-18T12:10:15.151463Z | promote CDCVIX15:premium|standard|watch;PA15:watch
🔁 Learning: feedback - ready | train - | calibration - | shadow -"
ff5a2f7864af4882,2026-07-05 00:44:26,CDCVIX15,NEAR-USD,BUY,15m,64,B,82.7,เข้าได้ แต่ควรลดขนาดไม้ลงเล็กน้อยหากราคาเริ่มไล่ห่าง,,85.48165128134109,94.2831191788338,False,,Trade Plan,,watch,short_trade_watch:AI ยังไม่มั่นใจพอสำหรับ short entry,ยังไม่ชัด,low_conviction,AI ยังไม่มั่นใจพอ ควรรอดูเพิ่ม,0.3368393677352952,-0.24593791416410382,-2.5,scored,ok,รอ,watch,ผ่านเกณฑ์ Watch monitor ใช้เฝ้าดูจังหวะต่อเนื่อง,premium_standard_v4,watch,watch,watch,watch,CDCVIX15,0.023944661637754598,0.22148813835469938,0.754567200007546,0.6,0.95,0.55,0.9,0.5,0.85,phase4_entry_quality_v4_utf_calibrated,v4_utf_v2,2026-06-18T12:10:15.151463Z,v4_utf_v2,v4_utf_v2,v4_utf_v2,0.0,scored,ok,Watch Only,watch,AI ยังไม่มั่นใจพอสำหรับ short entry,-1.0,True,,,,,,,,,2.0309998989105225,1.9879286289215088,,,None,BUY,81.60550427113694,"CDC ยังหนุนขาขึ้น, เพิ่งมี VixFix spike ฝั่ง panic low และโมเมนตัมเริ่มฟื้น",2,,,,,,,,,,,,,,,,73.0,True,66.0,63.44279010521349,85.48165128134109,,0.0,CDCVIX15|NEAR-USD|BUY|2026-07-05 00:15,"🟢 CDC+VixFix 15m BUY | NEAR-USD
NEAR-USD
────────────────
📍 Snapshot: ราคา 2.03 (+0.00%)
🧭 1H Trend: UP | STRONG | ActionZone 15m, Price Action 15m
🧪 Edge: Conf 85%
🚦 สถานะ: 🟢 เข้าได้
📝 Decision: แผนยังใกล้จุดเข้าและมี SL/TP พร้อมใช้งาน
🎯 Action: ถ้ายังไม่มีสถานะ สามารถกด BUY/Long ตามแผนได้
⚠️ Note: ถ้ามี Short เดิม ควรปิด Short ก่อนแล้วค่อยเปิด BUY
⏳ Hold Plan: ถือได้ประมาณ 6 ชม. (24 แท่ง 15m) ถ้าไม่ไปตามทางควรลดไม้หรือปิดรอบ
🧠 Context: Forecast BUY 82/100 | Trend ขาขึ้น | R&gt;G 73/100 | flip 14 bars | reclaim
📌 Plan: Entry 2.03 | SL 1.99 | TP1 2.07 | TP2 2.11
📏 Risk: Risk 1.74% | RR TP1 1.00R / TP2 1.80R
🧭 Level Source: actual+fallback
🤖 AI: ยังไม่ชัด | p(win) 34% | exp -0.25%
🧠 Entry AI: รอ | Watch | p(entry) 2% | p(avoid) 75%
📘 กติกาใช้งาน: รอ Watch เมื่อ p(entry) ยังไม่ถึง 80% หรือ p(avoid) ยังสูง | รอบนี้ 2% / 75%
────────────────
🕒 เวลา: 2026-07-05 00:44
📈 TradingView"
d75a425b3b188d4b,2026-07-05 01:42:31,CDCVIX15,ETH-USD,BUY,15m,64,B,82.1,เข้าได้ แต่ควรลดขนาดไม้ลงเล็กน้อยหากราคาเริ่มไล่ห่าง,,84.94580993775372,93.79014514273342,False,,Trade Plan,,watch,short_trade_watch:AI ยังไม่มั่นใจพอสำหรับ short entry,ยังไม่ชัด,low_conviction,AI ยังไม่มั่นใจพอ ควรรอดูเพิ่ม,0.41094773794403383,-0.32863450141973805,-2.5,scored,ok,รอ,watch,ผ่านเกณฑ์ Watch monitor ใช้เฝ้าดูจังหวะต่อเนื่อง,premium_standard_v4,watch,watch,watch,watch,CDCVIX15,0.1259961422978912,0.12808039452918354,0.7459234631729252,0.6,0.95,0.55,0.9,0.5,0.85,phase4_entry_quality_v4_utf_calibrated,v4_utf_v2,2026-06-18T12:10:15.151463Z,v4_utf_v2,v4_utf_v2,v4_utf_v2,0.0,scored,ok,Watch Only,watch,AI ยังไม่มั่นใจพอสำหรับ short entry,-1.0,True,,,,,,,,,1797.800048828125,1770.8330480957031,,,None,BUY,79.8193664591791,"CDC ยังหนุนขาขึ้น, เพิ่งมี VixFix spike ฝั่ง panic low และโมเมนตัมเริ่มฟื้น",4,,,,,,,,,,,,,,,,89.96387329183582,True,66.0,63.489232500405635,84.94580993775372,,0.0,CDCVIX15|ETH-USD|BUY|2026-07-05 00:45,"🟢 CDC+VixFix 15m BUY | ETH-USD
ETH-USD
────────────────
📍 Snapshot: ราคา 1,793.33 (+0.00%)
🧭 1H Trend: UP | STRONG | ActionZone 15m, Price Action 15m
🧪 Edge: Conf 85%
🚦 สถานะ: 🟢 เข้าได้
📝 Decision: แผนยังใกล้จุดเข้าและมี SL/TP พร้อมใช้งาน
🎯 Action: ถ้ายังไม่มีสถานะ สามารถกด BUY/Long ตามแผนได้
⚠️ Note: ถ้ามี Short เดิม ควรปิด Short ก่อนแล้วค่อยเปิด BUY
⏳ Hold Plan: ถือได้ประมาณ 6 ชม. (24 แท่ง 15m) ถ้าไม่ไปตามทางควรลดไม้หรือปิดรอบ
🧠 Context: Forecast BUY 80/100 | Trend ขาขึ้น | R&gt;G 90/100 | flip 6 bars | reclaim
📌 Plan: Entry 1,797.80 | SL 1,770.83 | TP1 1,830.16 | TP2 1,854.43
📏 Risk: Risk 1.60% | RR TP1 1.20R / TP2 2.10R
🧭 Level Source: actual+fallback
🤖 AI: ยังไม่ชัด | p(win) 41% | exp -0.33%
🧠 Entry AI: รอ | Watch | p(entry) 13% | p(avoid) 75%
📘 กติกาใช้งาน: รอ Watch เมื่อ p(entry) ยังไม่ถึง 80% หรือ p(avoid) ยังสูง | รอบนี้ 13% / 75%
────────────────
🕒 เวลา: 2026-07-05 01:42
📈 TradingView"
b1d46a04aa6b1f5e,2026-07-05 02:54:48,CDCVIX15,ETH-USD,BUY,15m,64,A,87.5,เข้าได้ตามแผนหลัก แต่ยังต้องเคารพ SL และจังหวะเข้า,,95.0,103.04,False,,Trade Plan,,entry,cdc_fresh_signal,กลาง,neutral,AI มองว่ากลาง ๆ ใช้ช่วยดูเพิ่ม แต่ยังไม่ใช่จังหวะเด่น,0.572726588840649,0.8949236381713457,0.0,scored,ok,รอ,watch,ผ่านเกณฑ์ Watch monitor ใช้เฝ้าดูจังหวะต่อเนื่อง,premium_standard_v4,watch,watch,watch,watch,CDCVIX15,0.47240057093394067,0.031413712782067296,0.496185716283992,0.6,0.95,0.55,0.9,0.5,0.85,phase4_entry_quality_v4_utf_calibrated,v4_utf_v2,2026-06-18T12:10:15.151463Z,v4_utf_v2,v4_utf_v2,v4_utf_v2,0.0,scored,ok,Premium Entry,premium_entry,"เทรนด์ตรง, RR ดี, สัญญาณสด และคุณภาพเข้าเด่น",5.0,True,,,,,,,,,1792.3199462890625,1765.4351470947265,,,Bullish Pinbar,BUY,92.0,"CDC ยังหนุนขาขึ้น, เพิ่งมี VixFix spike ฝั่ง panic low และโมเมนตัมเริ่มฟื้น",1,,,,,,,,,,,,,,,,95.0,False,66.0,63.403182314578764,95.0,,0.0,CDCVIX15|ETH-USD|BUY|2026-07-05 02:45,"🟢 CDC+VixFix 15m BUY | ETH-USD
ETH-USD
────────────────
📍 Snapshot: ราคา 1,791.40 (+0.00%)
🧭 1H Trend: UP | STRONG | ActionZone 15m, Price Action 15m
🧪 Edge: Conf 95%
🚦 สถานะ: 🟢 เข้าได้
📝 Decision: แผนยังใกล้จุดเข้าและมี SL/TP พร้อมใช้งาน
🎯 Action: ถ้ายังไม่มีสถานะ สามารถกด BUY/Long ตามแผนได้
⚠️ Note: ถ้ามี Short เดิม ควรปิด Short ก่อนแล้วค่อยเปิด BUY
⏳ Hold Plan: ถือได้ประมาณ 6 ชม. (24 แท่ง 15m) ถ้าไม่ไปตามทางควรลดไม้หรือปิดรอบ
🧠 Context: Forecast BUY 92/100 | Trend ขาขึ้น | R&gt;G 95/100 | flip 3 bars
📌 Plan: Entry 1,792.32 | SL 1,765.44 | TP1 1,819.20 | TP2 1,840.71
📏 Risk: Risk 1.61% | RR TP1 1.00R / TP2 1.80R
🧭 Level Source: actual+fallback
🤖 AI: กลาง | p(win) 57% | exp +0.89%
🧠 Entry AI: รอ | Watch | p(entry) 47% | p(avoid) 50%
📘 กติกาใช้งาน: รอ Watch เมื่อ p(entry) ยังไม่ถึง 80% หรือ p(avoid) ยังสูง | รอบนี้ 47% / 50%
────────────────
🕒 เวลา: 2026-07-05 02:54
📈 TradingView"
b13fb1952921e73c,2026-07-05 13:39:20,DAILY_SUMMARY,,INFO,15m,64,B,80.1,เข้าได้ แต่ควรลดขนาดไม้ลงเล็กน้อยหากราคาเริ่มไล่ห่าง,,66.76470588235294,66.76470588235294,False,,,,,,,,,,,,,,,,,,,,,,,,,,,,,,,,,,,,,,,,,,,,,,,,,,,,,,,,,,,,,,,,,,,,,,,,,,,,,,,,66.0,63.22928542030865,66.76470588235294,1.860147334899413,340.0,DAILYSUMMARY_EXEC|20260705,"Daily 09:00 Summary
⏱️ เวลา: 2026-07-05 13:39
🧭 ภาพรวม: regime TREND_DOWN | min conf 63.3% | cap/run 2 | daily pick 1
🧪 รอบล่าสุด: 2026-07-05 10:39:05 | raw 3 -> cand 0 -> sent 0
📤 สถานะส่ง: daily pick 0 | daily summary 0
🚫 เหตุที่ยังไม่ส่ง: all weather no actionable subplans 11, primary stale exit suppressed 4, trend radar watch intent filtered 4
📣 กิจกรรมล่าสุด: 3 alerts/1.0d | directional 3 | daily pick 0 | symbols 2 | last 2026-07-05 02:54:48
📊 Flow: intent watch 2, entry 1 | tier watch 3 | strategy CDCVIX15 3
🗂️ สัญลักษณ์เด่น: ETH-USD 2, NEAR-USD 1 | signal BUY 3
🎯 ผลงานจริง 45d: WR 66.8% | RR 1.86 | PnL 4.55% | settled 340 | alerts/day 9.3
📅 อัปเดตผลงาน: 2026-07-05 10:39:06
📌 ตัวเด่นตอนนี้:
1. NEAR-USD | SELL | CDCVIX15 | tier watch | conf 91% | score 110.9 | WR 91.0%
2. DOGE-USD | SELL | CDCVIX15 | tier avoid | conf 83% | score 92.6 | WR 83.0%
🤖 ระบบ: ON | phase4_entry_quality_v5_3_clean_rerun_model.joblib | ver v4_utf_v2 | trained 2026-06-18T12:10:15.151463Z | promote CDCVIX15:premium|standard|watch;PA15:watch
🔁 Learning: feedback - ready | train - | calibration - | shadow -"
3b5a248e143dd587,2026-07-05 13:56:56,CDCVIX15,NEAR-USD,SELL,15m,64,A,87.5,เข้าได้ตามแผนหลัก แต่ยังต้องเคารพ SL และจังหวะเข้า,,91.0,110.91999999999999,False,,Trade Plan,,watch,ครบอายุ CDC เดิม แต่ตลาดยังลงต่อและราคายังไม่ไกลจากจุดเข้าใหม่,กลาง,neutral,AI มองว่ากลาง ๆ ใช้ช่วยดูเพิ่ม แต่ยังไม่ใช่จังหวะเด่น,0.5990250387479489,2.659216871861669,0.0,scored,ok,รอ,watch,ผ่านเกณฑ์ Watch monitor ใช้เฝ้าดูจังหวะต่อเนื่อง,premium_standard_v4,watch,watch,watch,watch,CDCVIX15,0.27770710943047816,0.20657299033417104,0.5157199002353507,0.6,0.95,0.55,0.9,0.5,0.85,phase4_entry_quality_v4_utf_calibrated,v4_utf_v2,2026-06-18T12:10:15.151463Z,v4_utf_v2,v4_utf_v2,v4_utf_v2,0.0,scored,ok,Watch Only,watch,เป็นแผนเฝ้ารอจังหวะ ไม่ใช่ entry ทันที,-1.0,True,,,,,,,,,2.0290000438690186,1.9792500483989715,,,None,SELL,91.58930318129703,ถือครบ 24 แท่งของแผน CDC แล้ว จึงปิดรอบเพื่อลดการยืดเยื้อ,55,,,,,,,,,,,,,,,,15.0,False,66.0,63.19425265237389,91.0,,0.0,CDCVIX15|NEAR-USD|SELL|2026-07-05 00:15,"🔴 CDC+VixFix 15m SELL | NEAR-USD
NEAR-USD
────────────────
📍 Snapshot: ราคา 1.95 (+0.00%)
🧭 1H Trend: DOWN | STRONG | ActionZone 15m, Price Action 15m
🧪 Edge: Conf 91%
🚦 สถานะ: 🟡 รอ
📝 Decision: ราคาห่างจากจุดเข้า 3.89% แล้ว ไม่ควรไล่ราคา
🎯 Action: โครงสร้างยังลงต่อ สามารถกด SELL/Short ตามแผนได้ถ้ารับความเสี่ยงตาม SL นี้ได้
⚠️ Note: ครบอายุ CDC เดิม แต่ตลาดยังลงต่อและราคายังไม่ไกลจากจุดเข้าใหม่
⏳ Hold Plan: ถือได้ประมาณ 6 ชม. (24 แท่ง 15m) ถ้าไม่ไปตามทางควรลดไม้หรือปิดรอบ
🧠 Context: Forecast SELL 92/100 | Trend ขาลง | R&gt;G 15/100 | flip 67 bars
📌 Plan: Entry 2.03 | SL 1.98 | TP1 1.98 | TP2 1.94
📏 Risk: Risk 1.94% | RR TP1 1.00R / TP2 1.80R
🧭 Level Source: actual+fallback
🤖 AI: กลาง | p(win) 60% | exp +2.66%
🧠 Entry AI: รอ | Watch | p(entry) 28% | p(avoid) 52%
📘 กติกาใช้งาน: รอ Watch เมื่อ p(entry) ยังไม่ถึง 80% หรือ p(avoid) ยังสูง | รอบนี้ 28% / 52%
────────────────
🕒 เวลา: 2026-07-05 13:56
📈 TradingView"
9c24f29067fd6e03,2026-07-05 18:20:13,CDCVIX15,NEAR-USD,SELL,15m,64,A,87.5,เข้าได้ตามแผนหลัก แต่ยังต้องเคารพ SL และจังหวะเข้า,,91.0,119.18,False,,Trade Plan,,watch,ครบอายุ CDC เดิม แต่ตลาดยังลงต่อและราคายังไม่ไกลจากจุดเข้าใหม่,กลาง,neutral,AI มองว่ากลาง ๆ ใช้ช่วยดูเพิ่ม แต่ยังไม่ใช่จังหวะเด่น,0.5320652071724495,2.634054884431313,0.0,scored,ok,รอ,watch,ผ่านเกณฑ์ Watch monitor ใช้เฝ้าดูจังหวะต่อเนื่อง,premium_standard_v4,watch,watch,watch,watch,CDCVIX15,0.24726846221457477,0.23144502416651222,0.5212865136189131,0.6,0.95,0.55,0.9,0.5,0.85,phase4_entry_quality_v4_utf_calibrated,v4_utf_v2,2026-06-18T12:10:15.151463Z,v4_utf_v2,v4_utf_v2,v4_utf_v2,0.0,scored,ok,Watch Only,watch,เป็นแผนเฝ้ารอจังหวะ ไม่ใช่ entry ทันที,-1.0,True,,,,,,,,,2.0309998989105225,1.9670699632167816,,,None,SELL,92.0,ถือครบ 24 แท่งของแผน CDC แล้ว จึงปิดรอบเพื่อลดการยืดเยื้อ,73,,,,,,,,,,,,,,,,15.0,False,66.0,63.18425390717307,91.0,,0.0,CDCVIX15|NEAR-USD|SELL|2026-07-05 00:15,"🔴 CDC+VixFix 15m SELL | NEAR-USD
NEAR-USD
────────────────
📍 Snapshot: ราคา 1.94 (+0.00%)
🧭 1H Trend: DOWN | STRONG | ActionZone 15m, Price Action 15m
🧪 Edge: Conf 91%
🚦 สถานะ: 🟡 รอ
📝 Decision: ราคาห่างจากจุดเข้า 4.58% แล้ว ไม่ควรไล่ราคา
🎯 Action: โครงสร้างยังลงต่อ สามารถกด SELL/Short ตามแผนได้ถ้ารับความเสี่ยงตาม SL นี้ได้
⚠️ Note: ครบอายุ CDC เดิม แต่ตลาดยังลงต่อและราคายังไม่ไกลจากจุดเข้าใหม่
⏳ Hold Plan: ถือได้ประมาณ 6 ชม. (24 แท่ง 15m) ถ้าไม่ไปตามทางควรลดไม้หรือปิดรอบ
🧠 Context: Forecast SELL 92/100 | Trend ขาลง | R&gt;G 15/100 | flip 85 bars
📌 Plan: Entry 2.03 | SL 1.97 | TP1 1.97 | TP2 1.92
📏 Risk: Risk 2.49% | RR TP1 1.00R / TP2 1.80R
🧭 Level Source: actual+fallback
🤖 AI: กลาง | p(win) 53% | exp +2.63%
🧠 Entry AI: รอ | Watch | p(entry) 25% | p(avoid) 52%
📘 กติกาใช้งาน: รอ Watch เมื่อ p(entry) ยังไม่ถึง 80% หรือ p(avoid) ยังสูง | รอบนี้ 25% / 52%
────────────────
🕒 เวลา: 2026-07-05 18:20
📈 TradingView"
107b8a14bfa525df,2026-07-05 19:47:23,CDCVIX15,BNB-USD,BUY,15m,64,A,87.5,เข้าได้ตามแผนหลัก แต่ยังต้องเคารพ SL และจังหวะเข้า,,95.0,103.04,False,,Trade Plan,,entry,cdc_fresh_signal,กลาง,neutral,AI มองว่ากลาง ๆ ใช้ช่วยดูเพิ่ม แต่ยังไม่ใช่จังหวะเด่น,0.5745423750960422,0.0903869767431647,0.0,scored,ok,รอ,watch,ผ่านเกณฑ์ Watch monitor ใช้เฝ้าดูจังหวะต่อเนื่อง,premium_standard_v4,watch,watch,watch,watch,CDCVIX15,0.4747840230221104,0.02985369825174556,0.4953622787261439,0.6,0.95,0.55,0.9,0.5,0.85,phase4_entry_quality_v4_utf_calibrated,v4_utf_v2,2026-06-18T12:10:15.151463Z,v4_utf_v2,v4_utf_v2,v4_utf_v2,0.0,scored,ok,Premium Entry,premium_entry,"เทรนด์ตรง, RR ดี, สัญญาณสด และคุณภาพเข้าเด่น",5.0,True,,,,,,,,,582.8800048828125,574.1368048095703,,,None,BUY,85.17060631109439,"CDC ยังหนุนขาขึ้น, เพิ่งมี VixFix spike ฝั่ง panic low และโมเมนตัมเริ่มฟื้น",2,,,,,,,,,,,,,,,,74.0,True,66.0,63.21588679615272,95.0,,0.0,CDCVIX15|BNB-USD|BUY|2026-07-05 19:30,"🟢 CDC+VixFix 15m BUY | BNB-USD
BNB-USD
────────────────
📍 Snapshot: ราคา 582.33 (+0.00%)
🧭 1H Trend: UP | STRONG | ActionZone 15m, Price Action 15m
🧪 Edge: Conf 95%
🚦 สถานะ: 🟢 เข้าได้
📝 Decision: แผนยังใกล้จุดเข้าและมี SL/TP พร้อมใช้งาน
🎯 Action: ถ้ายังไม่มีสถานะ สามารถกด BUY/Long ตามแผนได้
⚠️ Note: ถ้ามี Short เดิม ควรปิด Short ก่อนแล้วค่อยเปิด BUY
⏳ Hold Plan: ถือได้ประมาณ 6 ชม. (24 แท่ง 15m) ถ้าไม่ไปตามทางควรลดไม้หรือปิดรอบ
🧠 Context: Forecast BUY 85/100 | Trend ขาขึ้น | R&gt;G 74/100 | flip 9 bars | reclaim
📌 Plan: Entry 582.88 | SL 574.14 | TP1 593.37 | TP2 601.24
📏 Risk: Risk 1.60% | RR TP1 1.20R / TP2 2.10R
🧭 Level Source: actual+fallback
🤖 AI: กลาง | p(win) 57% | exp +0.09%
🧠 Entry AI: รอ | Watch | p(entry) 47% | p(avoid) 50%
📘 กติกาใช้งาน: รอ Watch เมื่อ p(entry) ยังไม่ถึง 80% หรือ p(avoid) ยังสูง | รอบนี้ 47% / 50%
────────────────
🕒 เวลา: 2026-07-05 19:47
📈 TradingView"
a6d37951785951e7,2026-07-06 02:43:50,CDCVIX15,BNB-USD,BUY,15m,64,A,87.5,เข้าได้ตามแผนหลัก แต่ยังต้องเคารพ SL และจังหวะเข้า,,95.0,103.04,False,,Trade Plan,,entry,cdc_fresh_signal,กลาง,neutral,AI มองว่ากลาง ๆ ใช้ช่วยดูเพิ่ม แต่ยังไม่ใช่จังหวะเด่น,0.574561039427745,0.09074361293115502,0.0,scored,ok,รอ,watch,ผ่านเกณฑ์ Watch monitor ใช้เฝ้าดูจังหวะต่อเนื่อง,premium_standard_v4,watch,watch,watch,watch,CDCVIX15,0.4747840230221104,0.02985369825174556,0.4953622787261439,0.6,0.95,0.55,0.9,0.5,0.85,phase4_entry_quality_v4_utf_calibrated,v4_utf_v2,2026-06-18T12:10:15.151463Z,v4_utf_v2,v4_utf_v2,v4_utf_v2,0.0,scored,ok,Premium Entry,premium_entry,"เทรนด์ตรง, RR ดี, สัญญาณสด และคุณภาพเข้าเด่น",5.0,True,,,,,,,,,590.1500244140625,581.2977740478516,,,None,BUY,92.0,"CDC ยังหนุนขาขึ้น, เพิ่งมี VixFix spike ฝั่ง panic low และโมเมนตัมเริ่มฟื้น",4,,,,,,,,,,,,,,,,94.0,True,66.0,63.24076593796626,95.0,,0.0,CDCVIX15|BNB-USD|BUY|2026-07-06 01:45,"🟢 CDC+VixFix 15m BUY | BNB-USD
BNB-USD
────────────────
📍 Snapshot: ราคา 589.57 (+0.00%)
🧭 1H Trend: UP | STRONG | ActionZone 15m, Price Action 15m
🧪 Edge: Conf 95%
🚦 สถานะ: 🟢 เข้าได้
📝 Decision: แผนยังใกล้จุดเข้าและมี SL/TP พร้อมใช้งาน
🎯 Action: ถ้ายังไม่มีสถานะ สามารถกด BUY/Long ตามแผนได้
⚠️ Note: ถ้ามี Short เดิม ควรปิด Short ก่อนแล้วค่อยเปิด BUY
⏳ Hold Plan: ถือได้ประมาณ 6 ชม. (24 แท่ง 15m) ถ้าไม่ไปตามทางควรลดไม้หรือปิดรอบ
🧠 Context: Forecast BUY 92/100 | Trend ขาขึ้น | R&gt;G 94/100 | flip 5 bars | reclaim
📌 Plan: Entry 590.15 | SL 581.30 | TP1 600.77 | TP2 608.74
📏 Risk: Risk 1.60% | RR TP1 1.20R / TP2 2.10R
🧭 Level Source: actual+fallback
🤖 AI: กลาง | p(win) 57% | exp +0.09%
🧠 Entry AI: รอ | Watch | p(entry) 47% | p(avoid) 50%
📘 กติกาใช้งาน: รอ Watch เมื่อ p(entry) ยังไม่ถึง 80% หรือ p(avoid) ยังสูง | รอบนี้ 47% / 50%
────────────────
🕒 เวลา: 2026-07-06 02:43
📈 TradingView"
d9fcb7e783cbb70c,2026-07-06 04:40:55,CDCVIX15,LINK-USD,BUY,15m,64,A,87.5,เข้าได้ตามแผนหลัก แต่ยังต้องเคารพ SL และจังหวะเข้า,,95.0,103.04,False,,Trade Plan,,entry,cdc_fresh_signal,กลาง,neutral,AI มองว่ากลาง ๆ ใช้ช่วยดูเพิ่ม แต่ยังไม่ใช่จังหวะเด่น,0.4744625391545965,-0.08677923239240198,0.0,scored,ok,รอ,watch,ผ่านเกณฑ์ Watch monitor ใช้เฝ้าดูจังหวะต่อเนื่อง,premium_standard_v4,watch,watch,watch,watch,CDCVIX15,0.4372131752249085,0.03634525829489599,0.5264415664801956,0.6,0.95,0.55,0.9,0.5,0.85,phase4_entry_quality_v4_utf_calibrated,v4_utf_v2,2026-06-18T12:10:15.151463Z,v4_utf_v2,v4_utf_v2,v4_utf_v2,0.0,scored,ok,Premium Entry,premium_entry,"เทรนด์ตรง, RR ดี, สัญญาณสด และคุณภาพเข้าเด่น",5.0,True,,,,,,,,,8.02299976348877,7.902654767036438,,,Bullish Engulfing,BUY,92.0,"CDC ยังหนุนขาขึ้น, เพิ่งมี VixFix spike ฝั่ง panic low และโมเมนตัมเริ่มฟื้น",1,,,,,,,,,,,,,,,,95.0,False,66.0,63.23264526070051,95.0,,0.0,CDCVIX15|LINK-USD|BUY|2026-07-06 04:30,"🟢 CDC+VixFix 15m BUY | LINK-USD
LINK-USD
────────────────
📍 Snapshot: ราคา 8.02 (+0.00%)
🧭 1H Trend: UP | STRONG | ActionZone 15m, Price Action 15m
🧪 Edge: Conf 95%
🚦 สถานะ: 🟢 เข้าได้
📝 Decision: แผนยังใกล้จุดเข้าและมี SL/TP พร้อมใช้งาน
🎯 Action: ถ้ายังไม่มีสถานะ สามารถกด BUY/Long ตามแผนได้
⚠️ Note: ถ้ามี Short เดิม ควรปิด Short ก่อนแล้วค่อยเปิด BUY
⏳ Hold Plan: ถือได้ประมาณ 6 ชม. (24 แท่ง 15m) ถ้าไม่ไปตามทางควรลดไม้หรือปิดรอบ
🧠 Context: Forecast BUY 92/100 | Trend ขาขึ้น | R&gt;G 95/100 | flip 2 bars | follow-through
📌 Plan: Entry 8.02 | SL 7.90 | TP1 8.14 | TP2 8.24
📏 Risk: Risk 1.23% | RR TP1 1.00R / TP2 1.80R
🧭 Level Source: actual+fallback
🤖 AI: กลาง | p(win) 47% | exp -0.09%
🧠 Entry AI: รอ | Watch | p(entry) 44% | p(avoid) 53%
📘 กติกาใช้งาน: รอ Watch เมื่อ p(entry) ยังไม่ถึง 80% หรือ p(avoid) ยังสูง | รอบนี้ 44% / 53%
────────────────
🕒 เวลา: 2026-07-06 04:40
📈 TradingView"
86070a1bc19416a0,2026-07-06 04:40:57,CDCVIX15,ETH-USD,BUY,15m,64,A,87.5,เข้าได้ตามแผนหลัก แต่ยังต้องเคารพ SL และจังหวะเข้า,,95.0,103.04,False,,Trade Plan,,entry,cdc_fresh_signal,กลาง,neutral,AI มองว่ากลาง ๆ ใช้ช่วยดูเพิ่ม แต่ยังไม่ใช่จังหวะเด่น,0.5726945092426157,0.8943113435647946,0.0,scored,ok,รอ,watch,ผ่านเกณฑ์ Watch monitor ใช้เฝ้าดูจังหวะต่อเนื่อง,premium_standard_v4,watch,watch,watch,watch,CDCVIX15,0.47240057093394067,0.031413712782067296,0.496185716283992,0.6,0.95,0.55,0.9,0.5,0.85,phase4_entry_quality_v4_utf_calibrated,v4_utf_v2,2026-06-18T12:10:15.151463Z,v4_utf_v2,v4_utf_v2,v4_utf_v2,0.0,scored,ok,Premium Entry,premium_entry,"เทรนด์ตรง, RR ดี, สัญญาณสด และคุณภาพเข้าเด่น",5.0,True,,,,,,,,,1779.0799560546875,1752.393756713867,,,Bullish Engulfing,BUY,92.0,"CDC ยังหนุนขาขึ้น, เพิ่งมี VixFix spike ฝั่ง panic low และโมเมนตัมเริ่มฟื้น",2,,,,,,,,,,,,,,,,95.0,False,66.0,63.23264526070051,95.0,,0.0,CDCVIX15|ETH-USD|BUY|2026-07-06 04:15,"🟢 CDC+VixFix 15m BUY | ETH-USD
ETH-USD
────────────────
📍 Snapshot: ราคา 1,778.97 (+0.00%)
🧭 1H Trend: UP | STRONG | ActionZone 15m, Price Action 15m
🧪 Edge: Conf 95%
🚦 สถานะ: 🟢 เข้าได้
📝 Decision: แผนยังใกล้จุดเข้าและมี SL/TP พร้อมใช้งาน
🎯 Action: ถ้ายังไม่มีสถานะ สามารถกด BUY/Long ตามแผนได้
⚠️ Note: ถ้ามี Short เดิม ควรปิด Short ก่อนแล้วค่อยเปิด BUY
⏳ Hold Plan: ถือได้ประมาณ 6 ชม. (24 แท่ง 15m) ถ้าไม่ไปตามทางควรลดไม้หรือปิดรอบ
🧠 Context: Forecast BUY 92/100 | Trend ขาขึ้น | R&gt;G 95/100 | flip 2 bars
📌 Plan: Entry 1,779.08 | SL 1,752.39 | TP1 1,805.77 | TP2 1,827.12
📏 Risk: Risk 1.61% | RR TP1 1.00R / TP2 1.80R
🧭 Level Source: actual+fallback
🤖 AI: กลาง | p(win) 57% | exp +0.89%
🧠 Entry AI: รอ | Watch | p(entry) 47% | p(avoid) 50%
📘 กติกาใช้งาน: รอ Watch เมื่อ p(entry) ยังไม่ถึง 80% หรือ p(avoid) ยังสูง | รอบนี้ 47% / 50%
────────────────
🕒 เวลา: 2026-07-06 04:40
📈 TradingView"
1c66894089739c86,2026-07-06 05:39:38,CDCVIX15,LINK-USD,BUY,15m,64,A,87.5,เข้าได้ตามแผนหลัก แต่ยังต้องเคารพ SL และจังหวะเข้า,,95.0,103.04,False,,Trade Plan,,watch,short_trade_watch:คุณภาพจังหวะเข้าไม่ครบสำหรับ short trade,กลาง,neutral,AI มองว่ากลาง ๆ ใช้ช่วยดูเพิ่ม แต่ยังไม่ใช่จังหวะเด่น,0.474462746898661,-0.08677534093861222,0.0,scored,ok,รอ,watch,ผ่านเกณฑ์ Watch monitor ใช้เฝ้าดูจังหวะต่อเนื่อง,premium_standard_v4,watch,watch,watch,watch,CDCVIX15,0.46325202060248,0.04284222341607703,0.493905755981443,0.6,0.95,0.55,0.9,0.5,0.85,phase4_entry_quality_v4_utf_calibrated,v4_utf_v2,2026-06-18T12:10:15.151463Z,v4_utf_v2,v4_utf_v2,v4_utf_v2,0.0,scored,ok,Watch Only,watch,คุณภาพจังหวะเข้าไม่ครบสำหรับ short trade,-1.0,True,,,,,,,,,8.024999618530273,7.904624624252319,,,Bullish Engulfing,BUY,92.0,"CDC ยังหนุนขาขึ้น, เพิ่งมี VixFix spike ฝั่ง panic low และโมเมนตัมเริ่มฟื้น",5,,,,,,,,,,,,,,,,95.0,True,66.0,63.34798722754227,95.0,,0.0,CDCVIX15|LINK-USD|BUY|2026-07-06 04:30,"🟢 CDC+VixFix 15m BUY | LINK-USD
LINK-USD
────────────────
📍 Snapshot: ราคา 8.10 (+0.00%)
🧭 1H Trend: UP | STRONG | ActionZone 15m, Price Action 15m
🧪 Edge: Conf 95%
🚦 สถานะ: 🟢 เข้าได้
📝 Decision: แผนยังใกล้จุดเข้าและมี SL/TP พร้อมใช้งาน
🎯 Action: ถ้ายังไม่มีสถานะ สามารถกด BUY/Long ตามแผนได้
⚠️ Note: ถ้ามี Short เดิม ควรปิด Short ก่อนแล้วค่อยเปิด BUY
⏳ Hold Plan: ถือได้ประมาณ 6 ชม. (24 แท่ง 15m) ถ้าไม่ไปตามทางควรลดไม้หรือปิดรอบ
🧠 Context: Forecast BUY 92/100 | Trend ขาขึ้น | R&gt;G 95/100 | flip 6 bars | reclaim
📌 Plan: Entry 8.02 | SL 7.90 | TP1 8.15 | TP2 8.24
📏 Risk: Risk 1.23% | RR TP1 1.00R / TP2 1.80R
🧭 Level Source: actual+fallback
🤖 AI: กลาง | p(win) 47% | exp -0.09%
🧠 Entry AI: รอ | Watch | p(entry) 46% | p(avoid) 49%
📘 กติกาใช้งาน: รอ Watch เมื่อ p(entry) ยังไม่ถึง 80% หรือ p(avoid) ยังสูง | รอบนี้ 46% / 49%
────────────────
🕒 เวลา: 2026-07-06 05:39
📈 TradingView"
d50bf6af50720c7f,2026-07-06 08:25:27,CDCVIX15,PAXG-USD,BUY,15m,64,A,87.5,เข้าได้ตามแผนหลัก แต่ยังต้องเคารพ SL และจังหวะเข้า,,95.0,103.04,False,,Trade Plan,,entry,cdc_fresh_signal,ยืนยันเพิ่ม,confirmed,AI เห็นด้วยกับสัญญาณนี้ ใช้เพิ่มความมั่นใจได้,0.7978247329971215,0.5947560153991673,6.0,scored,ok,รอ,watch,ผ่านเกณฑ์ Watch monitor ใช้เฝ้าดูจังหวะต่อเนื่อง,premium_standard_v4,watch,watch,watch,watch,CDCVIX15,0.3704384196468924,0.045965992379667524,0.58359558797344,0.6,0.95,0.55,0.9,0.5,0.85,phase4_entry_quality_v4_utf_calibrated,v4_utf_v2,2026-06-18T12:10:15.151463Z,v4_utf_v2,v4_utf_v2,v4_utf_v2,0.0,scored,ok,Premium Entry,premium_entry,"เทรนด์ตรง, RR ดี, สัญญาณสด และคุณภาพเข้าเด่น",5.0,True,,,,,,,,,4176.89990234375,4114.246403808594,,,None,BUY,86.61225223751929,"CDC ยังหนุนขาขึ้น, เพิ่งมี VixFix spike ฝั่ง panic low และโมเมนตัมเริ่มฟื้น",4,15,2026-07-06 07:30:00,2026-07-06 08:25:25,2026-07-06 08:25:27,3325.0,2.59851,3327.59851,55.416666666666664,55.459975166666666,รอ,ยังเป็น watch setup,ผ่านเกณฑ์ Watch monitor ใช้เฝ้าดูจังหวะต่อเนื่อง,3.0,1.3,4258.349450439453,83.0,False,66.0,63.60546501924531,95.0,,0.0,CDCVIX15|PAXG-USD|BUY|2026-07-06 07:30,"🟢 CDC+VixFix 15m BUY | PAXG-USD
PAXG-USD
────────────────
📍 Snapshot: ราคา 4,174.52 (+0.00%)
🧭 1H Trend: UP | STRONG | ActionZone 15m, Price Action 15m
🧪 Edge: Conf 95%
🚦 สถานะ: 🟢 เข้าได้
📝 Decision: แผนยังใกล้จุดเข้าและมี SL/TP พร้อมใช้งาน
🎯 Action: ถ้ายังไม่มีสถานะ สามารถกด BUY/Long ตามแผนได้
⚠️ Note: ถ้ามี Short เดิม ควรปิด Short ก่อนแล้วค่อยเปิด BUY
⏳ Hold Plan: ถือได้ประมาณ 6 ชม. (24 แท่ง 15m) ถ้าไม่ไปตามทางควรลดไม้หรือปิดรอบ
🧠 Context: Forecast BUY 87/100 | Trend ขาขึ้น | R&gt;G 83/100 | flip 2 bars
📌 Plan: Entry 4,176.90 | SL 4,114.25 | TP1 4,239.55 | TP2 4,289.68
📏 Risk: Risk 1.61% | RR TP1 1.00R / TP2 1.80R
🧭 Level Source: actual+fallback
🤖 AI: ยืนยันเพิ่ม | p(win) 80% | exp +0.59%
🧠 Entry AI: รอ | Watch | p(entry) 37% | p(avoid) 58%
📘 กติกาใช้งาน: รอ Watch เมื่อ p(entry) ยังไม่ถึง 80% หรือ p(avoid) ยังสูง | รอบนี้ 37% / 58%
🧭 หมวดเหตุผล: รอ ยังเป็น watch setup
📝 เหตุผลใช้งาน: ผ่านเกณฑ์ Watch monitor ใช้เฝ้าดูจังหวะต่อเนื่อง
🎯 Entry Window: Entry 4,176.899902 | ใกล้ entry ไม่เกิน 3.00% | หรือ 1.30R
🏃 Max Chase: BUY ไม่ควรไล่สูงกว่า 4,258.34945
⏱️ อายุสัญญาณ: 4 แท่ง 15m | ~60 นาที | 2026-07-06 07:30:00
────────────────
🕒 เวลา: 2026-07-06 08:25
📈 TradingView"
27ae0fb8c9626f23,2026-07-06 08:25:28,CDCVIX15,NEAR-USD,BUY,15m,64,A,87.5,เข้าได้ตามแผนหลัก แต่ยังต้องเคารพ SL และจังหวะเข้า,,95.0,103.04,False,,Trade Plan,,entry,cdc_fresh_signal,กลาง,neutral,AI มองว่ากลาง ๆ ใช้ช่วยดูเพิ่ม แต่ยังไม่ใช่จังหวะเด่น,0.490695814691077,0.9406559747492925,0.0,scored,ok,รอ,watch,ผ่านเกณฑ์ Watch monitor ใช้เฝ้าดูจังหวะต่อเนื่อง,premium_standard_v4,watch,watch,watch,watch,CDCVIX15,0.4661779064591843,0.03202222943176134,0.5017998641090544,0.6,0.95,0.55,0.9,0.5,0.85,phase4_entry_quality_v4_utf_calibrated,v4_utf_v2,2026-06-18T12:10:15.151463Z,v4_utf_v2,v4_utf_v2,v4_utf_v2,0.0,scored,ok,Premium Entry,premium_entry,"เทรนด์ตรง, RR ดี, สัญญาณสด และคุณภาพเข้าเด่น",5.0,True,,,,,,,,,2.0329999923706055,1.9890713095664978,,,Bullish Pinbar,BUY,92.0,"CDC ยังหนุนขาขึ้น, เพิ่งมี VixFix spike ฝั่ง panic low และโมเมนตัมเริ่มฟื้น",2,15,2026-07-06 08:00:00,2026-07-06 08:25:25,2026-07-06 08:25:28,1525.0,3.145175,1528.145175,25.416666666666668,25.46908625,รอ,ยังเป็น watch setup,ผ่านเกณฑ์ Watch monitor ใช้เฝ้าดูจังหวะต่อเนื่อง,3.0,1.3,2.0901072800159453,95.0,True,66.0,63.60546501924531,95.0,,0.0,CDCVIX15|NEAR-USD|BUY|2026-07-06 08:00,"🟢 CDC+VixFix 15m BUY | NEAR-USD
NEAR-USD
────────────────
📍 Snapshot: ราคา 2.02 (+0.00%)
🧭 1H Trend: UP | STRONG | ActionZone 15m, Price Action 15m
🧪 Edge: Conf 95%
🚦 สถานะ: 🟢 เข้าได้
📝 Decision: แผนยังใกล้จุดเข้าและมี SL/TP พร้อมใช้งาน
🎯 Action: ถ้ายังไม่มีสถานะ สามารถกด BUY/Long ตามแผนได้
⚠️ Note: ถ้ามี Short เดิม ควรปิด Short ก่อนแล้วค่อยเปิด BUY
⏳ Hold Plan: ถือได้ประมาณ 6 ชม. (24 แท่ง 15m) ถ้าไม่ไปตามทางควรลดไม้หรือปิดรอบ
🧠 Context: Forecast BUY 92/100 | Trend ขาขึ้น | R&gt;G 95/100 | flip 3 bars | reclaim
📌 Plan: Entry 2.03 | SL 1.99 | TP1 2.08 | TP2 2.11
📏 Risk: Risk 1.77% | RR TP1 1.00R / TP2 1.80R
🧭 Level Source: actual+fallback
🤖 AI: กลาง | p(win) 49% | exp +0.94%
🧠 Entry AI: รอ | Watch | p(entry) 47% | p(avoid) 50%
📘 กติกาใช้งาน: รอ Watch เมื่อ p(entry) ยังไม่ถึง 80% หรือ p(avoid) ยังสูง | รอบนี้ 47% / 50%
🧭 หมวดเหตุผล: รอ ยังเป็น watch setup
📝 เหตุผลใช้งาน: ผ่านเกณฑ์ Watch monitor ใช้เฝ้าดูจังหวะต่อเนื่อง
🎯 Entry Window: Entry 2.033 | ใกล้ entry ไม่เกิน 3.00% | หรือ 1.30R
🏃 Max Chase: BUY ไม่ควรไล่สูงกว่า 2.090107
⏱️ อายุสัญญาณ: 2 แท่ง 15m | ~30 นาที | 2026-07-06 08:00:00
────────────────
🕒 เวลา: 2026-07-06 08:25
📈 TradingView"
62046b364a67ff6e,2026-07-06 14:04:41,DAILY_SUMMARY,,INFO,15m,64,B,78.5,เข้าได้ แต่ควรลดขนาดไม้ลงเล็กน้อยหากราคาเริ่มไล่ห่าง,,65.70605187319885,65.70605187319885,False,,,,,,,,,,,,,,,,,,,,,,,,,,,,,,,,,,,,,,,,,,,,,,,,,,,,,,,,,,,,,,,,,,2026-07-06 14:04:41,,,,,,,,,,,,,,66.0,63.342803714185855,65.70605187319885,1.8169645376804002,347.0,DAILYSUMMARY_EXEC|20260706,"Daily 09:00 Summary
⏱️ เวลา: 2026-07-06 14:04
🧭 ภาพรวม: regime TREND_DOWN | min conf 63.4% | cap/run 2 | daily pick 1
🧪 รอบล่าสุด: 2026-07-06 12:52:14 | raw 0 -> cand 0 -> sent 0
📤 สถานะส่ง: daily pick 0 | daily summary 0
🚫 เหตุที่ยังไม่ส่ง: all weather no actionable subplans 11, candidate profile confidence below min 6, trend radar watch intent filtered 3
📣 กิจกรรมล่าสุด: 8 alerts/1.0d | directional 8 | daily pick 0 | symbols 5 | last 2026-07-06 08:25:28
📊 Flow: intent entry 6, watch 2 | tier watch 8 | strategy CDCVIX15 8
🗂️ สัญลักษณ์เด่น: BNB-USD 2, LINK-USD 2, NEAR-USD 2 | signal BUY 7, SELL 1
🎯 ผลงานจริง 45d: WR 65.7% | RR 1.82 | PnL 4.46% | settled 347 | alerts/day 9.5
📅 อัปเดตผลงาน: 2026-07-06 12:52:14
📌 ตัวเด่นตอนนี้:
1. ADA-USD | SELL | CDCVIX15 | tier avoid | conf 83% | score 92.6 | WR 83.0%
2. SOL-USD | SELL | CDCVIX15 | tier avoid | conf 83% | score 92.6 | WR 83.0%
🤖 ระบบ: ON | phase4_entry_quality_v5_3_clean_rerun_model.joblib | ver v4_utf_v2 | trained 2026-06-18T12:10:15.151463Z | promote CDCVIX15:premium|standard|watch;PA15:watch
🔁 Learning: feedback - ready | train - | calibration - | shadow -"
3898c81fefde9fd2,2026-07-06 21:03:07,CDCVIX15,BNB-USD,SELL,15m,64,A,87.3,เข้าได้ตามแผนหลัก แต่ยังต้องเคารพ SL และจังหวะเข้า,,89.79790279899608,109.7900286310563,False,,Trade Plan,,watch,ครบอายุ CDC เดิม แต่ตลาดยังลงต่อและราคายังไม่ไกลจากจุดเข้าใหม่,ยืนยันเพิ่ม,confirmed,AI เห็นด้วยกับสัญญาณนี้ ใช้เพิ่มความมั่นใจได้,0.6643107519198337,1.7402856690745716,6.0,scored,ok,รอ,watch,ผ่านเกณฑ์ Watch monitor ใช้เฝ้าดูจังหวะต่อเนื่อง,premium_standard_v4,watch,watch,watch,watch,CDCVIX15,0.3382967485213908,0.16347294967232853,0.4982303018062806,0.6,0.95,0.55,0.9,0.5,0.85,phase4_entry_quality_v4_utf_calibrated,v4_utf_v2,2026-06-18T12:10:15.151463Z,v4_utf_v2,v4_utf_v2,v4_utf_v2,0.0,scored,ok,Watch Only,watch,เป็นแผนเฝ้ารอจังหวะ ไม่ใช่ entry ทันที,-1.0,True,,,,,,,,,591.6699829101562,581.3514099121094,,,None,SELL,85.9930093299869,ถือครบ 24 แท่งของแผน CDC แล้ว จึงปิดรอบเพื่อลดการยืดเยื้อ,53,15,2026-07-06 08:00:00,2026-07-06 21:03:05,2026-07-06 21:03:07,46985.0,2.292343,46987.292343,783.0833333333334,783.12153905,รอ,ราคาหนีจุดเข้า,ราคาห่าง entry 3.20% แล้ว จึงไม่ควรไล่ราคา,3.0,1.3,578.2558380126953,6.0,False,66.0,63.546412774932215,89.79790279899608,,0.0,CDCVIX15|BNB-USD|SELL|2026-07-06 08:00,"🔴 CDC+VixFix 15m SELL | BNB-USD
BNB-USD
────────────────
📍 Snapshot: ราคา 572.76 (+0.00%)
🧭 1H Trend: DOWN | STRONG | ActionZone 15m, Price Action 15m
🧪 Edge: Conf 90%
🚦 สถานะ: 🟡 รอ
📝 Decision: ราคาห่างจากจุดเข้า 3.20% แล้ว ไม่ควรไล่ราคา
🎯 Action: โครงสร้างยังลงต่อ สามารถกด SELL/Short ตามแผนได้ถ้ารับความเสี่ยงตาม SL นี้ได้
⚠️ Note: ครบอายุ CDC เดิม แต่ตลาดยังลงต่อและราคายังไม่ไกลจากจุดเข้าใหม่
⏳ Hold Plan: ถือได้ประมาณ 6 ชม. (24 แท่ง 15m) ถ้าไม่ไปตามทางควรลดไม้หรือปิดรอบ
🧠 Context: Forecast SELL 86/100 | Trend ขาลง | R&gt;G 6/100 | flip 51 bars
📌 Plan: Entry 591.67 | SL 581.35 | TP1 581.35 | TP2 573.10
📏 Risk: Risk 1.59% | RR TP1 1.00R / TP2 1.80R
🧭 Level Source: actual+fallback
🤖 AI: ยืนยันเพิ่ม | p(win) 66% | exp +1.74%
🧠 Entry AI: รอ | Watch | p(entry) 34% | p(avoid) 50%
📘 กติกาใช้งาน: รอ Watch เมื่อ p(entry) ยังไม่ถึง 80% หรือ p(avoid) ยังสูง | รอบนี้ 34% / 50%
🧭 หมวดเหตุผล: รอ ราคาหนีจุดเข้า
📝 เหตุผลใช้งาน: ราคาห่าง entry 3.20% แล้ว จึงไม่ควรไล่ราคา
🎯 Entry Window: Entry 591.669983 | ใกล้ entry ไม่เกิน 3.00% | หรือ 1.30R
🏃 Max Chase: SELL ไม่ควรไล่ต่ำกว่า 578.255838
⏱️ อายุสัญญาณ: 53 แท่ง 15m | ~795 นาที | 2026-07-06 08:00:00
────────────────
🕒 เวลา: 2026-07-06 21:03
📈 TradingView"
2b24cd478fd3d26d,2026-07-06 21:03:07,CDCVIX15,LINK-USD,SELL,15m,64,A,87.2,เข้าได้ตามแผนหลัก แต่ยังต้องเคารพ SL และจังหวะเข้า,,89.75394843498236,109.74871152888342,False,,Trade Plan,,watch,ครบอายุ CDC เดิม แต่ตลาดยังลงต่อและราคายังไม่ไกลจากจุดเข้าใหม่,กลาง,neutral,AI มองว่ากลาง ๆ ใช้ช่วยดูเพิ่ม แต่ยังไม่ใช่จังหวะเด่น,0.5615465801605405,1.6592570860405862,0.0,scored,ok,รอ,watch,ผ่านเกณฑ์ Watch monitor ใช้เฝ้าดูจังหวะต่อเนื่อง,premium_standard_v4,watch,watch,watch,watch,CDCVIX15,0.2161192461255463,0.25987105815982503,0.5240096957146287,0.6,0.95,0.55,0.9,0.5,0.85,phase4_entry_quality_v4_utf_calibrated,v4_utf_v2,2026-06-18T12:10:15.151463Z,v4_utf_v2,v4_utf_v2,v4_utf_v2,0.0,scored,ok,Watch Only,watch,เป็นแผนเฝ้ารอจังหวะ ไม่ใช่ entry ทันที,-1.0,True,,,,,,,,,8.112000465393066,7.942928620747158,,,None,SELL,85.84649478327452,ถือครบ 24 แท่งของแผน CDC แล้ว จึงปิดรอบเพื่อลดการยืดเยื้อ,53,15,2026-07-06 08:00:00,2026-07-06 21:03:05,2026-07-06 21:03:07,46985.0,2.849739,46987.849739,783.0833333333334,783.1308289833333,รอ,ราคาหนีจุดเข้า,ราคาห่าง entry 3.59% แล้ว จึงไม่ควรไล่ราคา,3.0,1.3,7.892207067353385,56.0,False,66.0,63.546412774932215,89.75394843498236,,0.0,CDCVIX15|LINK-USD|SELL|2026-07-06 08:00,"🔴 CDC+VixFix 15m SELL | LINK-USD
LINK-USD
────────────────
📍 Snapshot: ราคา 7.82 (+0.00%)
🧭 1H Trend: DOWN | STRONG | ActionZone 15m, Price Action 15m
🧪 Edge: Conf 90%
🚦 สถานะ: 🟡 รอ
📝 Decision: ราคาห่างจากจุดเข้า 3.59% แล้ว ไม่ควรไล่ราคา
🎯 Action: โครงสร้างยังลงต่อ สามารถกด SELL/Short ตามแผนได้ถ้ารับความเสี่ยงตาม SL นี้ได้
⚠️ Note: ครบอายุ CDC เดิม แต่ตลาดยังลงต่อและราคายังไม่ไกลจากจุดเข้าใหม่
⏳ Hold Plan: ถือได้ประมาณ 6 ชม. (24 แท่ง 15m) ถ้าไม่ไปตามทางควรลดไม้หรือปิดรอบ
🧠 Context: Forecast SELL 86/100 | Trend ขาลง | R&gt;G 56/100 | flip 55 bars
📌 Plan: Entry 8.11 | SL 7.94 | TP1 7.94 | TP2 7.81
📏 Risk: Risk 1.90% | RR TP1 1.00R / TP2 1.80R
🧭 Level Source: actual+fallback
🤖 AI: กลาง | p(win) 56% | exp +1.66%
🧠 Entry AI: รอ | Watch | p(entry) 22% | p(avoid) 52%
📘 กติกาใช้งาน: รอ Watch เมื่อ p(entry) ยังไม่ถึง 80% หรือ p(avoid) ยังสูง | รอบนี้ 22% / 52%
🧭 หมวดเหตุผล: รอ ราคาหนีจุดเข้า
📝 เหตุผลใช้งาน: ราคาห่าง entry 3.59% แล้ว จึงไม่ควรไล่ราคา
🎯 Entry Window: Entry 8.112 | ใกล้ entry ไม่เกิน 3.00% | หรือ 1.30R
🏃 Max Chase: SELL ไม่ควรไล่ต่ำกว่า 7.892207
⏱️ อายุสัญญาณ: 53 แท่ง 15m | ~795 นาที | 2026-07-06 08:00:00
────────────────
🕒 เวลา: 2026-07-06 21:03
📈 TradingView"
c45e93c146e05030,2026-07-07 05:20:28,CDCVIX15,BTC-USD,BUY,15m,64,A,87.5,เข้าได้ตามแผนหลัก แต่ยังต้องเคารพ SL และจังหวะเข้า,,95.0,103.04,False,,Trade Plan,,watch,short_trade_watch:คุณภาพจังหวะเข้าไม่ครบสำหรับ short trade,กลาง,neutral,AI มองว่ากลาง ๆ ใช้ช่วยดูเพิ่ม แต่ยังไม่ใช่จังหวะเด่น,0.4979262494117665,-0.7249884922578465,0.0,scored,ok,รอ,watch,ผ่านเกณฑ์ Watch monitor ใช้เฝ้าดูจังหวะต่อเนื่อง,premium_standard_v4,watch,watch,watch,watch,CDCVIX15,0.34555569648340106,0.06863132295530205,0.5858129805612969,0.6,0.95,0.55,0.9,0.5,0.85,phase4_entry_quality_v4_utf_calibrated,v4_utf_v2,2026-06-18T12:10:15.151463Z,v4_utf_v2,v4_utf_v2,v4_utf_v2,0.0,scored,ok,Watch Only,watch,คุณภาพจังหวะเข้าไม่ครบสำหรับ short trade,-1.0,True,,,,,,,,,64175.6484375,63213.0137109375,,,None,BUY,85.21797389402867,"CDC ยังหนุนขาขึ้น, เพิ่งมี VixFix spike ฝั่ง panic low และโมเมนตัมเริ่มฟื้น",5,15,2026-07-07 04:15:00,2026-07-07 05:20:26,2026-07-07 05:20:28,3926.0,2.005943,3928.005943,65.43333333333334,65.46676571666667,รอ,ยังเป็น watch setup,ผ่านเกณฑ์ Watch monitor ใช้เฝ้าดูจังหวะต่อเนื่อง,3.0,1.3,65427.073582031255,74.0,True,66.0,63.455105032720724,95.0,,0.0,CDCVIX15|BTC-USD|BUY|2026-07-07 04:15,"🟢 CDC+VixFix 15m BUY | BTC-USD
BTC-USD
────────────────
📍 Snapshot: ราคา 64,310.01 (+0.00%)
🧭 1H Trend: UP | STRONG | ActionZone 15m, Price Action 15m
🧪 Edge: Conf 95%
🚦 สถานะ: 🟢 เข้าได้
📝 Decision: แผนยังใกล้จุดเข้าและมี SL/TP พร้อมใช้งาน
🎯 Action: ถ้ายังไม่มีสถานะ สามารถกด BUY/Long ตามแผนได้
⚠️ Note: ถ้ามี Short เดิม ควรปิด Short ก่อนแล้วค่อยเปิด BUY
⏳ Hold Plan: ถือได้ประมาณ 6 ชม. (24 แท่ง 15m) ถ้าไม่ไปตามทางควรลดไม้หรือปิดรอบ
🧠 Context: Forecast BUY 85/100 | Trend ขาขึ้น | R&gt;G 74/100 | flip 9 bars | reclaim
📌 Plan: Entry 64,175.65 | SL 63,213.01 | TP1 65,138.28 | TP2 65,908.39
📏 Risk: Risk 1.61% | RR TP1 1.00R / TP2 1.80R
🧭 Level Source: actual+fallback
🤖 AI: กลาง | p(win) 50% | exp -0.72%
🧠 Entry AI: รอ | Watch | p(entry) 35% | p(avoid) 59%
📘 กติกาใช้งาน: รอ Watch เมื่อ p(entry) ยังไม่ถึง 80% หรือ p(avoid) ยังสูง | รอบนี้ 35% / 59%
🧭 หมวดเหตุผล: รอ ยังเป็น watch setup
📝 เหตุผลใช้งาน: ผ่านเกณฑ์ Watch monitor ใช้เฝ้าดูจังหวะต่อเนื่อง
🎯 Entry Window: Entry 64,175.648438 | ใกล้ entry ไม่เกิน 3.00% | หรือ 1.30R
🏃 Max Chase: BUY ไม่ควรไล่สูงกว่า 65,427.073582
⏱️ อายุสัญญาณ: 5 แท่ง 15m | ~75 นาที | 2026-07-07 04:15:00
────────────────
🕒 เวลา: 2026-07-07 05:20
📈 TradingView"
c7e4d83e45c91047,2026-07-07 13:31:05,DAILY_SUMMARY,,INFO,15m,64,B,76.5,เข้าได้ แต่ควรลดขนาดไม้ลงเล็กน้อยหากราคาเริ่มไล่ห่าง,,65.05681818181817,65.05681818181817,False,,,,,,,,,,,,,,,,,,,,,,,,,,,,,,,,,,,,,,,,,,,,,,,,,,,,,,,,,,,,,,,,,,2026-07-07 13:31:05,,,,,,,,,,,,,,66.0,63.30675587209774,65.05681818181817,1.7879168555980192,352.0,DAILYSUMMARY_EXEC|20260707,"Daily 09:00 Summary
⏱️ เวลา: 2026-07-07 13:31
🧭 ภาพรวม: regime TREND_DOWN | min conf 63.3% | cap/run 2 | daily pick 1
🧪 รอบล่าสุด: 2026-07-07 12:32:34 | raw 0 -> cand 0 -> sent 0
📤 สถานะส่ง: daily pick 0 | daily summary 0
🚫 เหตุที่ยังไม่ส่ง: all weather no actionable subplans 11, candidate profile confidence below min 10, trend radar watch intent filtered 10
📣 กิจกรรมล่าสุด: 4 alerts/1.0d | directional 3 | daily pick 0 | symbols 3 | last 2026-07-07 05:20:28
📊 Flow: intent watch 3 | tier watch 3 | strategy CDCVIX15 3, DAILY_SUMMARY 1
🗂️ สัญลักษณ์เด่น: BNB-USD 1, BTC-USD 1, LINK-USD 1 | signal SELL 2, BUY 1, INFO 1
🎯 ผลงานจริง 45d: WR 65.1% | RR 1.79 | PnL 4.39% | settled 352 | alerts/day 9.6
📅 อัปเดตผลงาน: 2026-07-07 12:32:35
📌 ตัวเด่นตอนนี้:
1. TRX-USD | SELL | CDCVIX15 | tier avoid | conf 89% | score 108.8 | WR 88.8%
2. ETH-USD | SELL | CDCVIX15 | tier avoid | conf 83% | score 92.6 | WR 83.0%
3. ADA-USD | SELL | CDCVIX15 | tier avoid | conf 83% | score 92.6 | WR 83.0%
🤖 ระบบ: ON | phase4_entry_quality_v5_3_clean_rerun_model.joblib | ver v4_utf_v2 | trained 2026-06-18T12:10:15.151463Z | promote CDCVIX15:premium|standard|watch;PA15:watch
🔁 Learning: feedback - ready | train - | calibration - | shadow -"
97b808181b107623,2026-07-08 12:50:00,DAILY_SUMMARY,,INFO,15m,64,B,76.5,เข้าได้ แต่ควรลดขนาดไม้ลงเล็กน้อยหากราคาเริ่มไล่ห่าง,,65.05681818181817,65.05681818181817,False,,,,,,,,,,,,,,,,,,,,,,,,,,,,,,,,,,,,,,,,,,,,,,,,,,,,,,,,,,,,,,,,,,2026-07-08 12:50:00,,,,,,,,,,,,,,66.0,63.42431384671927,65.05681818181817,1.7879168555980192,352.0,DAILYSUMMARY_EXEC|20260708,"Daily 09:00 Summary
⏱️ เวลา: 2026-07-08 12:49
🧭 ภาพรวม: regime TREND_DOWN | min conf 63.5% | cap/run 2 | daily pick 1
🧪 รอบล่าสุด: 2026-07-08 09:25:05 | raw 0 -> cand 0 -> sent 0
📤 สถานะส่ง: daily pick 0 | daily summary 0
🚫 เหตุที่ยังไม่ส่ง: all weather no actionable subplans 11, candidate trades below min 11, trend radar watch intent filtered 9
📣 กิจกรรมล่าสุด: 1 alerts/1.0d | directional 0 | daily pick 0 | symbols 0 | last 2026-07-07 13:31:05
📊 Flow: intent - | tier - | strategy DAILY_SUMMARY 1
🗂️ สัญลักษณ์เด่น: - | signal INFO 1
🎯 ผลงานจริง 45d: WR 65.1% | RR 1.79 | PnL 4.39% | settled 352 | alerts/day 9.6
📅 อัปเดตผลงาน: 2026-07-08 09:25:05
📌 ตัวเด่นตอนนี้: ยังไม่มี candidate ที่ผ่าน gate | เหตุหลัก all weather no actionable subplans 11, candidate trades below min 11, trend radar watch intent filtered 9
🤖 ระบบ: ON | phase4_entry_quality_v5_3_clean_rerun_model.joblib | promote CDCVIX15:premium|standard|watch;PA15:watch
🔁 Learning: feedback - ready | train - | calibration - | shadow -"
295de812427c124f,2026-07-09 13:42:51,DAILY_SUMMARY,,INFO,15m,64,B,77.7,เข้าได้ แต่ควรลดขนาดไม้ลงเล็กน้อยหากราคาเริ่มไล่ห่าง,,65.42857142857143,65.42857142857143,False,,,,,,,,,,,,,,,,,,,,,,,,,,,,,,,,,,,,,,,,,,,,,,,,,,,,,,,,,,,,,,,,,,2026-07-09 13:42:51,,,,,,,,,,,,,,66.0,63.39603643132436,65.42857142857143,1.7981335233442934,350.0,DAILYSUMMARY_EXEC|20260709,"Daily 09:00 Summary
⏱️ เวลา: 2026-07-09 13:42
🧭 ภาพรวม: regime RANGE_BALANCED | min conf 64.4% | cap/run 2 | daily pick 1
🧪 รอบล่าสุด: 2026-07-09 11:29:13 | raw 0 -> cand 0 -> sent 0
📤 สถานะส่ง: daily pick 0 | daily summary 0
🚫 เหตุที่ยังไม่ส่ง: all weather no actionable subplans 11, candidate trades below min 11, trend radar watch intent filtered 4
📣 กิจกรรมล่าสุด: ยังไม่มี alert ในช่วง 1.0 วัน
🎯 ผลงานจริง 45d: WR 65.4% | RR 1.80 | PnL 4.41% | settled 350 | alerts/day 9.6
📅 อัปเดตผลงาน: 2026-07-09 11:29:13
📌 ตัวเด่นตอนนี้: ยังไม่มี candidate ที่ผ่าน gate | เหตุหลัก all weather no actionable subplans 11, candidate trades below min 11, trend radar watch intent filtered 4
🤖 ระบบ: ON | phase4_entry_quality_v5_3_clean_rerun_model.joblib | promote CDCVIX15:premium|standard|watch;PA15:watch
🔁 Learning: feedback - ready | train - | calibration - | shadow -"
ce2882d9824e39c6,2026-07-12 12:50:47,DAILY_SUMMARY,,INFO,15m,64,B,70.5,เข้าได้ แต่ควรลดขนาดไม้ลงเล็กน้อยหากราคาเริ่มไล่ห่าง,,63.08724832214765,63.08724832214765,False,,,,,,,,,,,,,,,,,,,,,,,,,,,,,,,,,,,,,,,,,,,,,,,,,,,,,,,,,,,,,,,,,,2026-07-12 12:50:47,,,,,,,,,,,,,,66.0,63.14441426208635,63.08724832214765,1.5523902659081288,298.0,DAILYSUMMARY_EXEC|20260712,"Daily 09:00 Summary
⏱️ เวลา: 2026-07-12 12:50
🧭 ภาพรวม: regime TREND_DOWN | min conf 63.3% | cap/run 2 | daily pick 1
🧪 รอบล่าสุด: 2026-07-12 10:55:32 | raw 0 -> cand 0 -> sent 0
📤 สถานะส่ง: daily pick 0 | daily summary 0
🚫 เหตุที่ยังไม่ส่ง: all weather no actionable subplans 11, candidate trades below min 10, trend radar watch intent filtered 6
📣 กิจกรรมล่าสุด: ยังไม่มี alert ในช่วง 1.0 วัน
🎯 ผลงานจริง 45d: WR 63.1% | RR 1.55 | PnL 4.81% | settled 298 | alerts/day 8.5
📅 อัปเดตผลงาน: 2026-07-12 10:55:32
📌 ตัวเด่นตอนนี้: ยังไม่มี candidate ที่ผ่าน gate | เหตุหลัก all weather no actionable subplans 11, candidate trades below min 10, trend radar watch intent filtered 6
🤖 ระบบ: ON | phase4_entry_quality_v5_3_clean_rerun_model.joblib | promote CDCVIX15:premium|standard|watch;PA15:watch
🔁 Learning: feedback - ready | train - | calibration - | shadow -"
20217cadfe1f673a,2026-07-13 12:40:44,DAILY_SUMMARY,,INFO,15m,64,C,67.0,"เข้าเมื่อเทรนด์ 1H, Forecast และ pattern ไม่ขัดกัน",,61.95652173913043,61.95652173913043,False,,,,,,,,,,,,,,,,,,,,,,,,,,,,,,,,,,,,,,,,,,,,,,,,,,,,,,,,,,,,,,,,,,2026-07-13 12:40:44,,,,,,,,,,,,,,66.0,63.18754818281192,61.95652173913043,1.5482029326974585,276.0,DAILYSUMMARY_EXEC|20260713,"Daily 09:00 Summary
⏱️ เวลา: 2026-07-13 12:40
🧭 ภาพรวม: regime TREND_DOWN | min conf 63.2% | cap/run 2 | daily pick 1
🧪 รอบล่าสุด: 2026-07-13 11:47:39 | raw 0 -> cand 0 -> sent 0
📤 สถานะส่ง: daily pick 0 | daily summary 0
🚫 เหตุที่ยังไม่ส่ง: all weather no actionable subplans 11, candidate trades below min 10, trend radar watch intent filtered 8
📣 กิจกรรมล่าสุด: 1 alerts/1.0d | directional 0 | daily pick 0 | symbols 0 | last 2026-07-12 12:50:47
📊 Flow: intent - | tier - | strategy DAILY_SUMMARY 1
🗂️ สัญลักษณ์เด่น: - | signal INFO 1
🎯 ผลงานจริง 45d: WR 62.0% | RR 1.55 | PnL 4.77% | settled 276 | alerts/day 8.0
📅 อัปเดตผลงาน: 2026-07-13 11:47:39
📌 ตัวเด่นตอนนี้: ยังไม่มี candidate ที่ผ่าน gate | เหตุหลัก all weather no actionable subplans 11, candidate trades below min 10, trend radar watch intent filtered 8
🤖 ระบบ: ON | phase4_entry_quality_v5_3_clean_rerun_model.joblib | promote CDCVIX15:premium|standard|watch;PA15:watch
🔁 Learning: feedback - ready | train - | calibration - | shadow -"
6579765f97d6739f,2026-07-14 11:53:49,DAILY_SUMMARY,,INFO,15m,64,C,67.9,"เข้าเมื่อเทรนด์ 1H, Forecast และ pattern ไม่ขัดกัน",,62.264150943396224,62.264150943396224,False,,,,,,,,,,,,,,,,,,,,,,,,,,,,,,,,,,,,,,,,,,,,,,,,,,,,,,,,,,,,,,,,,,2026-07-14 11:53:49,,,,,,,,,,,,,,66.0,63.44683582067498,62.264150943396224,1.5774613619978142,265.0,DAILYSUMMARY_EXEC|20260714,"Daily 09:00 Summary
⏱️ เวลา: 2026-07-14 11:53
🧭 ภาพรวม: regime TREND_DOWN | min conf 63.4% | cap/run 2 | daily pick 1
🧪 รอบล่าสุด: 2026-07-14 09:02:18 | raw 0 -> cand 0 -> sent 0
📤 สถานะส่ง: daily pick 0 | daily summary 0
🚫 เหตุที่ยังไม่ส่ง: all weather no actionable subplans 11, candidate trades below min 11, trend radar watch intent filtered 10
📣 กิจกรรมล่าสุด: 1 alerts/1.0d | directional 0 | daily pick 0 | symbols 0 | last 2026-07-13 12:40:44
📊 Flow: intent - | tier - | strategy DAILY_SUMMARY 1
🗂️ สัญลักษณ์เด่น: - | signal INFO 1
🎯 ผลงานจริง 45d: WR 62.3% | RR 1.58 | PnL 4.82% | settled 265 | alerts/day 7.6
📅 อัปเดตผลงาน: 2026-07-14 09:02:18
📌 ตัวเด่นตอนนี้: ยังไม่มี candidate ที่ผ่าน gate | เหตุหลัก all weather no actionable subplans 11, candidate trades below min 11, trend radar watch intent filtered 10
🤖 ระบบ: ON | phase4_entry_quality_v5_3_clean_rerun_model.joblib | promote CDCVIX15:premium|standard|watch;PA15:watch
🔁 Learning: feedback - ready | train - | calibration - | shadow -"
c5a1f59591c98f2b,2026-07-15 16:21:27,AW15,NEAR-USD,BUY,15m,64,A,96.1,เข้าได้ตามแผนหลัก แต่ยังต้องเคารพ SL และจังหวะเข้า,,93.72608426229579,109.95512763278762,False,,Trade Plan,,entry,"fresh_entry:d_pct=0.09867259541271821,d_r=0.06578173027514568",AI-Not-Scored,not_scored,strategy_out_of_scope:aw15,,,0.0,not_allowed,strategy_out_of_scope:aw15,ยังไม่ประเมิน,not_scored,strategy_out_of_scope:aw15,,,,,,,,,,,,,,,,,,,,,,0.0,not_allowed,strategy_out_of_scope:aw15,Premium Entry,premium_entry,"เทรนด์ตรง, RR ดี, สัญญาณสด และคุณภาพเข้าเด่น",5.0,True,,,,,,,,,2.0269999504089355,1.9965949511528016,,,Bullish Pinbar,BUY,89.58340144169514,"CDC ยังหนุนขาขึ้น, เพิ่งมี VixFix spike ฝั่ง panic low และโมเมนตัมเริ่มฟื้น",4,15,2026-07-15 15:30:00,2026-07-15 16:21:25,2026-07-15 16:21:27,3085.0,2.447917,3087.447917,51.416666666666664,51.457465283333335,เข้าได้,เข้าใกล้ entry zone,ราคาและโครงสร้างยังอยู่ในกรอบที่เข้าตามแผนได้,3.0,1.3,2.0665264494419096,90.0,True,66.0,63.25608956448657,64.25531914893618,1.6732671461566888,235.0,AW15|NEAR-USD|BUY|TREND|2026-07-15 15:30,"🌦️ All-Weather BUY | NEAR-USD
NEAR-USD
🧠 Market Regime: TREND | Vol 0.40% | Trend Score 1.85
🤝 Confluence: CDCVixFix
⚖️ Side Selection: BUY 102.6 | Gap 102.6
🧪 Blended Edge: WR 64.3% | ExpRR 1.67 | Trades 235
────────────────
🧪 Edge: WR 64.3% | ExpRR 1.67 | Trades 235
🎯 สรุป: 🟢 เข้าได้
📝 เหตุผล: แผนยังใกล้จุดเข้าและมี SL/TP พร้อมใช้งาน
💵 ราคาปัจจุบัน: ราคา 2.03 (+0.00%) | Conf 94%
🧩 ชุดสัญญาณ: CDCVixFix
🧭 1H Trend: UP | STRONG | ActionZone 15m, Price Action 15m
👉 การทำต่อ: เข้าได้ตามสัญญาณหลัก ถ้ายังไม่มีสถานะสามารถเปิด BUY/Long ตามแผนได้
⚠️ หมายเหตุ: ถ้ามี Short เดิม ควรปิด Short ก่อนแล้วค่อยเปิด BUY
🧠 บริบท: CDC+VixFix 15m | Pattern Bullish Pinbar
📌 แผนเข้า: Entry 2.03 | SL 2.00 | TP1 2.06 | TP2 2.09
📏 ความเสี่ยง: Risk 1.60% | RR TP1 1.20R / TP2 2.10R
🧭 ระดับราคา: actual+fallback
🤖 AI: AI-Not-Scored | strategy_out_of_scope:aw15
🧠 Entry AI: ยังไม่ประเมิน | strategy_out_of_scope:aw15
🧭 หมวดเหตุผล: เข้าได้ เข้าใกล้ entry zone
📝 เหตุผลใช้งาน: ราคาและโครงสร้างยังอยู่ในกรอบที่เข้าตามแผนได้
🎯 Entry Window: Entry 2.027 | ใกล้ entry ไม่เกิน 3.00% | หรือ 1.30R
🏃 Max Chase: BUY ไม่ควรไล่สูงกว่า 2.066526
⏱️ อายุสัญญาณ: 4 แท่ง 15m | ~60 นาที | 2026-07-15 15:30:00
────────────────
🕒 เวลา: 2026-07-15 16:21
📈 TradingView"
b8408a82cd3a4974,2026-07-15 23:01:31,AW15,NEAR-USD,BUY,15m,64,A,95.0,เข้าได้ตามแผนหลัก แต่ยังต้องเคารพ SL และจังหวะเข้า,,98.0,114.4,False,,Trade Plan,,entry,"fresh_entry:d_pct=0.09620459181110735,d_r=0.05589065711472531",AI-Not-Scored,not_scored,strategy_out_of_scope:aw15,,,0.0,not_allowed,strategy_out_of_scope:aw15,ยังไม่ประเมิน,not_scored,strategy_out_of_scope:aw15,,,,,,,,,,,,,,,,,,,,,,0.0,not_allowed,strategy_out_of_scope:aw15,Premium Entry,premium_entry,"เทรนด์ตรง, RR ดี, สัญญาณสด และคุณภาพเข้าเด่น",5.0,True,,,,,,,,,2.0789999961853027,2.043214167867388,,,None,BUY,92.0,"CDC ยังหนุนขาขึ้น, เพิ่งมี VixFix spike ฝั่ง panic low และโมเมนตัมเริ่มฟื้น",1,15,2026-07-15 23:00:00,2026-07-15 23:01:29,2026-07-15 23:01:31,89.0,2.653218,91.653218,1.4833333333333334,1.5275536333333333,เข้าได้,เข้าใกล้ entry zone,ราคาและโครงสร้างยังอยู่ในกรอบที่เข้าตามแผนได้,3.0,1.3,2.125521572998592,89.0,False,66.0,63.49247122261156,63.75545851528385,1.641298253135037,229.0,AW15|NEAR-USD|BUY|TREND|2026-07-15 23:00,"🌦️ All-Weather BUY | NEAR-USD
NEAR-USD
🧠 Market Regime: TREND | Vol 0.57% | Trend Score 2.10
🤝 Confluence: CDCVixFix
⚖️ Side Selection: BUY 111.6 | Gap 111.6
🧪 Blended Edge: WR 63.8% | ExpRR 1.64 | Trades 229
────────────────
🧪 Edge: WR 63.8% | ExpRR 1.64 | Trades 229
🎯 สรุป: 🟢 เข้าได้
📝 เหตุผล: แผนยังใกล้จุดเข้าและมี SL/TP พร้อมใช้งาน
💵 ราคาปัจจุบัน: ราคา 2.08 (+0.00%) | Conf 98%
🧩 ชุดสัญญาณ: CDCVixFix
🧭 1H Trend: UP | STRONG | ActionZone 15m, Price Action 15m
👉 การทำต่อ: เข้าได้ตามสัญญาณหลัก ถ้ายังไม่มีสถานะสามารถเปิด BUY/Long ตามแผนได้
⚠️ หมายเหตุ: ถ้ามี Short เดิม ควรปิด Short ก่อนแล้วค่อยเปิด BUY
🧠 บริบท: CDC+VixFix 15m
📌 แผนเข้า: Entry 2.08 | SL 2.04 | TP1 2.11 | TP2 2.14
📏 ความเสี่ยง: Risk 1.84% | RR TP1 1.00R / TP2 1.80R
🧭 ระดับราคา: actual+fallback
🤖 AI: AI-Not-Scored | strategy_out_of_scope:aw15
🧠 Entry AI: ยังไม่ประเมิน | strategy_out_of_scope:aw15
🧭 หมวดเหตุผล: เข้าได้ เข้าใกล้ entry zone
📝 เหตุผลใช้งาน: ราคาและโครงสร้างยังอยู่ในกรอบที่เข้าตามแผนได้
🎯 Entry Window: Entry 2.079 | ใกล้ entry ไม่เกิน 3.00% | หรือ 1.30R
🏃 Max Chase: BUY ไม่ควรไล่สูงกว่า 2.125522
⏱️ อายุสัญญาณ: 1 แท่ง 15m | ~15 นาที | 2026-07-15 23:00:00
────────────────
🕒 เวลา: 2026-07-15 23:01
📈 TradingView"
696f0e4554896f85,2026-07-16 12:13:45,DAILY_SUMMARY,,INFO,15m,64,B,71.5,เข้าได้ แต่ควรลดขนาดไม้ลงเล็กน้อยหากราคาเริ่มไล่ห่าง,,63.42592592592593,63.42592592592593,False,,,,,,,,,,,,,,,,,,,,,,,,,,,,,,,,,,,,,,,,,,,,,,,,,,,,,,,,,,,,,,,,,,2026-07-16 12:13:45,,,,,,,,,,,,,,66.0,64.19564168458703,63.42592592592593,1.6710504971564675,216.0,DAILYSUMMARY_EXEC|20260716,"Daily 09:00 Summary
⏱️ เวลา: 2026-07-16 12:13
🧭 ภาพรวม: regime RANGE_BALANCED | min conf 64.2% | cap/run 2 | daily pick 1
🧪 รอบล่าสุด: 2026-07-16 09:10:21 | raw 0 -> cand 0 -> sent 0
📤 สถานะส่ง: daily pick 0 | daily summary 0
🚫 เหตุที่ยังไม่ส่ง: candidate profile confidence below min 16, candidate profile win rate below min 5, trend radar watch intent filtered 3
📣 กิจกรรมล่าสุด: 2 alerts/1.0d | directional 2 | daily pick 0 | symbols 1 | last 2026-07-15 23:01:31
📊 Flow: intent entry 2 | tier - | strategy AW15 2
🗂️ สัญลักษณ์เด่น: NEAR-USD 2 | signal BUY 2
🎯 ผลงานจริง 45d: WR 63.4% | RR 1.67 | PnL 5.47% | settled 216 | alerts/day 5.9
📅 อัปเดตผลงาน: 2026-07-16 09:10:21
📌 ตัวเด่นตอนนี้: ยังไม่มี candidate ที่ผ่าน gate | เหตุหลัก candidate profile confidence below min 16, candidate profile win rate below min 5, trend radar watch intent filtered 3
🤖 ระบบ: ON | phase4_entry_quality_v5_3_clean_rerun_model.joblib | promote CDCVIX15:premium|standard|watch;PA15:watch
🔁 Learning: feedback - ready | train - | calibration - | shadow -"
4790c024398f47d4,2026-07-17 07:11:19,CDCVIX15,NEAR-USD,SELL,15m,64,A,92.6,เข้าได้ตามแผนหลัก แต่ยังต้องเคารพ SL และจังหวะเข้า,,91.0,124.58373205741627,False,,Trade Plan,,watch,ครบอายุ CDC เดิม แต่ตลาดยังลงต่อและราคายังไม่ไกลจากจุดเข้าใหม่,ยังไม่ชัด,low_conviction,AI ยังไม่มั่นใจพอ ควรรอดูเพิ่ม,0.24858198877121168,1.1676737744941752,-2.5,scored,ok,รอ,watch,ผ่านเกณฑ์ Watch monitor ใช้เฝ้าดูจังหวะต่อเนื่อง,premium_standard_v4,watch,watch,watch,watch,CDCVIX15,0.14815543736729805,0.33342324037832444,0.5184213222543776,0.6,0.95,0.55,0.9,0.5,0.85,phase4_entry_quality_v4_utf_calibrated,v4_utf_v2,2026-06-18T12:10:15.151463Z,v4_utf_v2,v4_utf_v2,v4_utf_v2,0.0,scored,ok,Watch Only,watch,เป็นแผนเฝ้ารอจังหวะ ไม่ใช่ entry ทันที,-1.0,True,,,,,,,,,2.0269999504089355,2.0077856353351047,,,None,SELL,92.0,ถือครบ 24 แท่งของแผน CDC แล้ว จึงปิดรอบเพื่อลดการยืดเยื้อ,150,15,2026-07-15 15:30:00,2026-07-17 07:11:17,2026-07-17 07:11:19,142877.0,2.73856,142879.73856,2381.2833333333333,2381.328976,รอ,ราคาหนีจุดเข้า,ราคาห่าง entry 3.01% แล้ว จึงไม่ควรไล่ราคา,3.0,1.3,2.0020213408129552,16.0,False,66.0,63.24696126972897,62.67942583732058,1.6435558392740572,209.0,CDCVIX15|NEAR-USD|SELL|2026-07-15 15:30,"🔴 CDC+VixFix 15m SELL | NEAR-USD
NEAR-USD
────────────────
📍 Snapshot: ราคา 1.97 (+0.00%)
🧭 1H Trend: DOWN | STRONG | ActionZone 15m, Price Action 15m
🧪 Edge: Conf 91% | WR 62.7% | ExpRR 1.64 | Trades 209
🚦 สถานะ: 🟡 รอ
📝 Decision: ราคาห่างจากจุดเข้า 3.01% แล้ว ไม่ควรไล่ราคา
🎯 Action: ยังไม่เข้า รอราคาใกล้ entry zone หรือรอแท่งยืนยันเพิ่ม
⚠️ Note: ราคาห่างจากจุดเข้า 3.01% แล้ว ไม่ควรไล่ราคา
⏳ Hold Plan: ถือได้ประมาณ 6 ชม. (24 แท่ง 15m) ถ้าไม่ไปตามทางควรลดไม้หรือปิดรอบ
🧠 Context: Forecast SELL 92/100 | Trend ขาลง | R&gt;G 16/100 | flip 19 bars
📌 Plan: Entry 2.03 | SL 2.01 | TP1 2.00 | TP2 1.99
📏 Risk: Risk 0.70% | RR TP1 1.20R / TP2 2.10R
🧭 Level Source: actual+fallback
🤖 AI: ยังไม่ชัด | p(win) 25% | exp +1.17%
🧠 Entry AI: รอ | Watch | p(entry) 15% | p(avoid) 52%
📘 กติกาใช้งาน: รอ Watch เมื่อ p(entry) ยังไม่ถึง 80% หรือ p(avoid) ยังสูง | รอบนี้ 15% / 52%
🧭 หมวดเหตุผล: รอ ราคาหนีจุดเข้า
📝 เหตุผลใช้งาน: ราคาห่าง entry 3.01% แล้ว จึงไม่ควรไล่ราคา
🎯 Entry Window: Entry 2.027 | ใกล้ entry ไม่เกิน 3.00% | หรือ 1.30R
🏃 Max Chase: SELL ไม่ควรไล่ต่ำกว่า 2.002021
⏱️ อายุสัญญาณ: 150 แท่ง 15m | ~2250 นาที | 2026-07-15 15:30:00
────────────────
🕒 เวลา: 2026-07-17 07:11
📈 TradingView"
9c2a5e853e5afa85,2026-07-17 11:09:18,CDCVIX15,ADA-USD,SELL,15m,64,A,92.9,เข้าได้ตามแผนหลัก แต่ยังต้องเคารพ SL และจังหวะเข้า,,91.0,124.60676328502416,False,,Trade Plan,,watch,ครบอายุ CDC เดิม แต่ตลาดยังลงต่อและราคายังไม่ไกลจากจุดเข้าใหม่,ยังไม่ชัด,low_conviction,AI ยังไม่มั่นใจพอ ควรรอดูเพิ่ม,0.2235161138910275,1.4139020487700291,-2.5,scored,ok,รอ,watch,ผ่านเกณฑ์ Watch monitor ใช้เฝ้าดูจังหวะต่อเนื่อง,premium_standard_v4,watch,watch,watch,watch,CDCVIX15,0.31211389579712684,0.1804467905932476,0.5074393136096256,0.6,0.95,0.55,0.9,0.5,0.85,phase4_entry_quality_v4_utf_calibrated,v4_utf_v2,2026-06-18T12:10:15.151463Z,v4_utf_v2,v4_utf_v2,v4_utf_v2,0.0,scored,ok,Watch Only,watch,เป็นแผนเฝ้ารอจังหวะ ไม่ใช่ entry ทันที,-1.0,True,,,,,,,,,0.16529999673366547,0.16239999637007713,,,None,SELL,92.0,ถือครบ 24 แท่งของแผน CDC แล้ว จึงปิดรอบเพื่อลดการยืดเยื้อ,106,15,2026-07-16 08:45:00,2026-07-17 11:09:16,2026-07-17 11:09:18,95056.0,2.386716,95058.386716,1584.2666666666667,1584.3064452666665,รอ,ราคาหนีจุดเข้า,ราคาห่าง entry 3.21% แล้ว จึงไม่ควรไล่ราคา,3.0,1.3,0.16152999626100062,1.0,False,66.0,63.30567427752053,62.80193236714976,1.6330215719689263,207.0,CDCVIX15|ADA-USD|SELL|2026-07-16 08:45,"🔴 CDC+VixFix 15m SELL | ADA-USD
ADA-USD
────────────────
📍 Snapshot: ราคา 0.160000 (+0.00%)
🧭 1H Trend: DOWN | STRONG | ActionZone 15m, Price Action 15m
🧪 Edge: Conf 91% | WR 62.8% | ExpRR 1.63 | Trades 207
🚦 สถานะ: 🟡 รอ
📝 Decision: ราคาห่างจากจุดเข้า 3.21% แล้ว ไม่ควรไล่ราคา
🎯 Action: ยังไม่เข้า รอราคาใกล้ entry zone หรือรอแท่งยืนยันเพิ่ม
⚠️ Note: ราคาห่างจากจุดเข้า 3.21% แล้ว ไม่ควรไล่ราคา
⏳ Hold Plan: ถือได้ประมาณ 6 ชม. (24 แท่ง 15m) ถ้าไม่ไปตามทางควรลดไม้หรือปิดรอบ
🧠 Context: Forecast SELL 92/100 | Trend ขาลง | R&gt;G 1/100 | flip 25 bars
📌 Plan: Entry 0.165300 | SL 0.162400 | TP1 0.162400 | TP2 0.160080
📏 Risk: Risk 1.39% | RR TP1 1.00R / TP2 1.80R
🧭 Level Source: actual+fallback
🤖 AI: ยังไม่ชัด | p(win) 22% | exp +1.41%
🧠 Entry AI: รอ | Watch | p(entry) 31% | p(avoid) 51%
📘 กติกาใช้งาน: รอ Watch เมื่อ p(entry) ยังไม่ถึง 80% หรือ p(avoid) ยังสูง | รอบนี้ 31% / 51%
🧭 หมวดเหตุผล: รอ ราคาหนีจุดเข้า
📝 เหตุผลใช้งาน: ราคาห่าง entry 3.21% แล้ว จึงไม่ควรไล่ราคา
🎯 Entry Window: Entry 0.1653 | ใกล้ entry ไม่เกิน 3.00% | หรือ 1.30R
🏃 Max Chase: SELL ไม่ควรไล่ต่ำกว่า 0.16153
⏱️ อายุสัญญาณ: 106 แท่ง 15m | ~1590 นาที | 2026-07-16 08:45:00
────────────────
🕒 เวลา: 2026-07-17 11:09
📈 TradingView"
5a9218486182910c,2026-07-17 12:16:37,DAILY_SUMMARY,,INFO,15m,64,C,68.1,"เข้าเมื่อเทรนด์ 1H, Forecast และ pattern ไม่ขัดกัน",,62.31884057971014,62.31884057971014,False,,,,,,,,,,,,,,,,,,,,,,,,,,,,,,,,,,,,,,,,,,,,,,,,,,,,,,,,,,,,,,,,,,2026-07-17 12:16:37,,,,,,,,,,,,,,66.0,63.30567427752053,62.31884057971014,1.5883694590325672,207.0,DAILYSUMMARY_EXEC|20260717,"Daily 09:00 Summary
⏱️ เวลา: 2026-07-17 12:16
🧭 ภาพรวม: regime TREND_DOWN | min conf 63.3% | cap/run 2 | daily pick 1
🧪 รอบล่าสุด: 2026-07-17 11:09:18 | raw 5 -> cand 1 -> sent 1
📤 สถานะส่ง: daily pick 0 | daily summary 0
🚫 เหตุที่ยังไม่ส่ง: trend radar watch intent filtered 10, candidate profile win rate below min 6, primary stale exit suppressed 6
📣 กิจกรรมล่าสุด: 2 alerts/1.0d | directional 2 | daily pick 0 | symbols 2 | last 2026-07-17 11:09:18
📊 Flow: intent watch 2 | tier watch 2 | strategy CDCVIX15 2
🗂️ สัญลักษณ์เด่น: ADA-USD 1, NEAR-USD 1 | signal SELL 2
🎯 ผลงานจริง 45d: WR 62.3% | RR 1.59 | PnL 5.48% | settled 207 | alerts/day 5.7
📅 อัปเดตผลงาน: 2026-07-17 11:09:18
📌 ตัวเด่นตอนนี้:
1. ADA-USD | SELL | CDCVIX15 | tier watch | conf 91% | score 124.6 | WR -
🤖 ระบบ: ON | phase4_entry_quality_v5_3_clean_rerun_model.joblib | ver v4_utf_v2 | trained 2026-06-18T12:10:15.151463Z | promote CDCVIX15:premium|standard|watch;PA15:watch
🔁 Learning: feedback - ready | train - | calibration - | shadow -"
da59c7157185504c,2026-07-17 13:27:07,CDCVIX15,NEAR-USD,SELL,15m,64,A,92.1,เข้าได้ตามแผนหลัก แต่ยังต้องเคารพ SL และจังหวะเข้า,,91.0,133.81268292682927,False,,Trade Plan,,watch,ครบอายุ CDC เดิม แต่ตลาดยังลงต่อและราคายังไม่ไกลจากจุดเข้าใหม่,ยังไม่ชัด,low_conviction,AI ยังไม่มั่นใจพอ ควรรอดูเพิ่ม,0.18533483567871842,1.3440445291568426,-2.5,scored,ok,รอ,watch,ผ่านเกณฑ์ Watch monitor ใช้เฝ้าดูจังหวะต่อเนื่อง,premium_standard_v4,watch,watch,watch,watch,CDCVIX15,0.23372538169507823,0.24318310702815576,0.5230915112767659,0.6,0.95,0.55,0.9,0.5,0.85,phase4_entry_quality_v4_utf_calibrated,v4_utf_v2,2026-06-18T12:10:15.151463Z,v4_utf_v2,v4_utf_v2,v4_utf_v2,0.0,scored,ok,Watch Only,watch,เป็นแผนเฝ้ารอจังหวะ ไม่ใช่ entry ทันที,-1.0,True,,,,,,,,,2.0269999504089355,1.976071528026036,,,None,SELL,92.0,ถือครบ 24 แท่งของแผน CDC แล้ว จึงปิดรอบเพื่อลดการยืดเยื้อ,184,15,2026-07-15 15:30:00,2026-07-17 13:27:05,2026-07-17 13:27:07,165425.0,2.704339,165427.704339,2757.0833333333335,2757.12840565,รอ,ราคาหนีจุดเข้า,ราคาห่าง entry 4.05% แล้ว จึงไม่ควรไล่ราคา,3.0,1.3,1.9661899518966675,16.0,False,66.0,63.365744683173126,62.4390243902439,1.6042515756245066,205.0,CDCVIX15|NEAR-USD|SELL|2026-07-15 15:30,"🔴 CDC+VixFix 15m SELL | NEAR-USD
NEAR-USD
────────────────
📍 Snapshot: ราคา 1.95 (+0.00%)
🧭 1H Trend: DOWN | STRONG | ActionZone 15m, Price Action 15m
🧪 Edge: Conf 91% | WR 62.4% | ExpRR 1.60 | Trades 205
🚦 สถานะ: 🟡 รอ
📝 Decision: ราคาห่างจากจุดเข้า 4.05% แล้ว ไม่ควรไล่ราคา
🎯 Action: ยังไม่เข้า รอราคาใกล้ entry zone หรือรอแท่งยืนยันเพิ่ม
⚠️ Note: ราคาห่างจากจุดเข้า 4.05% แล้ว ไม่ควรไล่ราคา
⏳ Hold Plan: ถือได้ประมาณ 6 ชม. (24 แท่ง 15m) ถ้าไม่ไปตามทางควรลดไม้หรือปิดรอบ
🧠 Context: Forecast SELL 92/100 | Trend ขาลง | R&gt;G 16/100 | flip 53 bars
📌 Plan: Entry 2.03 | SL 1.98 | TP1 1.98 | TP2 1.94
📏 Risk: Risk 1.98% | RR TP1 1.00R / TP2 1.80R
🧭 Level Source: actual+fallback
🤖 AI: ยังไม่ชัด | p(win) 19% | exp +1.34%
🧠 Entry AI: รอ | Watch | p(entry) 23% | p(avoid) 52%
📘 กติกาใช้งาน: รอ Watch เมื่อ p(entry) ยังไม่ถึง 80% หรือ p(avoid) ยังสูง | รอบนี้ 23% / 52%
🧭 หมวดเหตุผล: รอ ราคาหนีจุดเข้า
📝 เหตุผลใช้งาน: ราคาห่าง entry 4.05% แล้ว จึงไม่ควรไล่ราคา
🎯 Entry Window: Entry 2.027 | ใกล้ entry ไม่เกิน 3.00% | หรือ 1.30R
🏃 Max Chase: SELL ไม่ควรไล่ต่ำกว่า 1.96619
⏱️ อายุสัญญาณ: 184 แท่ง 15m | ~2760 นาที | 2026-07-15 15:30:00
────────────────
🕒 เวลา: 2026-07-17 13:27
📈 TradingView"
25a72ec711f46cd9,2026-07-17 20:18:38,CDCVIX15,DOGE-USD,SELL,15m,64,A,90.4,เข้าได้ตามแผนหลัก แต่ยังต้องเคารพ SL และจังหวะเข้า,,91.0,124.39800995024873,False,,Trade Plan,,watch,ครบอายุ CDC เดิม แต่ตลาดยังลงต่อและราคายังไม่ไกลจากจุดเข้าใหม่,ยังไม่ชัด,low_conviction,AI ยังไม่มั่นใจพอ ควรรอดูเพิ่ม,0.18951749337133683,0.750379175336193,-2.5,scored,ok,รอ,watch,ผ่านเกณฑ์ Watch monitor ใช้เฝ้าดูจังหวะต่อเนื่อง,premium_standard_v4,watch,watch,watch,watch,CDCVIX15,0.02414655737615878,0.5882625467514508,0.3875908958723903,0.6,0.95,0.55,0.9,0.5,0.85,phase4_entry_quality_v4_utf_calibrated,v4_utf_v2,2026-06-18T12:10:15.151463Z,v4_utf_v2,v4_utf_v2,v4_utf_v2,0.0,scored,ok,Watch Only,watch,เป็นแผนเฝ้ารอจังหวะ ไม่ใช่ entry ทันที,-1.0,True,,,,,,,,,0.07441999763250351,0.07244054812937975,,,None,SELL,92.0,ถือครบ 48 แท่งของแผน CDC แล้ว จึงปิดรอบเพื่อลดการยืดเยื้อ,257,15,2026-07-15 04:15:00,2026-07-17 20:18:36,2026-07-17 20:18:38,230616.0,2.408072,230618.408072,3843.6,3843.6401345333334,รอ,ราคาหนีจุดเข้า,ราคาห่าง entry 4.10% แล้ว จึงไม่ควรไล่ราคา,3.0,1.3,0.0721873977035284,11.0,False,66.0,63.16432796641207,61.69154228855721,1.5791805603255105,201.0,CDCVIX15|DOGE-USD|SELL|2026-07-15 04:15,"🔴 CDC+VixFix 15m SELL | DOGE-USD
DOGE-USD
────────────────
📍 Snapshot: ราคา 0.071370 (+0.00%)
🧭 1H Trend: DOWN | STRONG | ActionZone 15m, Price Action 15m
🧪 Edge: Conf 91% | WR 61.7% | ExpRR 1.58 | Trades 201
🚦 สถานะ: 🟡 รอ
📝 Decision: ราคาห่างจากจุดเข้า 4.10% แล้ว ไม่ควรไล่ราคา
🎯 Action: ยังไม่เข้า รอราคาใกล้ entry zone หรือรอแท่งยืนยันเพิ่ม
⚠️ Note: ราคาห่างจากจุดเข้า 4.10% แล้ว ไม่ควรไล่ราคา
⏳ Hold Plan: ถือได้ประมาณ 12 ชม. (48 แท่ง 15m) ถ้าไม่ไปตามทางควรลดไม้หรือปิดรอบ
🧠 Context: Forecast SELL 92/100 | Trend ขาลง | R&gt;G 11/100 | flip 89 bars
📌 Plan: Entry 0.074420 | SL 0.072441 | TP1 0.072441 | TP2 0.070857
📏 Risk: Risk 2.63% | RR TP1 1.00R / TP2 1.80R
🧭 Level Source: actual+fallback
🤖 AI: ยังไม่ชัด | p(win) 19% | exp +0.75%
🧠 Entry AI: รอ | Watch | p(entry) 2% | p(avoid) 39%
📘 กติกาใช้งาน: รอ Watch เมื่อ p(entry) ยังไม่ถึง 80% หรือ p(avoid) ยังสูง | รอบนี้ 2% / 39%
🧭 หมวดเหตุผล: รอ ราคาหนีจุดเข้า
📝 เหตุผลใช้งาน: ราคาห่าง entry 4.10% แล้ว จึงไม่ควรไล่ราคา
🎯 Entry Window: Entry 0.07442 | ใกล้ entry ไม่เกิน 3.00% | หรือ 1.30R
🏃 Max Chase: SELL ไม่ควรไล่ต่ำกว่า 0.072187
⏱️ อายุสัญญาณ: 257 แท่ง 15m | ~3855 นาที | 2026-07-15 04:15:00
────────────────
🕒 เวลา: 2026-07-17 20:18
📈 TradingView"
96338d9b56fc9078,2026-07-17 20:18:39,CDCVIX15,NEAR-USD,SELL,15m,64,A,90.4,เข้าได้ตามแผนหลัก แต่ยังต้องเคารพ SL และจังหวะเข้า,,91.0,124.39800995024873,False,,Trade Plan,,watch,ครบอายุ CDC เดิม แต่ตลาดยังลงต่อและราคายังไม่ไกลจากจุดเข้าใหม่,ยังไม่ชัด,low_conviction,AI ยังไม่มั่นใจพอ ควรรอดูเพิ่ม,0.19561041361363343,2.1040803991015617,-2.5,scored,ok,รอ,watch,ผ่านเกณฑ์ Watch monitor ใช้เฝ้าดูจังหวะต่อเนื่อง,premium_standard_v4,watch,watch,watch,watch,CDCVIX15,0.2998723205092522,0.18957542925424398,0.5105522502365037,0.6,0.95,0.55,0.9,0.5,0.85,phase4_entry_quality_v4_utf_calibrated,v4_utf_v2,2026-06-18T12:10:15.151463Z,v4_utf_v2,v4_utf_v2,v4_utf_v2,0.0,scored,ok,Watch Only,watch,เป็นแผนเฝ้ารอจังหวะ ไม่ใช่ entry ทันที,-1.0,True,,,,,,,,,2.0269999504089355,1.9356049448251724,,,None,SELL,92.0,ถือครบ 24 แท่งของแผน CDC แล้ว จึงปิดรอบเพื่อลดการยืดเยื้อ,212,15,2026-07-15 15:30:00,2026-07-17 20:18:36,2026-07-17 20:18:39,190116.0,3.115842,190119.115842,3168.6,3168.6519307,รอ,ราคาหนีจุดเข้า,ราคาห่าง entry 5.92% แล้ว จึงไม่ควรไล่ราคา,3.0,1.3,1.9661899518966675,16.0,False,66.0,63.16432796641207,61.69154228855721,1.5791805603255105,201.0,CDCVIX15|NEAR-USD|SELL|2026-07-15 15:30,"🔴 CDC+VixFix 15m SELL | NEAR-USD
NEAR-USD
────────────────
📍 Snapshot: ราคา 1.91 (+0.00%)
🧭 1H Trend: DOWN | STRONG | ActionZone 15m, Price Action 15m
🧪 Edge: Conf 91% | WR 61.7% | ExpRR 1.58 | Trades 201
🚦 สถานะ: 🟡 รอ
📝 Decision: ราคาห่างจากจุดเข้า 5.92% แล้ว ไม่ควรไล่ราคา
🎯 Action: ยังไม่เข้า รอราคาใกล้ entry zone หรือรอแท่งยืนยันเพิ่ม
⚠️ Note: ราคาห่างจากจุดเข้า 5.92% แล้ว ไม่ควรไล่ราคา
⏳ Hold Plan: ถือได้ประมาณ 6 ชม. (24 แท่ง 15m) ถ้าไม่ไปตามทางควรลดไม้หรือปิดรอบ
🧠 Context: Forecast SELL 92/100 | Trend ขาลง | R&gt;G 16/100 | flip 81 bars
📌 Plan: Entry 2.03 | SL 1.94 | TP1 1.94 | TP2 1.86
📏 Risk: Risk 3.92% | RR TP1 1.00R / TP2 1.80R
🧭 Level Source: actual+fallback
🤖 AI: ยังไม่ชัด | p(win) 20% | exp +2.10%
🧠 Entry AI: รอ | Watch | p(entry) 30% | p(avoid) 51%
📘 กติกาใช้งาน: รอ Watch เมื่อ p(entry) ยังไม่ถึง 80% หรือ p(avoid) ยังสูง | รอบนี้ 30% / 51%
🧭 หมวดเหตุผล: รอ ราคาหนีจุดเข้า
📝 เหตุผลใช้งาน: ราคาห่าง entry 5.92% แล้ว จึงไม่ควรไล่ราคา
🎯 Entry Window: Entry 2.027 | ใกล้ entry ไม่เกิน 3.00% | หรือ 1.30R
🏃 Max Chase: SELL ไม่ควรไล่ต่ำกว่า 1.96619
⏱️ อายุสัญญาณ: 212 แท่ง 15m | ~3180 นาที | 2026-07-15 15:30:00
────────────────
🕒 เวลา: 2026-07-17 20:18
📈 TradingView"
7bab8a2046acfc3f,2026-07-17 21:56:50,CDCVIX15,NEAR-USD,SELL,15m,64,A,90.4,เข้าได้ตามแผนหลัก แต่ยังต้องเคารพ SL และจังหวะเข้า,,91.0,124.39800995024873,False,,Trade Plan,,watch,ครบอายุ CDC เดิม แต่ตลาดยังลงต่อและราคายังไม่ไกลจากจุดเข้าใหม่,ยังไม่ชัด,low_conviction,AI ยังไม่มั่นใจพอ ควรรอดูเพิ่ม,0.20629081334659669,1.9025403896606667,-2.5,scored,ok,รอ,watch,ผ่านเกณฑ์ Watch monitor ใช้เฝ้าดูจังหวะต่อเนื่อง,premium_standard_v4,watch,watch,watch,watch,CDCVIX15,0.2680769040846366,0.21385274830606243,0.518070347609301,0.6,0.95,0.55,0.9,0.5,0.85,phase4_entry_quality_v4_utf_calibrated,v4_utf_v2,2026-06-18T12:10:15.151463Z,v4_utf_v2,v4_utf_v2,v4_utf_v2,0.0,scored,ok,Watch Only,watch,เป็นแผนเฝ้ารอจังหวะ ไม่ใช่ entry ทันที,-1.0,True,,,,,,,,,2.0269999504089355,1.949214254106794,,,None,SELL,92.0,ถือครบ 24 แท่งของแผน CDC แล้ว จึงปิดรอบเพื่อลดการยืดเยื้อ,218,15,2026-07-15 15:30:00,2026-07-17 21:56:48,2026-07-17 21:56:50,196008.0,2.392405,196010.392405,3266.8,3266.8398734166667,รอ,ราคาหนีจุดเข้า,ราคาห่าง entry 5.62% แล้ว จึงไม่ควรไล่ราคา,3.0,1.3,1.9661899518966675,16.0,False,66.0,63.3850686653685,61.69154228855721,1.5791805603255107,201.0,CDCVIX15|NEAR-USD|SELL|2026-07-15 15:30,"🔴 CDC+VixFix 15m SELL | NEAR-USD
NEAR-USD
────────────────
📍 Snapshot: ราคา 1.91 (+0.00%)
🧭 1H Trend: DOWN | STRONG | ActionZone 15m, Price Action 15m
🧪 Edge: Conf 91% | WR 61.7% | ExpRR 1.58 | Trades 201
🚦 สถานะ: 🟡 รอ
📝 Decision: ราคาห่างจากจุดเข้า 5.62% แล้ว ไม่ควรไล่ราคา
🎯 Action: ยังไม่เข้า รอราคาใกล้ entry zone หรือรอแท่งยืนยันเพิ่ม
⚠️ Note: ราคาห่างจากจุดเข้า 5.62% แล้ว ไม่ควรไล่ราคา
⏳ Hold Plan: ถือได้ประมาณ 6 ชม. (24 แท่ง 15m) ถ้าไม่ไปตามทางควรลดไม้หรือปิดรอบ
🧠 Context: Forecast SELL 92/100 | Trend ขาลง | R&gt;G 16/100 | flip 87 bars
📌 Plan: Entry 2.03 | SL 1.95 | TP1 1.95 | TP2 1.89
📏 Risk: Risk 3.34% | RR TP1 1.00R / TP2 1.80R
🧭 Level Source: actual+fallback
🤖 AI: ยังไม่ชัด | p(win) 21% | exp +1.90%
🧠 Entry AI: รอ | Watch | p(entry) 27% | p(avoid) 52%
📘 กติกาใช้งาน: รอ Watch เมื่อ p(entry) ยังไม่ถึง 80% หรือ p(avoid) ยังสูง | รอบนี้ 27% / 52%
🧭 หมวดเหตุผล: รอ ราคาหนีจุดเข้า
📝 เหตุผลใช้งาน: ราคาห่าง entry 5.62% แล้ว จึงไม่ควรไล่ราคา
🎯 Entry Window: Entry 2.027 | ใกล้ entry ไม่เกิน 3.00% | หรือ 1.30R
🏃 Max Chase: SELL ไม่ควรไล่ต่ำกว่า 1.96619
⏱️ อายุสัญญาณ: 218 แท่ง 15m | ~3270 นาที | 2026-07-15 15:30:00
────────────────
🕒 เวลา: 2026-07-17 21:56
📈 TradingView"
7736cb218395c30d,2026-07-18 11:51:50,DAILY_SUMMARY,,INFO,15m,64,C,60.3,"เข้าเมื่อเทรนด์ 1H, Forecast และ pattern ไม่ขัดกัน",,59.798994974874375,59.798994974874375,False,,,,,,,,,,,,,,,,,,,,,,,,,,,,,,,,,,,,,,,,,,,,,,,,,,,,,,,,,,,,,,,,,,2026-07-18 11:51:50,,,,,,,,,,,,,,66.0,63.00883146224619,59.798994974874375,1.5724494821075246,199.0,DAILYSUMMARY_EXEC|20260718,"Daily 09:00 Summary
⏱️ เวลา: 2026-07-18 11:51
🧭 ภาพรวม: regime TREND_DOWN | min conf 63.0% | cap/run 2 | daily pick 1
🧪 รอบล่าสุด: 2026-07-18 11:14:01 | raw 0 -> cand 0 -> sent 0
📤 สถานะส่ง: daily pick 0 | daily summary 0
🚫 เหตุที่ยังไม่ส่ง: candidate profile win rate below min 14, candidate profile confidence below min 4, trend radar watch intent filtered 3
📣 กิจกรรมล่าสุด: 5 alerts/1.0d | directional 4 | daily pick 0 | symbols 2 | last 2026-07-17 21:56:50
📊 Flow: intent watch 4 | tier watch 4 | strategy CDCVIX15 4, DAILY_SUMMARY 1
🗂️ สัญลักษณ์เด่น: NEAR-USD 3, DOGE-USD 1 | signal SELL 4, INFO 1
🎯 ผลงานจริง 45d: WR 59.8% | RR 1.57 | PnL 5.30% | settled 199 | alerts/day 5.4
📅 อัปเดตผลงาน: 2026-07-18 11:14:02
📌 ตัวเด่นตอนนี้: ยังไม่มี candidate ที่ผ่าน gate | เหตุหลัก candidate profile win rate below min 14, candidate profile confidence below min 4, trend radar watch intent filtered 3
🤖 ระบบ: ON | phase4_entry_quality_v5_3_clean_rerun_model.joblib | ver v4_utf_v2 | trained 2026-06-18T12:10:15.151463Z | promote CDCVIX15:premium|standard|watch;PA15:watch
🔁 Learning: feedback - ready | train - | calibration - | shadow -"
5eff4acec8e50a41,2026-07-18 21:31:54,AW15,LINK-USD,BUY,15m,64,A,85.5,เข้าได้ตามแผนหลัก แต่ยังต้องเคารพ SL และจังหวะเข้า,,98.0,114.4,False,,Trade Plan,,entry,"fresh_entry:d_pct=0.03616949212560495,d_r=0.024112994750403238",AI-Not-Scored,not_scored,strategy_out_of_scope:aw15,,,0.0,not_allowed,strategy_out_of_scope:aw15,ยังไม่ประเมิน,not_scored,strategy_out_of_scope:aw15,,,,,,,,,,,,,,,,,,,,,,0.0,not_allowed,strategy_out_of_scope:aw15,Premium Entry,premium_entry,"เทรนด์ตรง, RR ดี, สัญญาณสด และคุณภาพเข้าเด่น",5.0,True,,,,,,,,,8.295000076293945,8.170575075149536,,,None,BUY,92.0,"CDC ยังหนุนขาขึ้น, เพิ่งมี VixFix spike ฝั่ง panic low และโมเมนตัมเริ่มฟื้น",1,15,2026-07-18 21:30:00,2026-07-18 21:31:53,2026-07-18 21:31:54,113.0,1.817082,114.817082,1.8833333333333333,1.9136180333333332,เข้าได้,เข้าใกล้ entry zone,ราคาและโครงสร้างยังอยู่ในกรอบที่เข้าตามแผนได้,3.0,1.3,8.456752577781678,95.0,True,66.0,63.044070076697004,59.48717948717949,1.588907694121055,195.0,AW15|LINK-USD|BUY|TREND|2026-07-18 21:30,"🌦️ All-Weather BUY | LINK-USD
LINK-USD
🧠 Market Regime: TREND | Vol 0.27% | Trend Score 2.10
🤝 Confluence: CDCVixFix
⚖️ Side Selection: BUY 110.5 | Gap 110.5
🧪 Blended Edge: WR 59.5% | ExpRR 1.59 | Trades 195
────────────────
🧪 Edge: WR 59.5% | ExpRR 1.59 | Trades 195
🎯 สรุป: 🟢 เข้าได้
📝 เหตุผล: แผนยังใกล้จุดเข้าและมี SL/TP พร้อมใช้งาน
💵 ราคาปัจจุบัน: ราคา 8.29 (+0.00%) | Conf 98%
🧩 ชุดสัญญาณ: CDCVixFix
🧭 1H Trend: UP | STRONG | ActionZone 15m, Price Action 15m
👉 การทำต่อ: เข้าได้ตามสัญญาณหลัก ถ้ายังไม่มีสถานะสามารถเปิด BUY/Long ตามแผนได้
⚠️ หมายเหตุ: ถ้ามี Short เดิม ควรปิด Short ก่อนแล้วค่อยเปิด BUY
🧠 บริบท: CDC+VixFix 15m
📌 แผนเข้า: Entry 8.30 | SL 8.17 | TP1 8.42 | TP2 8.52
📏 ความเสี่ยง: Risk 1.23% | RR TP1 1.00R / TP2 1.80R
🧭 ระดับราคา: actual+fallback
🤖 AI: AI-Not-Scored | strategy_out_of_scope:aw15
🧠 Entry AI: ยังไม่ประเมิน | strategy_out_of_scope:aw15
🧭 หมวดเหตุผล: เข้าได้ เข้าใกล้ entry zone
📝 เหตุผลใช้งาน: ราคาและโครงสร้างยังอยู่ในกรอบที่เข้าตามแผนได้
🎯 Entry Window: Entry 8.295 | ใกล้ entry ไม่เกิน 3.00% | หรือ 1.30R
🏃 Max Chase: BUY ไม่ควรไล่สูงกว่า 8.456753
⏱️ อายุสัญญาณ: 1 แท่ง 15m | ~15 นาที | 2026-07-18 21:30:00
────────────────
🕒 เวลา: 2026-07-18 21:31
📈 TradingView"
f5c0082ec024ab41,2026-07-18 21:31:55,TRENDSTATE,BNB-USD,BUY,15m,64,A,90.0,เข้าได้ตามแผนหลัก แต่ยังต้องเคารพ SL และจังหวะเข้า,,86.5,86.5,False,2,Trade Plan,Trend State Alert,,,,,,,,,,,,,,,,,,,,,,,,,,,,,,,,,,,,,,,,,,,,,,,,,,,,,,,,,,1H UP STRONG | Regime TREND_UP | Consensus 2 sources,,,,,2026-07-18 21:31:55,,,,,,,,,,,,,,66.0,63.044070076697004,,,,TRENDSTATE|BNB-USD|TREND_UP_STRONG|TREND_UP|BASE,"🟢 Trend State | BNB-USD
BNB-USD
────────────────
💵 ราคาปัจจุบัน: ราคา 570.62 (+0.00%) | Conf 86%
🧩 ชุดสัญญาณ: Price Action 15m, CDC VixFix 15m
🧭 State: ขาขึ้นแรง | 1H UP | STRONG
🧠 บริบท: Symbol Regime TREND_UP | Market TREND_DOWN | Consensus 2
🤝 Sources: Price Action 15m | CDC VixFix 15m
⚠️ Note: เป็นการแจ้งสถานะเทรนด์ ไม่ใช่จุดเข้าเทรดทันที
────────────────
🕒 เวลา: 2026-07-18 21:31
📈 TradingView"
f6a4ade03fe06bf6,2026-07-19 12:25:12,DAILY_SUMMARY,,INFO,15m,64,D,53.8,ใช้ดูทิศทางก่อน รอแท่งยืนยันหรือระบบหลักตามซ้ำ,,57.67195767195767,57.67195767195767,False,,,,,,,,,,,,,,,,,,,,,,,,,,,,,,,,,,,,,,,,,,,,,,,,,,,,,,,,,,,,,,,,,,2026-07-19 12:25:12,,,,,,,,,,,,,,66.0,63.06752644730315,57.67195767195767,1.574851982013033,189.0,DAILYSUMMARY_EXEC|20260719,"Daily 09:00 Summary
⏱️ เวลา: 2026-07-19 12:25
🧭 ภาพรวม: regime TREND_DOWN | min conf 63.1% | cap/run 2 | daily pick 1
🧪 รอบล่าสุด: 2026-07-19 11:33:51 | raw 0 -> cand 0 -> sent 0
📤 สถานะส่ง: daily pick 0 | daily summary 0
🚫 เหตุที่ยังไม่ส่ง: candidate profile win rate below min 6, all weather no actionable subplans 5, candidate profile confidence below min 5
📣 กิจกรรมล่าสุด: 2 alerts/1.0d | directional 2 | daily pick 0 | symbols 2 | last 2026-07-18 21:31:55
📊 Flow: intent entry 1 | tier - | strategy AW15 1, TRENDSTATE 1
🗂️ สัญลักษณ์เด่น: BNB-USD 1, LINK-USD 1 | signal BUY 2
🎯 ผลงานจริง 45d: WR 57.7% | RR 1.57 | PnL 4.90% | settled 189 | alerts/day 5.0
📅 อัปเดตผลงาน: 2026-07-19 11:33:51
📌 ตัวเด่นตอนนี้: ยังไม่มี candidate ที่ผ่าน gate | เหตุหลัก candidate profile win rate below min 6, all weather no actionable subplans 5, candidate profile confidence below min 5
🤖 ระบบ: ON | phase4_entry_quality_v5_3_clean_rerun_model.joblib | promote CDCVIX15:premium|standard|watch;PA15:watch
🔁 Learning: feedback - ready | train - | calibration - | shadow -"
9aca4bf9cf95eeb8,2026-07-20 12:42:42,DAILY_SUMMARY,,INFO,15m,64,D,45.4,ใช้ดูทิศทางก่อน รอแท่งยืนยันหรือระบบหลักตามซ้ำ,,54.91329479768786,54.91329479768786,False,,,,,,,,,,,,,,,,,,,,,,,,,,,,,,,,,,,,,,,,,,,,,,,,,,,,,,,,,,,,,,,,,,2026-07-20 12:42:42,,,,,,,,,,,,,,66.0,64.51269938896161,54.91329479768786,0.7551898817217558,173.0,DAILYSUMMARY_EXEC|20260720,"Daily 09:00 Summary
⏱️ เวลา: 2026-07-20 12:42
🧭 ภาพรวม: regime RANGE_BALANCED | min conf 64.5% | cap/run 2 | daily pick 1
🧪 รอบล่าสุด: 2026-07-20 11:53:12 | raw 0 -> cand 0 -> sent 0
📤 สถานะส่ง: daily pick 0 | daily summary 0
🚫 เหตุที่ยังไม่ส่ง: all weather no actionable subplans 11, candidate win rate below min 5
📣 กิจกรรมล่าสุด: ยังไม่มี alert ในช่วง 1.0 วัน
🎯 ผลงานจริง 45d: WR 54.9% | RR 0.76 | PnL 3.44% | settled 173 | alerts/day 4.5
📅 อัปเดตผลงาน: 2026-07-20 11:53:12
📌 ตัวเด่นตอนนี้: ยังไม่มี candidate ที่ผ่าน gate | เหตุหลัก all weather no actionable subplans 11, candidate win rate below min 5
🤖 ระบบ: ON | phase4_entry_quality_v5_3_clean_rerun_model.joblib | promote CDCVIX15:premium|standard|watch;PA15:watch
🔁 Learning: feedback - ready | train - | calibration - | shadow -"
6af232a134ca9262,2026-07-21 12:23:28,DAILY_SUMMARY,,INFO,15m,64,D,40.0,ใช้ดูทิศทางก่อน รอแท่งยืนยันหรือระบบหลักตามซ้ำ,,52.5,52.5,False,,,,,,,,,,,,,,,,,,,,,,,,,,,,,,,,,,,,,,,,,,,,,,,,,,,,,,,,,,,,,,,,,,2026-07-21 12:23:28,,,,,,,,,,,,,,66.0,63.26414560228459,52.5,0.718026227003931,160.0,DAILYSUMMARY_EXEC|20260721,"Daily 09:00 Summary
⏱️ เวลา: 2026-07-21 12:23
🧭 ภาพรวม: regime TREND_DOWN | min conf 63.3% | cap/run 2 | daily pick 1
🧪 รอบล่าสุด: 2026-07-21 11:30:53 | raw 0 -> cand 0 -> sent 0
📤 สถานะส่ง: daily pick 0 | daily summary 0
🚫 เหตุที่ยังไม่ส่ง: all weather no actionable subplans 11, candidate win rate below min 11, trend radar watch intent filtered 1
📣 กิจกรรมล่าสุด: 1 alerts/1.0d | directional 0 | daily pick 0 | symbols 0 | last 2026-07-20 12:42:42
📊 Flow: intent - | tier - | strategy DAILY_SUMMARY 1
🗂️ สัญลักษณ์เด่น: - | signal INFO 1
🎯 ผลงานจริง 45d: WR 52.5% | RR 0.72 | PnL 2.09% | settled 160 | alerts/day 4.0
📅 อัปเดตผลงาน: 2026-07-21 11:30:53
📌 ตัวเด่นตอนนี้: ยังไม่มี candidate ที่ผ่าน gate | เหตุหลัก all weather no actionable subplans 11, candidate win rate below min 11, trend radar watch intent filtered 1
🤖 ระบบ: ON | phase4_entry_quality_v5_3_clean_rerun_model.joblib | promote CDCVIX15:premium|standard|watch;PA15:watch
🔁 Learning: feedback - ready | train - | calibration - | shadow -"
